ts,param,value,equity_end,profit_factor,max_dd,monotonicity,trades,elapsed_sec,yaml
2025-08-24T12:38:40,tp,3.25,66.853852,0.814173,-0.466117,-0.10243,84,10.227016925811768,tune_tmp/t1440_s1_rays_tp_3p25.yaml
2025-08-24T12:38:52,tp,3.3,71.533721,0.836602,-0.44882,-0.088968,83,11.929386854171753,tune_tmp/t1440_s1_rays_tp_3p3.yaml
2025-08-24T12:39:04,tp,3.35,71.906807,0.838686,-0.439358,-0.087733,83,11.41942548751831,tune_tmp/t1440_s1_rays_tp_3p35.yaml
2025-08-24T12:39:15,tp,3.4,114.804539,1.094989,-0.311507,0.045341,80,11.474719285964966,tune_tmp/t1440_s1_rays_tp_3p4.yaml
2025-08-24T12:39:28,tp,3.45,114.804539,1.094989,-0.311507,0.045341,80,13.251280784606934,tune_tmp/t1440_s1_rays_tp_3p45.yaml
2025-08-24T12:39:45,tp,3.5,50.982031,0.727621,-0.587661,-0.157661,84,17.15543842315674,tune_tmp/t1440_s1_rays_tp_3p5.yaml
2025-08-24T12:40:01,tp,3.55,41.307287,0.679025,-0.635222,-0.191167,83,15.775725603103638,tune_tmp/t1440_s1_rays_tp_3p55.yaml
2025-08-24T12:40:18,tp,3.6,98.979825,0.992442,-0.245864,-0.003793,67,16.774206399917603,tune_tmp/t1440_s1_rays_tp_3p6.yaml
2025-08-24T12:40:33,tp,3.65,99.929755,0.99926,-0.183111,-0.00037,47,14.796923875808716,tune_tmp/t1440_s1_rays_tp_3p65.yaml
2025-08-24T12:40:48,tp,3.7,56.194909,0.784192,-0.596622,-0.120956,94,15.082125663757324,tune_tmp/t1440_s1_rays_tp_3p7.yaml
2025-08-24T12:41:03,tp,3.75,96.599444,0.980379,-0.331062,-0.009907,89,14.980439186096191,tune_tmp/t1440_s1_rays_tp_3p75.yaml
2025-08-24T12:41:18,sl,1.02,43.385348,0.725447,-0.646286,-0.15912,94,15.27317500114441,tune_tmp/t1440_s2_rays_sl_1p02.yaml
2025-08-24T12:41:34,sl,1.04,47.23756,0.748634,-0.618347,-0.14375,97,15.696041584014893,tune_tmp/t1440_s2_rays_sl_1p04.yaml
2025-08-24T12:41:48,sl,1.06,46.129212,0.744702,-0.62743,-0.146328,97,14.016225099563599,tune_tmp/t1440_s2_rays_sl_1p06.yaml
2025-08-24T12:42:03,sl,1.08,114.804539,1.094989,-0.311507,0.045341,80,14.779332876205444,tune_tmp/t1440_s2_rays_sl_1p08.yaml
2025-08-24T12:42:18,sl,1.1,104.812461,1.031413,-0.345468,0.015463,76,15.452671527862549,tune_tmp/t1440_s2_rays_sl_1p1.yaml
2025-08-24T12:42:33,sl,1.12,105.893902,1.039104,-0.330652,0.019177,74,14.530313491821289,tune_tmp/t1440_s2_rays_sl_1p12.yaml
2025-08-24T12:42:48,min-mom,0.0,114.804539,1.094989,-0.311507,0.045341,80,15.34973955154419,tune_tmp/t1440_s3_rays_min-mom_0p0.yaml
2025-08-24T12:43:03,min-mom,0.019,79.714312,0.884819,-0.395005,-0.06111,86,15.232104301452637,tune_tmp/t1440_s3_rays_min-mom_0p019.yaml
2025-08-24T12:43:19,min-mom,0.02,79.714312,0.884819,-0.395005,-0.06111,86,15.69804859161377,tune_tmp/t1440_s3_rays_min-mom_0p02.yaml
2025-08-24T12:43:35,min-mom,0.021,79.714312,0.884819,-0.395005,-0.06111,86,15.559414863586426,tune_tmp/t1440_s3_rays_min-mom_0p021.yaml
2025-08-24T12:43:49,min-mom,0.022,102.531455,1.014631,-0.336376,0.007262,88,14.359596967697144,tune_tmp/t1440_s3_rays_min-mom_0p022.yaml
2025-08-24T12:44:06,min-mom,0.023,102.531455,1.014631,-0.336376,0.007262,88,17.314341068267822,tune_tmp/t1440_s3_rays_min-mom_0p023.yaml
2025-08-24T12:44:22,min-mom,0.024,102.531455,1.014631,-0.336376,0.007262,88,16.037328481674194,tune_tmp/t1440_s3_rays_min-mom_0p024.yaml
2025-08-24T12:44:37,min-atr,0.0,114.804539,1.094989,-0.311507,0.045341,80,14.844775199890137,tune_tmp/t1440_s4_rays_min-atr_0p0.yaml
2025-08-24T12:44:51,min-atr,0.0005,114.804539,1.094989,-0.311507,0.045341,80,13.461964130401611,tune_tmp/t1440_s4_rays_min-atr_0p0005.yaml
2025-08-24T12:45:06,min-atr,0.0008,114.804539,1.094989,-0.311507,0.045341,80,15.726890563964844,tune_tmp/t1440_s4_rays_min-atr_0p0008.yaml
2025-08-24T12:45:23,min-atr,0.001,114.804539,1.094989,-0.311507,0.045341,80,17.080344200134277,tune_tmp/t1440_s4_rays_min-atr_0p001.yaml
2025-08-24T12:45:38,min-atr,0.0012,114.804539,1.094989,-0.311507,0.045341,80,14.595011234283447,tune_tmp/t1440_s4_rays_min-atr_0p0012.yaml
2025-08-24T12:45:53,side,LONG,114.804539,1.094989,-0.311507,0.045341,80,15.024528980255127,tune_tmp/t1440_s5_rays_side_LONG.yaml
2025-08-24T12:46:09,side,BOTH,114.804539,1.094989,-0.311507,0.045341,80,16.36117124557495,tune_tmp/t1440_s5_rays_side_BOTH.yaml
2025-08-24T12:46:29,top-n,10,114.804539,1.094989,-0.311507,0.045341,80,19.1887366771698,tune_tmp/t1440_s6_rays_top-n_10.yaml
2025-08-24T12:46:47,top-n,12,114.804539,1.094989,-0.311507,0.045341,80,17.9093599319458,tune_tmp/t1440_s6_rays_top-n_12.yaml
2025-08-24T12:47:05,top-n,14,114.804539,1.094989,-0.311507,0.045341,80,18.385783195495605,tune_tmp/t1440_s6_rays_top-n_14.yaml
2025-08-24T12:47:22,top-n,16,114.804539,1.094989,-0.311507,0.045341,80,16.51699209213257,tune_tmp/t1440_s6_rays_top-n_16.yaml
2025-08-24T12:47:39,position_notional,70.0,107.971675,1.094989,-0.205432,0.045341,80,17.079994678497314,tune_tmp/t1440_s7_rays_position_notional_70p0.yaml
2025-08-24T12:47:57,position_notional,80.0,109.110486,1.094989,-0.226303,0.045341,80,18.468793153762817,tune_tmp/t1440_s7_rays_position_notional_80p0.yaml
2025-08-24T12:48:15,position_notional,90.0,110.249296,1.094989,-0.245719,0.045341,80,17.734710931777954,tune_tmp/t1440_s7_rays_position_notional_90p0.yaml
2025-08-24T12:48:32,position_notional,100.0,111.388107,1.094989,-0.263827,0.045341,80,16.78784990310669,tune_tmp/t1440_s7_rays_position_notional_100p0.yaml
2025-08-24T12:48:45,position_notional,110.0,112.526918,1.094989,-0.280756,0.045341,80,13.238566398620605,tune_tmp/t1440_s7_rays_position_notional_110p0.yaml
2025-08-24T12:48:59,position_notional,120.0,113.665728,1.094989,-0.296617,0.045341,80,14.280869960784912,tune_tmp/t1440_s7_rays_position_notional_120p0.yaml
2025-08-24T12:49:14,position_notional,130.0,114.804539,1.094989,-0.311507,0.045341,80,15.084619283676147,tune_tmp/t1440_s7_rays_position_notional_130p0.yaml
2025-08-24T12:49:27,tp|sl|min-mom|min-atr|position_notional|top-n,3.38|1.06|0.0|0.0|120.0|8.0,50.273119,0.744702,-0.587321,-0.146328,97,13.222544431686401,tune_tmp/t1440_s8_grid_grid_3p38_1p06_0p0_0p0_120p0_8p0.yaml
2025-08-24T12:49:41,tp|sl|min-mom|min-atr|position_notional|top-n,3.38|1.06|0.0|0.0|120.0|10.0,50.273119,0.744702,-0.587321,-0.146328,97,13.828023433685303,tune_tmp/t1440_s8_grid_grid_3p38_1p06_0p0_0p0_120p0_10p0.yaml
2025-08-24T12:49:55,tp|sl|min-mom|min-atr|position_notional|top-n,3.38|1.06|0.0|0.0|120.0|12.0,50.273119,0.744702,-0.587321,-0.146328,97,13.882707834243774,tune_tmp/t1440_s8_grid_grid_3p38_1p06_0p0_0p0_120p0_12p0.yaml
2025-08-24T12:50:12,tp|sl|min-mom|min-atr|position_notional|top-n,3.38|1.06|0.0|0.0|130.0|8.0,46.129212,0.744702,-0.62743,-0.146328,97,16.315282344818115,tune_tmp/t1440_s8_grid_grid_3p38_1p06_0p0_0p0_130p0_8p0.yaml
2025-08-24T12:50:27,tp|sl|min-mom|min-atr|position_notional|top-n,3.38|1.06|0.0|0.0|130.0|10.0,46.129212,0.744702,-0.62743,-0.146328,97,15.673308610916138,tune_tmp/t1440_s8_grid_grid_3p38_1p06_0p0_0p0_130p0_10p0.yaml
2025-08-24T12:50:42,tp|sl|min-mom|min-atr|position_notional|top-n,3.38|1.06|0.0|0.0|130.0|12.0,46.129212,0.744702,-0.62743,-0.146328,97,15.008588314056396,tune_tmp/t1440_s8_grid_grid_3p38_1p06_0p0_0p0_130p0_12p0.yaml
2025-08-24T12:50:57,tp|sl|min-mom|min-atr|position_notional|top-n,3.38|1.06|0.0|0.0|140.0|8.0,41.985305,0.744702,-0.666441,-0.146328,97,14.943249702453613,tune_tmp/t1440_s8_grid_grid_3p38_1p06_0p0_0p0_140p0_8p0.yaml
2025-08-24T12:51:14,tp|sl|min-mom|min-atr|position_notional|top-n,3.38|1.06|0.0|0.0|140.0|10.0,41.985305,0.744702,-0.666441,-0.146328,97,16.880422115325928,tune_tmp/t1440_s8_grid_grid_3p38_1p06_0p0_0p0_140p0_10p0.yaml
2025-08-24T12:51:29,tp|sl|min-mom|min-atr|position_notional|top-n,3.38|1.06|0.0|0.0|140.0|12.0,41.985305,0.744702,-0.666441,-0.146328,97,15.082592725753784,tune_tmp/t1440_s8_grid_grid_3p38_1p06_0p0_0p0_140p0_12p0.yaml
2025-08-24T12:51:44,tp|sl|min-mom|min-atr|position_notional|top-n,3.38|1.06|0.0|0.0002|120.0|8.0,50.273119,0.744702,-0.587321,-0.146328,97,14.931828498840332,tune_tmp/t1440_s8_grid_grid_3p38_1p06_0p0_0p0002_120p0_8p0.yaml
2025-08-24T12:52:00,tp|sl|min-mom|min-atr|position_notional|top-n,3.38|1.06|0.0|0.0002|120.0|10.0,50.273119,0.744702,-0.587321,-0.146328,97,16.362072944641113,tune_tmp/t1440_s8_grid_grid_3p38_1p06_0p0_0p0002_120p0_10p0.yaml
2025-08-24T12:52:18,tp|sl|min-mom|min-atr|position_notional|top-n,3.38|1.06|0.0|0.0002|120.0|12.0,50.273119,0.744702,-0.587321,-0.146328,97,17.3074893951416,tune_tmp/t1440_s8_grid_grid_3p38_1p06_0p0_0p0002_120p0_12p0.yaml
2025-08-24T12:52:32,tp|sl|min-mom|min-atr|position_notional|top-n,3.38|1.06|0.0|0.0002|130.0|8.0,46.129212,0.744702,-0.62743,-0.146328,97,14.722715377807617,tune_tmp/t1440_s8_grid_grid_3p38_1p06_0p0_0p0002_130p0_8p0.yaml
2025-08-24T12:52:47,tp|sl|min-mom|min-atr|position_notional|top-n,3.38|1.06|0.0|0.0002|130.0|10.0,46.129212,0.744702,-0.62743,-0.146328,97,14.069010019302368,tune_tmp/t1440_s8_grid_grid_3p38_1p06_0p0_0p0002_130p0_10p0.yaml
2025-08-24T12:53:01,tp|sl|min-mom|min-atr|position_notional|top-n,3.38|1.06|0.0|0.0002|130.0|12.0,46.129212,0.744702,-0.62743,-0.146328,97,14.608314752578735,tune_tmp/t1440_s8_grid_grid_3p38_1p06_0p0_0p0002_130p0_12p0.yaml
2025-08-24T12:53:16,tp|sl|min-mom|min-atr|position_notional|top-n,3.38|1.06|0.0|0.0002|140.0|8.0,41.985305,0.744702,-0.666441,-0.146328,97,15.003791093826294,tune_tmp/t1440_s8_grid_grid_3p38_1p06_0p0_0p0002_140p0_8p0.yaml
2025-08-24T12:53:32,tp|sl|min-mom|min-atr|position_notional|top-n,3.38|1.06|0.0|0.0002|140.0|10.0,41.985305,0.744702,-0.666441,-0.146328,97,15.33309030532837,tune_tmp/t1440_s8_grid_grid_3p38_1p06_0p0_0p0002_140p0_10p0.yaml
2025-08-24T12:53:46,tp|sl|min-mom|min-atr|position_notional|top-n,3.38|1.06|0.0|0.0002|140.0|12.0,41.985305,0.744702,-0.666441,-0.146328,97,14.674493789672852,tune_tmp/t1440_s8_grid_grid_3p38_1p06_0p0_0p0002_140p0_12p0.yaml
2025-08-24T12:54:00,tp|sl|min-mom|min-atr|position_notional|top-n,3.38|1.06|0.001|0.0|120.0|8.0,50.273119,0.744702,-0.587321,-0.146328,97,13.987316846847534,tune_tmp/t1440_s8_grid_grid_3p38_1p06_0p001_0p0_120p0_8p0.yaml
2025-08-24T12:54:14,tp|sl|min-mom|min-atr|position_notional|top-n,3.38|1.06|0.001|0.0|120.0|10.0,50.273119,0.744702,-0.587321,-0.146328,97,13.553808689117432,tune_tmp/t1440_s8_grid_grid_3p38_1p06_0p001_0p0_120p0_10p0.yaml
2025-08-24T12:54:27,tp|sl|min-mom|min-atr|position_notional|top-n,3.38|1.06|0.001|0.0|120.0|12.0,50.273119,0.744702,-0.587321,-0.146328,97,12.806381464004517,tune_tmp/t1440_s8_grid_grid_3p38_1p06_0p001_0p0_120p0_12p0.yaml
2025-08-24T12:54:40,tp|sl|min-mom|min-atr|position_notional|top-n,3.38|1.06|0.001|0.0|130.0|8.0,46.129212,0.744702,-0.62743,-0.146328,97,13.147774696350098,tune_tmp/t1440_s8_grid_grid_3p38_1p06_0p001_0p0_130p0_8p0.yaml
2025-08-24T12:54:53,tp|sl|min-mom|min-atr|position_notional|top-n,3.38|1.06|0.001|0.0|130.0|10.0,46.129212,0.744702,-0.62743,-0.146328,97,12.78715443611145,tune_tmp/t1440_s8_grid_grid_3p38_1p06_0p001_0p0_130p0_10p0.yaml
2025-08-24T12:55:08,tp|sl|min-mom|min-atr|position_notional|top-n,3.38|1.06|0.001|0.0|130.0|12.0,46.129212,0.744702,-0.62743,-0.146328,97,15.822802066802979,tune_tmp/t1440_s8_grid_grid_3p38_1p06_0p001_0p0_130p0_12p0.yaml
2025-08-24T12:55:23,tp|sl|min-mom|min-atr|position_notional|top-n,3.38|1.06|0.001|0.0|140.0|8.0,41.985305,0.744702,-0.666441,-0.146328,97,14.611266851425171,tune_tmp/t1440_s8_grid_grid_3p38_1p06_0p001_0p0_140p0_8p0.yaml
2025-08-24T12:55:37,tp|sl|min-mom|min-atr|position_notional|top-n,3.38|1.06|0.001|0.0|140.0|10.0,41.985305,0.744702,-0.666441,-0.146328,97,14.258897304534912,tune_tmp/t1440_s8_grid_grid_3p38_1p06_0p001_0p0_140p0_10p0.yaml
2025-08-24T12:55:54,tp|sl|min-mom|min-atr|position_notional|top-n,3.38|1.06|0.001|0.0|140.0|12.0,41.985305,0.744702,-0.666441,-0.146328,97,16.652681350708008,tune_tmp/t1440_s8_grid_grid_3p38_1p06_0p001_0p0_140p0_12p0.yaml
2025-08-24T12:56:10,tp|sl|min-mom|min-atr|position_notional|top-n,3.38|1.06|0.001|0.0002|120.0|8.0,50.273119,0.744702,-0.587321,-0.146328,97,16.378292083740234,tune_tmp/t1440_s8_grid_grid_3p38_1p06_0p001_0p0002_120p0_8p0.yaml
2025-08-24T12:56:25,tp|sl|min-mom|min-atr|position_notional|top-n,3.38|1.06|0.001|0.0002|120.0|10.0,50.273119,0.744702,-0.587321,-0.146328,97,14.730834007263184,tune_tmp/t1440_s8_grid_grid_3p38_1p06_0p001_0p0002_120p0_10p0.yaml
2025-08-24T12:56:39,tp|sl|min-mom|min-atr|position_notional|top-n,3.38|1.06|0.001|0.0002|120.0|12.0,50.273119,0.744702,-0.587321,-0.146328,97,14.247596502304077,tune_tmp/t1440_s8_grid_grid_3p38_1p06_0p001_0p0002_120p0_12p0.yaml
2025-08-24T12:56:55,tp|sl|min-mom|min-atr|position_notional|top-n,3.38|1.06|0.001|0.0002|130.0|8.0,46.129212,0.744702,-0.62743,-0.146328,97,15.267333507537842,tune_tmp/t1440_s8_grid_grid_3p38_1p06_0p001_0p0002_130p0_8p0.yaml
2025-08-24T12:57:11,tp|sl|min-mom|min-atr|position_notional|top-n,3.38|1.06|0.001|0.0002|130.0|10.0,46.129212,0.744702,-0.62743,-0.146328,97,16.62587022781372,tune_tmp/t1440_s8_grid_grid_3p38_1p06_0p001_0p0002_130p0_10p0.yaml
2025-08-24T12:57:27,tp|sl|min-mom|min-atr|position_notional|top-n,3.38|1.06|0.001|0.0002|130.0|12.0,46.129212,0.744702,-0.62743,-0.146328,97,15.835132837295532,tune_tmp/t1440_s8_grid_grid_3p38_1p06_0p001_0p0002_130p0_12p0.yaml
2025-08-24T12:57:43,tp|sl|min-mom|min-atr|position_notional|top-n,3.38|1.06|0.001|0.0002|140.0|8.0,41.985305,0.744702,-0.666441,-0.146328,97,15.50540018081665,tune_tmp/t1440_s8_grid_grid_3p38_1p06_0p001_0p0002_140p0_8p0.yaml
2025-08-24T12:57:58,tp|sl|min-mom|min-atr|position_notional|top-n,3.38|1.06|0.001|0.0002|140.0|10.0,41.985305,0.744702,-0.666441,-0.146328,97,15.234718084335327,tune_tmp/t1440_s8_grid_grid_3p38_1p06_0p001_0p0002_140p0_10p0.yaml
2025-08-24T12:58:14,tp|sl|min-mom|min-atr|position_notional|top-n,3.38|1.06|0.001|0.0002|140.0|12.0,41.985305,0.744702,-0.666441,-0.146328,97,16.567103385925293,tune_tmp/t1440_s8_grid_grid_3p38_1p06_0p001_0p0002_140p0_12p0.yaml
2025-08-24T12:58:30,tp|sl|min-mom|min-atr|position_notional|top-n,3.38|1.08|0.0|0.0|120.0|8.0,74.509589,0.842002,-0.410923,-0.085775,83,16.169437885284424,tune_tmp/t1440_s8_grid_grid_3p38_1p08_0p0_0p0_120p0_8p0.yaml
2025-08-24T12:58:45,tp|sl|min-mom|min-atr|position_notional|top-n,3.38|1.08|0.0|0.0|120.0|10.0,74.509589,0.842002,-0.410923,-0.085775,83,14.699651718139648,tune_tmp/t1440_s8_grid_grid_3p38_1p08_0p0_0p0_120p0_10p0.yaml
2025-08-24T12:59:01,tp|sl|min-mom|min-atr|position_notional|top-n,3.38|1.08|0.0|0.0|120.0|12.0,74.509589,0.842002,-0.410923,-0.085775,83,15.306291341781616,tune_tmp/t1440_s8_grid_grid_3p38_1p08_0p0_0p0_120p0_12p0.yaml
2025-08-24T12:59:17,tp|sl|min-mom|min-atr|position_notional|top-n,3.38|1.08|0.0|0.0|130.0|8.0,72.385388,0.842002,-0.437713,-0.085775,83,16.111380100250244,tune_tmp/t1440_s8_grid_grid_3p38_1p08_0p0_0p0_130p0_8p0.yaml
2025-08-24T12:59:32,tp|sl|min-mom|min-atr|position_notional|top-n,3.38|1.08|0.0|0.0|130.0|10.0,72.385388,0.842002,-0.437713,-0.085775,83,15.285838603973389,tune_tmp/t1440_s8_grid_grid_3p38_1p08_0p0_0p0_130p0_10p0.yaml
2025-08-24T12:59:46,tp|sl|min-mom|min-atr|position_notional|top-n,3.38|1.08|0.0|0.0|130.0|12.0,72.385388,0.842002,-0.437713,-0.085775,83,14.221978187561035,tune_tmp/t1440_s8_grid_grid_3p38_1p08_0p0_0p0_130p0_12p0.yaml
2025-08-24T13:00:01,tp|sl|min-mom|min-atr|position_notional|top-n,3.38|1.08|0.0|0.0|140.0|8.0,70.261187,0.842002,-0.463621,-0.085775,83,14.698471069335938,tune_tmp/t1440_s8_grid_grid_3p38_1p08_0p0_0p0_140p0_8p0.yaml
2025-08-24T13:00:19,tp|sl|min-mom|min-atr|position_notional|top-n,3.38|1.08|0.0|0.0|140.0|10.0,70.261187,0.842002,-0.463621,-0.085775,83,17.98541522026062,tune_tmp/t1440_s8_grid_grid_3p38_1p08_0p0_0p0_140p0_10p0.yaml
2025-08-24T13:00:35,tp|sl|min-mom|min-atr|position_notional|top-n,3.38|1.08|0.0|0.0|140.0|12.0,70.261187,0.842002,-0.463621,-0.085775,83,15.87539029121399,tune_tmp/t1440_s8_grid_grid_3p38_1p08_0p0_0p0_140p0_12p0.yaml
2025-08-24T13:00:50,tp|sl|min-mom|min-atr|position_notional|top-n,3.38|1.08|0.0|0.0002|120.0|8.0,74.509589,0.842002,-0.410923,-0.085775,83,15.706458330154419,tune_tmp/t1440_s8_grid_grid_3p38_1p08_0p0_0p0002_120p0_8p0.yaml
2025-08-24T13:01:08,tp|sl|min-mom|min-atr|position_notional|top-n,3.38|1.08|0.0|0.0002|120.0|10.0,74.509589,0.842002,-0.410923,-0.085775,83,17.961243152618408,tune_tmp/t1440_s8_grid_grid_3p38_1p08_0p0_0p0002_120p0_10p0.yaml
2025-08-24T13:01:24,tp|sl|min-mom|min-atr|position_notional|top-n,3.38|1.08|0.0|0.0002|120.0|12.0,74.509589,0.842002,-0.410923,-0.085775,83,16.065746307373047,tune_tmp/t1440_s8_grid_grid_3p38_1p08_0p0_0p0002_120p0_12p0.yaml
2025-08-24T13:01:40,tp|sl|min-mom|min-atr|position_notional|top-n,3.38|1.08|0.0|0.0002|130.0|8.0,72.385388,0.842002,-0.437713,-0.085775,83,15.989146947860718,tune_tmp/t1440_s8_grid_grid_3p38_1p08_0p0_0p0002_130p0_8p0.yaml
2025-08-24T13:01:56,tp|sl|min-mom|min-atr|position_notional|top-n,3.38|1.08|0.0|0.0002|130.0|10.0,72.385388,0.842002,-0.437713,-0.085775,83,16.0067036151886,tune_tmp/t1440_s8_grid_grid_3p38_1p08_0p0_0p0002_130p0_10p0.yaml
2025-08-24T13:06:35,tp,3.25,44.154038,0.611373,-0.624244,-0.241177,79,14.836004257202148,tune_tmp/t1440_s1_rays_tp_3p25.yaml
2025-08-24T13:06:46,tp,3.3,39.920874,0.585356,-0.660443,-0.261546,80,11.095553874969482,tune_tmp/t1440_s1_rays_tp_3p3.yaml
2025-08-24T13:06:59,tp,3.35,39.920874,0.585356,-0.660443,-0.261546,80,12.92151165008545,tune_tmp/t1440_s1_rays_tp_3p35.yaml
2025-08-24T13:07:15,tp,3.4,27.811125,0.532431,-0.763996,-0.305116,85,15.743285655975342,tune_tmp/t1440_s1_rays_tp_3p4.yaml
2025-08-24T13:07:29,tp,3.45,27.852957,0.533444,-0.763639,-0.304253,85,14.380634307861328,tune_tmp/t1440_s1_rays_tp_3p45.yaml
2025-08-24T13:07:45,tp,3.5,30.874195,0.538111,-0.737803,-0.300296,81,15.28334093093872,tune_tmp/t1440_s1_rays_tp_3p5.yaml
2025-08-24T13:08:00,tp,3.55,15.285096,0.454452,-0.859484,-0.375088,81,15.607089281082153,tune_tmp/t1440_s1_rays_tp_3p55.yaml
2025-08-24T13:08:16,tp,3.6,71.815718,0.770999,-0.54456,-0.129306,75,15.539940118789673,tune_tmp/t1440_s1_rays_tp_3p6.yaml
2025-08-24T13:08:30,tp,3.65,56.402387,0.543402,-0.54456,-0.295838,53,14.219684839248657,tune_tmp/t1440_s1_rays_tp_3p65.yaml
2025-08-24T13:08:44,tp,3.7,70.240299,0.789782,-0.354282,-0.117454,87,13.847792148590088,tune_tmp/t1440_s1_rays_tp_3p7.yaml
2025-08-24T13:08:57,tp,3.75,81.83794,0.860913,-0.258212,-0.074741,85,12.945591926574707,tune_tmp/t1440_s1_rays_tp_3p75.yaml
2025-08-24T13:09:12,sl,1.02,-2.050133,0.375826,-1.018867,-0.453673,85,15.003967523574829,tune_tmp/t1440_s2_rays_sl_1p02.yaml
2025-08-24T13:09:28,sl,1.04,87.544748,0.908889,-0.296922,-0.04773,89,15.633501291275024,tune_tmp/t1440_s2_rays_sl_1p04.yaml
2025-08-24T13:09:43,sl,1.06,87.544748,0.908889,-0.296922,-0.04773,89,15.20416808128357,tune_tmp/t1440_s2_rays_sl_1p06.yaml
2025-08-24T13:09:58,sl,1.08,81.83794,0.860913,-0.258212,-0.074741,85,14.731189489364624,tune_tmp/t1440_s2_rays_sl_1p08.yaml
2025-08-24T13:10:13,sl,1.1,90.877339,0.930403,-0.235303,-0.036053,87,15.495593547821045,tune_tmp/t1440_s2_rays_sl_1p1.yaml
2025-08-24T13:10:28,sl,1.12,97.893042,0.98362,-0.214416,-0.008258,84,15.279121160507202,tune_tmp/t1440_s2_rays_sl_1p12.yaml
2025-08-24T13:10:43,min-mom,0.0,97.893042,0.98362,-0.214416,-0.008258,84,14.384191989898682,tune_tmp/t1440_s3_rays_min-mom_0p0.yaml
2025-08-24T13:10:58,min-mom,0.019,89.091038,0.920954,-0.249404,-0.041149,90,14.77462100982666,tune_tmp/t1440_s3_rays_min-mom_0p019.yaml
2025-08-24T13:11:15,min-mom,0.02,75.837205,0.816069,-0.361068,-0.10128,82,17.039794445037842,tune_tmp/t1440_s3_rays_min-mom_0p02.yaml
2025-08-24T13:11:31,min-mom,0.021,75.837205,0.816069,-0.361068,-0.10128,82,16.04268980026245,tune_tmp/t1440_s3_rays_min-mom_0p021.yaml
2025-08-24T13:11:46,min-mom,0.022,75.837205,0.816069,-0.361068,-0.10128,82,15.431153535842896,tune_tmp/t1440_s3_rays_min-mom_0p022.yaml
2025-08-24T13:12:01,min-mom,0.023,75.837205,0.816069,-0.361068,-0.10128,82,14.803567886352539,tune_tmp/t1440_s3_rays_min-mom_0p023.yaml
2025-08-24T13:12:17,min-mom,0.024,75.837205,0.816069,-0.361068,-0.10128,82,16.584113359451294,tune_tmp/t1440_s3_rays_min-mom_0p024.yaml
2025-08-24T13:12:33,min-atr,0.0,97.893042,0.98362,-0.214416,-0.008258,84,16.006736516952515,tune_tmp/t1440_s4_rays_min-atr_0p0.yaml
2025-08-24T13:12:49,min-atr,0.0005,97.893042,0.98362,-0.214416,-0.008258,84,15.062694549560547,tune_tmp/t1440_s4_rays_min-atr_0p0005.yaml
2025-08-24T13:13:04,min-atr,0.0008,97.893042,0.98362,-0.214416,-0.008258,84,15.273839950561523,tune_tmp/t1440_s4_rays_min-atr_0p0008.yaml
2025-08-24T13:13:18,min-atr,0.001,97.893042,0.98362,-0.214416,-0.008258,84,14.322367429733276,tune_tmp/t1440_s4_rays_min-atr_0p001.yaml
2025-08-24T13:13:32,min-atr,0.0012,97.893042,0.98362,-0.214416,-0.008258,84,14.262858629226685,tune_tmp/t1440_s4_rays_min-atr_0p0012.yaml
2025-08-24T13:13:47,side,LONG,97.893042,0.98362,-0.214416,-0.008258,84,14.295455932617188,tune_tmp/t1440_s5_rays_side_LONG.yaml
2025-08-24T13:14:00,side,BOTH,97.893042,0.98362,-0.214416,-0.008258,84,13.747226476669312,tune_tmp/t1440_s5_rays_side_BOTH.yaml
2025-08-24T13:14:16,top-n,10,97.893042,0.98362,-0.214416,-0.008258,84,15.283843040466309,tune_tmp/t1440_s6_rays_top-n_10.yaml
2025-08-24T13:14:31,top-n,12,97.893042,0.98362,-0.214416,-0.008258,84,15.236260890960693,tune_tmp/t1440_s6_rays_top-n_12.yaml
2025-08-24T13:14:46,top-n,14,97.893042,0.98362,-0.214416,-0.008258,84,15.27470350265503,tune_tmp/t1440_s6_rays_top-n_14.yaml
2025-08-24T13:15:00,top-n,16,97.893042,0.98362,-0.214416,-0.008258,84,13.265161514282227,tune_tmp/t1440_s6_rays_top-n_16.yaml
2025-08-24T13:15:15,position_notional,70.0,98.525129,0.98362,-0.159545,-0.008258,84,15.703548431396484,tune_tmp/t1440_s7_rays_position_notional_70p0.yaml
2025-08-24T13:15:29,position_notional,80.0,98.314434,0.98362,-0.178587,-0.008258,84,13.867475748062134,tune_tmp/t1440_s7_rays_position_notional_80p0.yaml
2025-08-24T13:15:43,position_notional,90.0,98.103738,0.98362,-0.196863,-0.008258,84,13.533250570297241,tune_tmp/t1440_s7_rays_position_notional_90p0.yaml
2025-08-24T13:15:58,position_notional,100.0,97.893042,0.98362,-0.214416,-0.008258,84,14.969278573989868,tune_tmp/t1440_s7_rays_position_notional_100p0.yaml
2025-08-24T13:16:14,position_notional,110.0,97.682346,0.98362,-0.23129,-0.008258,84,16.359603881835938,tune_tmp/t1440_s7_rays_position_notional_110p0.yaml
2025-08-24T13:16:30,position_notional,120.0,97.471651,0.98362,-0.247522,-0.008258,84,15.62431001663208,tune_tmp/t1440_s7_rays_position_notional_120p0.yaml
2025-08-24T13:16:44,position_notional,130.0,97.260955,0.98362,-0.263149,-0.008258,84,13.843499183654785,tune_tmp/t1440_s7_rays_position_notional_130p0.yaml
2025-08-24T13:16:59,tp|sl|min-mom|min-atr|position_notional|top-n,3.73|1.1|0.0|0.0|60.0|8.0,94.526403,0.930403,-0.150741,-0.036053,87,15.122610330581665,tune_tmp/t1440_s8_grid_grid_3p73_1p1_0p0_0p0_60p0_8p0.yaml
2025-08-24T13:17:14,tp|sl|min-mom|min-atr|position_notional|top-n,3.73|1.1|0.0|0.0|60.0|10.0,94.526403,0.930403,-0.150741,-0.036053,87,15.847414493560791,tune_tmp/t1440_s8_grid_grid_3p73_1p1_0p0_0p0_60p0_10p0.yaml
2025-08-24T13:17:30,tp|sl|min-mom|min-atr|position_notional|top-n,3.73|1.1|0.0|0.0|60.0|12.0,94.526403,0.930403,-0.150741,-0.036053,87,15.73189401626587,tune_tmp/t1440_s8_grid_grid_3p73_1p1_0p0_0p0_60p0_12p0.yaml
2025-08-24T13:17:46,tp|sl|min-mom|min-atr|position_notional|top-n,3.73|1.1|0.0|0.0|70.0|8.0,93.614137,0.930403,-0.172938,-0.036053,87,15.375147581100464,tune_tmp/t1440_s8_grid_grid_3p73_1p1_0p0_0p0_70p0_8p0.yaml
2025-08-24T13:18:00,tp|sl|min-mom|min-atr|position_notional|top-n,3.73|1.1|0.0|0.0|70.0|10.0,93.614137,0.930403,-0.172938,-0.036053,87,14.41477656364441,tune_tmp/t1440_s8_grid_grid_3p73_1p1_0p0_0p0_70p0_10p0.yaml
2025-08-24T13:18:16,tp|sl|min-mom|min-atr|position_notional|top-n,3.73|1.1|0.0|0.0|70.0|12.0,93.614137,0.930403,-0.172938,-0.036053,87,15.948158264160156,tune_tmp/t1440_s8_grid_grid_3p73_1p1_0p0_0p0_70p0_12p0.yaml
2025-08-24T13:18:30,tp|sl|min-mom|min-atr|position_notional|top-n,3.73|1.1|0.0|0.0|80.0|8.0,92.701871,0.930403,-0.194407,-0.036053,87,14.170940637588501,tune_tmp/t1440_s8_grid_grid_3p73_1p1_0p0_0p0_80p0_8p0.yaml
2025-08-24T13:18:44,tp|sl|min-mom|min-atr|position_notional|top-n,3.73|1.1|0.0|0.0|80.0|10.0,92.701871,0.930403,-0.194407,-0.036053,87,14.299295425415039,tune_tmp/t1440_s8_grid_grid_3p73_1p1_0p0_0p0_80p0_10p0.yaml
2025-08-24T13:18:58,tp|sl|min-mom|min-atr|position_notional|top-n,3.73|1.1|0.0|0.0|80.0|12.0,92.701871,0.930403,-0.194407,-0.036053,87,13.96541690826416,tune_tmp/t1440_s8_grid_grid_3p73_1p1_0p0_0p0_80p0_12p0.yaml
2025-08-24T13:19:13,tp|sl|min-mom|min-atr|position_notional|top-n,3.73|1.1|0.0|0.0002|60.0|8.0,94.526403,0.930403,-0.150741,-0.036053,87,14.499496459960938,tune_tmp/t1440_s8_grid_grid_3p73_1p1_0p0_0p0002_60p0_8p0.yaml
2025-08-24T13:19:28,tp|sl|min-mom|min-atr|position_notional|top-n,3.73|1.1|0.0|0.0002|60.0|10.0,94.526403,0.930403,-0.150741,-0.036053,87,14.740333080291748,tune_tmp/t1440_s8_grid_grid_3p73_1p1_0p0_0p0002_60p0_10p0.yaml
2025-08-24T13:19:42,tp|sl|min-mom|min-atr|position_notional|top-n,3.73|1.1|0.0|0.0002|60.0|12.0,94.526403,0.930403,-0.150741,-0.036053,87,14.572962760925293,tune_tmp/t1440_s8_grid_grid_3p73_1p1_0p0_0p0002_60p0_12p0.yaml
2025-08-24T13:19:57,tp|sl|min-mom|min-atr|position_notional|top-n,3.73|1.1|0.0|0.0002|70.0|8.0,93.614137,0.930403,-0.172938,-0.036053,87,14.806371927261353,tune_tmp/t1440_s8_grid_grid_3p73_1p1_0p0_0p0002_70p0_8p0.yaml
2025-08-24T13:20:13,tp|sl|min-mom|min-atr|position_notional|top-n,3.73|1.1|0.0|0.0002|70.0|10.0,93.614137,0.930403,-0.172938,-0.036053,87,16.280858039855957,tune_tmp/t1440_s8_grid_grid_3p73_1p1_0p0_0p0002_70p0_10p0.yaml
2025-08-24T13:20:29,tp|sl|min-mom|min-atr|position_notional|top-n,3.73|1.1|0.0|0.0002|70.0|12.0,93.614137,0.930403,-0.172938,-0.036053,87,15.67089033126831,tune_tmp/t1440_s8_grid_grid_3p73_1p1_0p0_0p0002_70p0_12p0.yaml
2025-08-24T13:20:43,tp|sl|min-mom|min-atr|position_notional|top-n,3.73|1.1|0.0|0.0002|80.0|8.0,92.701871,0.930403,-0.194407,-0.036053,87,14.315718412399292,tune_tmp/t1440_s8_grid_grid_3p73_1p1_0p0_0p0002_80p0_8p0.yaml
2025-08-24T13:20:58,tp|sl|min-mom|min-atr|position_notional|top-n,3.73|1.1|0.0|0.0002|80.0|10.0,92.701871,0.930403,-0.194407,-0.036053,87,14.254664659500122,tune_tmp/t1440_s8_grid_grid_3p73_1p1_0p0_0p0002_80p0_10p0.yaml
2025-08-24T13:21:13,tp|sl|min-mom|min-atr|position_notional|top-n,3.73|1.1|0.0|0.0002|80.0|12.0,92.701871,0.930403,-0.194407,-0.036053,87,15.631245136260986,tune_tmp/t1440_s8_grid_grid_3p73_1p1_0p0_0p0002_80p0_12p0.yaml
2025-08-24T13:21:28,tp|sl|min-mom|min-atr|position_notional|top-n,3.73|1.1|0.001|0.0|60.0|8.0,94.526403,0.930403,-0.150741,-0.036053,87,14.59733772277832,tune_tmp/t1440_s8_grid_grid_3p73_1p1_0p001_0p0_60p0_8p0.yaml
2025-08-24T13:21:42,tp|sl|min-mom|min-atr|position_notional|top-n,3.73|1.1|0.001|0.0|60.0|10.0,94.526403,0.930403,-0.150741,-0.036053,87,14.288028478622437,tune_tmp/t1440_s8_grid_grid_3p73_1p1_0p001_0p0_60p0_10p0.yaml
2025-08-24T13:21:55,tp|sl|min-mom|min-atr|position_notional|top-n,3.73|1.1|0.001|0.0|60.0|12.0,94.526403,0.930403,-0.150741,-0.036053,87,13.280242919921875,tune_tmp/t1440_s8_grid_grid_3p73_1p1_0p001_0p0_60p0_12p0.yaml
2025-08-24T13:22:10,tp|sl|min-mom|min-atr|position_notional|top-n,3.73|1.1|0.001|0.0|70.0|8.0,93.614137,0.930403,-0.172938,-0.036053,87,14.205791711807251,tune_tmp/t1440_s8_grid_grid_3p73_1p1_0p001_0p0_70p0_8p0.yaml
2025-08-24T13:22:25,tp|sl|min-mom|min-atr|position_notional|top-n,3.73|1.1|0.001|0.0|70.0|10.0,93.614137,0.930403,-0.172938,-0.036053,87,15.704859256744385,tune_tmp/t1440_s8_grid_grid_3p73_1p1_0p001_0p0_70p0_10p0.yaml
2025-08-24T13:22:39,tp|sl|min-mom|min-atr|position_notional|top-n,3.73|1.1|0.001|0.0|70.0|12.0,93.614137,0.930403,-0.172938,-0.036053,87,13.321985721588135,tune_tmp/t1440_s8_grid_grid_3p73_1p1_0p001_0p0_70p0_12p0.yaml
2025-08-24T13:22:52,tp|sl|min-mom|min-atr|position_notional|top-n,3.73|1.1|0.001|0.0|80.0|8.0,92.701871,0.930403,-0.194407,-0.036053,87,13.677238702774048,tune_tmp/t1440_s8_grid_grid_3p73_1p1_0p001_0p0_80p0_8p0.yaml
2025-08-24T13:23:07,tp|sl|min-mom|min-atr|position_notional|top-n,3.73|1.1|0.001|0.0|80.0|10.0,92.701871,0.930403,-0.194407,-0.036053,87,14.395156383514404,tune_tmp/t1440_s8_grid_grid_3p73_1p1_0p001_0p0_80p0_10p0.yaml
2025-08-24T13:23:21,tp|sl|min-mom|min-atr|position_notional|top-n,3.73|1.1|0.001|0.0|80.0|12.0,92.701871,0.930403,-0.194407,-0.036053,87,14.128502607345581,tune_tmp/t1440_s8_grid_grid_3p73_1p1_0p001_0p0_80p0_12p0.yaml
2025-08-24T13:23:36,tp|sl|min-mom|min-atr|position_notional|top-n,3.73|1.1|0.001|0.0002|60.0|8.0,94.526403,0.930403,-0.150741,-0.036053,87,14.830345392227173,tune_tmp/t1440_s8_grid_grid_3p73_1p1_0p001_0p0002_60p0_8p0.yaml
2025-08-24T13:23:50,tp|sl|min-mom|min-atr|position_notional|top-n,3.73|1.1|0.001|0.0002|60.0|10.0,94.526403,0.930403,-0.150741,-0.036053,87,14.597765684127808,tune_tmp/t1440_s8_grid_grid_3p73_1p1_0p001_0p0002_60p0_10p0.yaml
2025-08-24T13:24:05,tp|sl|min-mom|min-atr|position_notional|top-n,3.73|1.1|0.001|0.0002|60.0|12.0,94.526403,0.930403,-0.150741,-0.036053,87,15.131257057189941,tune_tmp/t1440_s8_grid_grid_3p73_1p1_0p001_0p0002_60p0_12p0.yaml
2025-08-24T13:24:20,tp|sl|min-mom|min-atr|position_notional|top-n,3.73|1.1|0.001|0.0002|70.0|8.0,93.614137,0.930403,-0.172938,-0.036053,87,14.808260679244995,tune_tmp/t1440_s8_grid_grid_3p73_1p1_0p001_0p0002_70p0_8p0.yaml
2025-08-24T13:24:36,tp|sl|min-mom|min-atr|position_notional|top-n,3.73|1.1|0.001|0.0002|70.0|10.0,93.614137,0.930403,-0.172938,-0.036053,87,15.624652624130249,tune_tmp/t1440_s8_grid_grid_3p73_1p1_0p001_0p0002_70p0_10p0.yaml
2025-08-24T13:24:50,tp|sl|min-mom|min-atr|position_notional|top-n,3.73|1.1|0.001|0.0002|70.0|12.0,93.614137,0.930403,-0.172938,-0.036053,87,13.602351427078247,tune_tmp/t1440_s8_grid_grid_3p73_1p1_0p001_0p0002_70p0_12p0.yaml
2025-08-24T13:25:03,tp|sl|min-mom|min-atr|position_notional|top-n,3.73|1.1|0.001|0.0002|80.0|8.0,92.701871,0.930403,-0.194407,-0.036053,87,13.928151845932007,tune_tmp/t1440_s8_grid_grid_3p73_1p1_0p001_0p0002_80p0_8p0.yaml
2025-08-24T13:25:19,tp|sl|min-mom|min-atr|position_notional|top-n,3.73|1.1|0.001|0.0002|80.0|10.0,92.701871,0.930403,-0.194407,-0.036053,87,15.40302324295044,tune_tmp/t1440_s8_grid_grid_3p73_1p1_0p001_0p0002_80p0_10p0.yaml
2025-08-24T13:25:36,tp|sl|min-mom|min-atr|position_notional|top-n,3.73|1.1|0.001|0.0002|80.0|12.0,92.701871,0.930403,-0.194407,-0.036053,87,16.869099855422974,tune_tmp/t1440_s8_grid_grid_3p73_1p1_0p001_0p0002_80p0_12p0.yaml
2025-08-24T13:25:50,tp|sl|min-mom|min-atr|position_notional|top-n,3.73|1.12|0.0|0.0|60.0|8.0,98.735825,0.98362,-0.139685,-0.008258,84,14.73532509803772,tune_tmp/t1440_s8_grid_grid_3p73_1p12_0p0_0p0_60p0_8p0.yaml
2025-08-24T13:26:05,tp|sl|min-mom|min-atr|position_notional|top-n,3.73|1.12|0.0|0.0|60.0|10.0,98.735825,0.98362,-0.139685,-0.008258,84,14.708986282348633,tune_tmp/t1440_s8_grid_grid_3p73_1p12_0p0_0p0_60p0_10p0.yaml
2025-08-24T13:26:20,tp|sl|min-mom|min-atr|position_notional|top-n,3.73|1.12|0.0|0.0|60.0|12.0,98.735825,0.98362,-0.139685,-0.008258,84,15.094443559646606,tune_tmp/t1440_s8_grid_grid_3p73_1p12_0p0_0p0_60p0_12p0.yaml
2025-08-24T13:26:34,tp|sl|min-mom|min-atr|position_notional|top-n,3.73|1.12|0.0|0.0|70.0|8.0,98.525129,0.98362,-0.159545,-0.008258,84,13.475164413452148,tune_tmp/t1440_s8_grid_grid_3p73_1p12_0p0_0p0_70p0_8p0.yaml
2025-08-24T13:26:48,tp|sl|min-mom|min-atr|position_notional|top-n,3.73|1.12|0.0|0.0|70.0|10.0,98.525129,0.98362,-0.159545,-0.008258,84,13.993246078491211,tune_tmp/t1440_s8_grid_grid_3p73_1p12_0p0_0p0_70p0_10p0.yaml
2025-08-24T13:27:03,tp|sl|min-mom|min-atr|position_notional|top-n,3.73|1.12|0.0|0.0|70.0|12.0,98.525129,0.98362,-0.159545,-0.008258,84,14.904438495635986,tune_tmp/t1440_s8_grid_grid_3p73_1p12_0p0_0p0_70p0_12p0.yaml
2025-08-24T13:27:20,tp|sl|min-mom|min-atr|position_notional|top-n,3.73|1.12|0.0|0.0|80.0|8.0,98.314434,0.98362,-0.178587,-0.008258,84,17.631102800369263,tune_tmp/t1440_s8_grid_grid_3p73_1p12_0p0_0p0_80p0_8p0.yaml
2025-08-24T13:27:36,tp|sl|min-mom|min-atr|position_notional|top-n,3.73|1.12|0.0|0.0|80.0|10.0,98.314434,0.98362,-0.178587,-0.008258,84,15.709394931793213,tune_tmp/t1440_s8_grid_grid_3p73_1p12_0p0_0p0_80p0_10p0.yaml
2025-08-24T13:27:50,tp|sl|min-mom|min-atr|position_notional|top-n,3.73|1.12|0.0|0.0|80.0|12.0,98.314434,0.98362,-0.178587,-0.008258,84,14.152109146118164,tune_tmp/t1440_s8_grid_grid_3p73_1p12_0p0_0p0_80p0_12p0.yaml
2025-08-24T13:28:06,tp|sl|min-mom|min-atr|position_notional|top-n,3.73|1.12|0.0|0.0002|60.0|8.0,98.735825,0.98362,-0.139685,-0.008258,84,15.754894733428955,tune_tmp/t1440_s8_grid_grid_3p73_1p12_0p0_0p0002_60p0_8p0.yaml
2025-08-24T13:28:20,tp|sl|min-mom|min-atr|position_notional|top-n,3.73|1.12|0.0|0.0002|60.0|10.0,98.735825,0.98362,-0.139685,-0.008258,84,14.386406660079956,tune_tmp/t1440_s8_grid_grid_3p73_1p12_0p0_0p0002_60p0_10p0.yaml
2025-08-24T13:28:35,tp|sl|min-mom|min-atr|position_notional|top-n,3.73|1.12|0.0|0.0002|60.0|12.0,98.735825,0.98362,-0.139685,-0.008258,84,14.866935014724731,tune_tmp/t1440_s8_grid_grid_3p73_1p12_0p0_0p0002_60p0_12p0.yaml
2025-08-24T13:28:50,tp|sl|min-mom|min-atr|position_notional|top-n,3.73|1.12|0.0|0.0002|70.0|8.0,98.525129,0.98362,-0.159545,-0.008258,84,15.05470061302185,tune_tmp/t1440_s8_grid_grid_3p73_1p12_0p0_0p0002_70p0_8p0.yaml
2025-08-24T13:29:06,tp|sl|min-mom|min-atr|position_notional|top-n,3.73|1.12|0.0|0.0002|70.0|10.0,98.525129,0.98362,-0.159545,-0.008258,84,15.916127443313599,tune_tmp/t1440_s8_grid_grid_3p73_1p12_0p0_0p0002_70p0_10p0.yaml
2025-08-24T13:29:22,tp|sl|min-mom|min-atr|position_notional|top-n,3.73|1.12|0.0|0.0002|70.0|12.0,98.525129,0.98362,-0.159545,-0.008258,84,15.57205319404602,tune_tmp/t1440_s8_grid_grid_3p73_1p12_0p0_0p0002_70p0_12p0.yaml
2025-08-24T13:29:38,tp|sl|min-mom|min-atr|position_notional|top-n,3.73|1.12|0.0|0.0002|80.0|8.0,98.314434,0.98362,-0.178587,-0.008258,84,16.057358980178833,tune_tmp/t1440_s8_grid_grid_3p73_1p12_0p0_0p0002_80p0_8p0.yaml
2025-08-24T13:29:52,tp|sl|min-mom|min-atr|position_notional|top-n,3.73|1.12|0.0|0.0002|80.0|10.0,98.314434,0.98362,-0.178587,-0.008258,84,14.645668268203735,tune_tmp/t1440_s8_grid_grid_3p73_1p12_0p0_0p0002_80p0_10p0.yaml
2025-08-24T13:30:07,tp|sl|min-mom|min-atr|position_notional|top-n,3.73|1.12|0.0|0.0002|80.0|12.0,98.314434,0.98362,-0.178587,-0.008258,84,14.956872940063477,tune_tmp/t1440_s8_grid_grid_3p73_1p12_0p0_0p0002_80p0_12p0.yaml
2025-08-24T13:30:24,tp|sl|min-mom|min-atr|position_notional|top-n,3.73|1.12|0.001|0.0|60.0|8.0,98.735825,0.98362,-0.139685,-0.008258,84,16.892247676849365,tune_tmp/t1440_s8_grid_grid_3p73_1p12_0p001_0p0_60p0_8p0.yaml
2025-08-24T13:30:41,tp|sl|min-mom|min-atr|position_notional|top-n,3.73|1.12|0.001|0.0|60.0|10.0,98.735825,0.98362,-0.139685,-0.008258,84,16.33957266807556,tune_tmp/t1440_s8_grid_grid_3p73_1p12_0p001_0p0_60p0_10p0.yaml
2025-08-24T13:30:56,tp|sl|min-mom|min-atr|position_notional|top-n,3.73|1.12|0.001|0.0|60.0|12.0,98.735825,0.98362,-0.139685,-0.008258,84,15.59696340560913,tune_tmp/t1440_s8_grid_grid_3p73_1p12_0p001_0p0_60p0_12p0.yaml
2025-08-24T13:31:14,tp|sl|min-mom|min-atr|position_notional|top-n,3.73|1.12|0.001|0.0|70.0|8.0,98.525129,0.98362,-0.159545,-0.008258,84,18.00150442123413,tune_tmp/t1440_s8_grid_grid_3p73_1p12_0p001_0p0_70p0_8p0.yaml
2025-08-24T13:31:31,tp|sl|min-mom|min-atr|position_notional|top-n,3.73|1.12|0.001|0.0|70.0|10.0,98.525129,0.98362,-0.159545,-0.008258,84,16.524930715560913,tune_tmp/t1440_s8_grid_grid_3p73_1p12_0p001_0p0_70p0_10p0.yaml
2025-08-24T13:31:46,tp|sl|min-mom|min-atr|position_notional|top-n,3.73|1.12|0.001|0.0|70.0|12.0,98.525129,0.98362,-0.159545,-0.008258,84,15.48042917251587,tune_tmp/t1440_s8_grid_grid_3p73_1p12_0p001_0p0_70p0_12p0.yaml
2025-08-24T13:32:01,tp|sl|min-mom|min-atr|position_notional|top-n,3.73|1.12|0.001|0.0|80.0|8.0,98.314434,0.98362,-0.178587,-0.008258,84,14.430600881576538,tune_tmp/t1440_s8_grid_grid_3p73_1p12_0p001_0p0_80p0_8p0.yaml
2025-08-24T13:32:17,tp|sl|min-mom|min-atr|position_notional|top-n,3.73|1.12|0.001|0.0|80.0|10.0,98.314434,0.98362,-0.178587,-0.008258,84,16.09608483314514,tune_tmp/t1440_s8_grid_grid_3p73_1p12_0p001_0p0_80p0_10p0.yaml
2025-08-24T13:32:31,tp|sl|min-mom|min-atr|position_notional|top-n,3.73|1.12|0.001|0.0|80.0|12.0,98.314434,0.98362,-0.178587,-0.008258,84,14.015617609024048,tune_tmp/t1440_s8_grid_grid_3p73_1p12_0p001_0p0_80p0_12p0.yaml
2025-08-24T13:32:45,tp|sl|min-mom|min-atr|position_notional|top-n,3.73|1.12|0.001|0.0002|60.0|8.0,98.735825,0.98362,-0.139685,-0.008258,84,13.677838563919067,tune_tmp/t1440_s8_grid_grid_3p73_1p12_0p001_0p0002_60p0_8p0.yaml
2025-08-24T13:33:00,tp|sl|min-mom|min-atr|position_notional|top-n,3.73|1.12|0.001|0.0002|60.0|10.0,98.735825,0.98362,-0.139685,-0.008258,84,15.11518931388855,tune_tmp/t1440_s8_grid_grid_3p73_1p12_0p001_0p0002_60p0_10p0.yaml
2025-08-24T13:33:16,tp|sl|min-mom|min-atr|position_notional|top-n,3.73|1.12|0.001|0.0002|60.0|12.0,98.735825,0.98362,-0.139685,-0.008258,84,15.930832624435425,tune_tmp/t1440_s8_grid_grid_3p73_1p12_0p001_0p0002_60p0_12p0.yaml
2025-08-24T13:33:30,tp|sl|min-mom|min-atr|position_notional|top-n,3.73|1.12|0.001|0.0002|70.0|8.0,98.525129,0.98362,-0.159545,-0.008258,84,14.816184043884277,tune_tmp/t1440_s8_grid_grid_3p73_1p12_0p001_0p0002_70p0_8p0.yaml
2025-08-24T13:33:45,tp|sl|min-mom|min-atr|position_notional|top-n,3.73|1.12|0.001|0.0002|70.0|10.0,98.525129,0.98362,-0.159545,-0.008258,84,14.47602367401123,tune_tmp/t1440_s8_grid_grid_3p73_1p12_0p001_0p0002_70p0_10p0.yaml
2025-08-24T13:34:03,tp|sl|min-mom|min-atr|position_notional|top-n,3.73|1.12|0.001|0.0002|70.0|12.0,98.525129,0.98362,-0.159545,-0.008258,84,18.05151128768921,tune_tmp/t1440_s8_grid_grid_3p73_1p12_0p001_0p0002_70p0_12p0.yaml
2025-08-24T13:34:19,tp|sl|min-mom|min-atr|position_notional|top-n,3.73|1.12|0.001|0.0002|80.0|8.0,98.314434,0.98362,-0.178587,-0.008258,84,16.19870901107788,tune_tmp/t1440_s8_grid_grid_3p73_1p12_0p001_0p0002_80p0_8p0.yaml
2025-08-24T13:34:33,tp|sl|min-mom|min-atr|position_notional|top-n,3.73|1.12|0.001|0.0002|80.0|10.0,98.314434,0.98362,-0.178587,-0.008258,84,14.291240453720093,tune_tmp/t1440_s8_grid_grid_3p73_1p12_0p001_0p0002_80p0_10p0.yaml
2025-08-24T13:34:48,tp|sl|min-mom|min-atr|position_notional|top-n,3.73|1.12|0.001|0.0002|80.0|12.0,98.314434,0.98362,-0.178587,-0.008258,84,14.834986448287964,tune_tmp/t1440_s8_grid_grid_3p73_1p12_0p001_0p0002_80p0_12p0.yaml
2025-08-24T13:35:02,tp|sl|min-mom|min-atr|position_notional|top-n,3.73|1.14|0.0|0.0|60.0|8.0,98.378127,0.979082,-0.140122,-0.010569,84,13.668736696243286,tune_tmp/t1440_s8_grid_grid_3p73_1p14_0p0_0p0_60p0_8p0.yaml
2025-08-24T13:35:16,tp|sl|min-mom|min-atr|position_notional|top-n,3.73|1.14|0.0|0.0|60.0|10.0,98.378127,0.979082,-0.140122,-0.010569,84,13.824039697647095,tune_tmp/t1440_s8_grid_grid_3p73_1p14_0p0_0p0_60p0_10p0.yaml
2025-08-24T13:35:31,tp|sl|min-mom|min-atr|position_notional|top-n,3.73|1.14|0.0|0.0|60.0|12.0,98.378127,0.979082,-0.140122,-0.010569,84,14.904415130615234,tune_tmp/t1440_s8_grid_grid_3p73_1p14_0p0_0p0_60p0_12p0.yaml
2025-08-24T13:35:46,tp|sl|min-mom|min-atr|position_notional|top-n,3.73|1.14|0.0|0.0|70.0|8.0,98.107815,0.979082,-0.160115,-0.010569,84,15.126499652862549,tune_tmp/t1440_s8_grid_grid_3p73_1p14_0p0_0p0_70p0_8p0.yaml
2025-08-24T13:36:02,tp|sl|min-mom|min-atr|position_notional|top-n,3.73|1.14|0.0|0.0|70.0|10.0,98.107815,0.979082,-0.160115,-0.010569,84,16.0308620929718,tune_tmp/t1440_s8_grid_grid_3p73_1p14_0p0_0p0_70p0_10p0.yaml
2025-08-24T13:36:18,tp|sl|min-mom|min-atr|position_notional|top-n,3.73|1.14|0.0|0.0|70.0|12.0,98.107815,0.979082,-0.160115,-0.010569,84,16.44558048248291,tune_tmp/t1440_s8_grid_grid_3p73_1p14_0p0_0p0_70p0_12p0.yaml
2025-08-24T13:36:35,tp|sl|min-mom|min-atr|position_notional|top-n,3.73|1.14|0.0|0.0|80.0|8.0,97.837503,0.979082,-0.179302,-0.010569,84,16.38343071937561,tune_tmp/t1440_s8_grid_grid_3p73_1p14_0p0_0p0_80p0_8p0.yaml
2025-08-24T13:36:51,tp|sl|min-mom|min-atr|position_notional|top-n,3.73|1.14|0.0|0.0|80.0|10.0,97.837503,0.979082,-0.179302,-0.010569,84,16.113301038742065,tune_tmp/t1440_s8_grid_grid_3p73_1p14_0p0_0p0_80p0_10p0.yaml
2025-08-24T13:37:06,tp|sl|min-mom|min-atr|position_notional|top-n,3.73|1.14|0.0|0.0|80.0|12.0,97.837503,0.979082,-0.179302,-0.010569,84,15.5577712059021,tune_tmp/t1440_s8_grid_grid_3p73_1p14_0p0_0p0_80p0_12p0.yaml
2025-08-24T13:37:22,tp|sl|min-mom|min-atr|position_notional|top-n,3.73|1.14|0.0|0.0002|60.0|8.0,98.378127,0.979082,-0.140122,-0.010569,84,15.245085954666138,tune_tmp/t1440_s8_grid_grid_3p73_1p14_0p0_0p0002_60p0_8p0.yaml
2025-08-24T13:37:35,tp|sl|min-mom|min-atr|position_notional|top-n,3.73|1.14|0.0|0.0002|60.0|10.0,98.378127,0.979082,-0.140122,-0.010569,84,13.446970701217651,tune_tmp/t1440_s8_grid_grid_3p73_1p14_0p0_0p0002_60p0_10p0.yaml
2025-08-24T13:37:49,tp|sl|min-mom|min-atr|position_notional|top-n,3.73|1.14|0.0|0.0002|60.0|12.0,98.378127,0.979082,-0.140122,-0.010569,84,14.310570240020752,tune_tmp/t1440_s8_grid_grid_3p73_1p14_0p0_0p0002_60p0_12p0.yaml
2025-08-24T13:38:04,tp|sl|min-mom|min-atr|position_notional|top-n,3.73|1.14|0.0|0.0002|70.0|8.0,98.107815,0.979082,-0.160115,-0.010569,84,14.889636039733887,tune_tmp/t1440_s8_grid_grid_3p73_1p14_0p0_0p0002_70p0_8p0.yaml
2025-08-24T13:38:19,tp|sl|min-mom|min-atr|position_notional|top-n,3.73|1.14|0.0|0.0002|70.0|10.0,98.107815,0.979082,-0.160115,-0.010569,84,14.927039623260498,tune_tmp/t1440_s8_grid_grid_3p73_1p14_0p0_0p0002_70p0_10p0.yaml
2025-08-24T13:38:33,tp|sl|min-mom|min-atr|position_notional|top-n,3.73|1.14|0.0|0.0002|70.0|12.0,98.107815,0.979082,-0.160115,-0.010569,84,14.05488395690918,tune_tmp/t1440_s8_grid_grid_3p73_1p14_0p0_0p0002_70p0_12p0.yaml
2025-08-24T13:38:47,tp|sl|min-mom|min-atr|position_notional|top-n,3.73|1.14|0.0|0.0002|80.0|8.0,97.837503,0.979082,-0.179302,-0.010569,84,13.472625017166138,tune_tmp/t1440_s8_grid_grid_3p73_1p14_0p0_0p0002_80p0_8p0.yaml
2025-08-24T13:39:01,tp|sl|min-mom|min-atr|position_notional|top-n,3.73|1.14|0.0|0.0002|80.0|10.0,97.837503,0.979082,-0.179302,-0.010569,84,14.630707263946533,tune_tmp/t1440_s8_grid_grid_3p73_1p14_0p0_0p0002_80p0_10p0.yaml
2025-08-24T13:39:17,tp|sl|min-mom|min-atr|position_notional|top-n,3.73|1.14|0.0|0.0002|80.0|12.0,97.837503,0.979082,-0.179302,-0.010569,84,15.83973741531372,tune_tmp/t1440_s8_grid_grid_3p73_1p14_0p0_0p0002_80p0_12p0.yaml
2025-08-24T13:39:32,tp|sl|min-mom|min-atr|position_notional|top-n,3.73|1.14|0.001|0.0|60.0|8.0,98.378127,0.979082,-0.140122,-0.010569,84,14.94745421409607,tune_tmp/t1440_s8_grid_grid_3p73_1p14_0p001_0p0_60p0_8p0.yaml
2025-08-24T13:39:46,tp|sl|min-mom|min-atr|position_notional|top-n,3.73|1.14|0.001|0.0|60.0|10.0,98.378127,0.979082,-0.140122,-0.010569,84,14.021511316299438,tune_tmp/t1440_s8_grid_grid_3p73_1p14_0p001_0p0_60p0_10p0.yaml
2025-08-24T13:40:01,tp|sl|min-mom|min-atr|position_notional|top-n,3.73|1.14|0.001|0.0|60.0|12.0,98.378127,0.979082,-0.140122,-0.010569,84,14.557895421981812,tune_tmp/t1440_s8_grid_grid_3p73_1p14_0p001_0p0_60p0_12p0.yaml
2025-08-24T13:40:16,tp|sl|min-mom|min-atr|position_notional|top-n,3.73|1.14|0.001|0.0|70.0|8.0,98.107815,0.979082,-0.160115,-0.010569,84,15.594664573669434,tune_tmp/t1440_s8_grid_grid_3p73_1p14_0p001_0p0_70p0_8p0.yaml
2025-08-24T13:40:33,tp|sl|min-mom|min-atr|position_notional|top-n,3.73|1.14|0.001|0.0|70.0|10.0,98.107815,0.979082,-0.160115,-0.010569,84,16.271284580230713,tune_tmp/t1440_s8_grid_grid_3p73_1p14_0p001_0p0_70p0_10p0.yaml
2025-08-24T13:40:48,tp|sl|min-mom|min-atr|position_notional|top-n,3.73|1.14|0.001|0.0|70.0|12.0,98.107815,0.979082,-0.160115,-0.010569,84,15.328745365142822,tune_tmp/t1440_s8_grid_grid_3p73_1p14_0p001_0p0_70p0_12p0.yaml
2025-08-24T13:41:05,tp|sl|min-mom|min-atr|position_notional|top-n,3.73|1.14|0.001|0.0|80.0|8.0,97.837503,0.979082,-0.179302,-0.010569,84,16.68505573272705,tune_tmp/t1440_s8_grid_grid_3p73_1p14_0p001_0p0_80p0_8p0.yaml
2025-08-24T13:41:20,tp|sl|min-mom|min-atr|position_notional|top-n,3.73|1.14|0.001|0.0|80.0|10.0,97.837503,0.979082,-0.179302,-0.010569,84,15.143051147460938,tune_tmp/t1440_s8_grid_grid_3p73_1p14_0p001_0p0_80p0_10p0.yaml
2025-08-24T13:41:34,tp|sl|min-mom|min-atr|position_notional|top-n,3.73|1.14|0.001|0.0|80.0|12.0,97.837503,0.979082,-0.179302,-0.010569,84,14.640691757202148,tune_tmp/t1440_s8_grid_grid_3p73_1p14_0p001_0p0_80p0_12p0.yaml
2025-08-24T13:41:48,tp|sl|min-mom|min-atr|position_notional|top-n,3.73|1.14|0.001|0.0002|60.0|8.0,98.378127,0.979082,-0.140122,-0.010569,84,13.365620136260986,tune_tmp/t1440_s8_grid_grid_3p73_1p14_0p001_0p0002_60p0_8p0.yaml
2025-08-24T13:42:02,tp|sl|min-mom|min-atr|position_notional|top-n,3.73|1.14|0.001|0.0002|60.0|10.0,98.378127,0.979082,-0.140122,-0.010569,84,14.016780614852905,tune_tmp/t1440_s8_grid_grid_3p73_1p14_0p001_0p0002_60p0_10p0.yaml
2025-08-24T13:42:18,tp|sl|min-mom|min-atr|position_notional|top-n,3.73|1.14|0.001|0.0002|60.0|12.0,98.378127,0.979082,-0.140122,-0.010569,84,15.90069580078125,tune_tmp/t1440_s8_grid_grid_3p73_1p14_0p001_0p0002_60p0_12p0.yaml
2025-08-24T13:42:33,tp|sl|min-mom|min-atr|position_notional|top-n,3.73|1.14|0.001|0.0002|70.0|8.0,98.107815,0.979082,-0.160115,-0.010569,84,14.784645318984985,tune_tmp/t1440_s8_grid_grid_3p73_1p14_0p001_0p0002_70p0_8p0.yaml
2025-08-24T13:42:48,tp|sl|min-mom|min-atr|position_notional|top-n,3.73|1.14|0.001|0.0002|70.0|10.0,98.107815,0.979082,-0.160115,-0.010569,84,15.237003803253174,tune_tmp/t1440_s8_grid_grid_3p73_1p14_0p001_0p0002_70p0_10p0.yaml
2025-08-24T13:43:02,tp|sl|min-mom|min-atr|position_notional|top-n,3.73|1.14|0.001|0.0002|70.0|12.0,98.107815,0.979082,-0.160115,-0.010569,84,14.39489197731018,tune_tmp/t1440_s8_grid_grid_3p73_1p14_0p001_0p0002_70p0_12p0.yaml
2025-08-24T13:43:19,tp|sl|min-mom|min-atr|position_notional|top-n,3.73|1.14|0.001|0.0002|80.0|8.0,97.837503,0.979082,-0.179302,-0.010569,84,16.777347564697266,tune_tmp/t1440_s8_grid_grid_3p73_1p14_0p001_0p0002_80p0_8p0.yaml
2025-08-24T13:43:35,tp|sl|min-mom|min-atr|position_notional|top-n,3.73|1.14|0.001|0.0002|80.0|10.0,97.837503,0.979082,-0.179302,-0.010569,84,15.685481071472168,tune_tmp/t1440_s8_grid_grid_3p73_1p14_0p001_0p0002_80p0_10p0.yaml
2025-08-24T13:43:49,tp|sl|min-mom|min-atr|position_notional|top-n,3.73|1.14|0.001|0.0002|80.0|12.0,97.837503,0.979082,-0.179302,-0.010569,84,14.689918041229248,tune_tmp/t1440_s8_grid_grid_3p73_1p14_0p001_0p0002_80p0_12p0.yaml
2025-08-24T13:44:05,tp|sl|min-mom|min-atr|position_notional|top-n,3.75|1.1|0.0|0.0|60.0|8.0,94.526403,0.930403,-0.150741,-0.036053,87,15.891221761703491,tune_tmp/t1440_s8_grid_grid_3p75_1p1_0p0_0p0_60p0_8p0.yaml
2025-08-24T13:44:21,tp|sl|min-mom|min-atr|position_notional|top-n,3.75|1.1|0.0|0.0|60.0|10.0,94.526403,0.930403,-0.150741,-0.036053,87,15.678513050079346,tune_tmp/t1440_s8_grid_grid_3p75_1p1_0p0_0p0_60p0_10p0.yaml
2025-08-24T13:44:36,tp|sl|min-mom|min-atr|position_notional|top-n,3.75|1.1|0.0|0.0|60.0|12.0,94.526403,0.930403,-0.150741,-0.036053,87,14.575453758239746,tune_tmp/t1440_s8_grid_grid_3p75_1p1_0p0_0p0_60p0_12p0.yaml
2025-08-24T13:44:52,tp|sl|min-mom|min-atr|position_notional|top-n,3.75|1.1|0.0|0.0|70.0|8.0,93.614137,0.930403,-0.172938,-0.036053,87,16.253282070159912,tune_tmp/t1440_s8_grid_grid_3p75_1p1_0p0_0p0_70p0_8p0.yaml
2025-08-24T13:45:10,tp|sl|min-mom|min-atr|position_notional|top-n,3.75|1.1|0.0|0.0|70.0|10.0,93.614137,0.930403,-0.172938,-0.036053,87,18.49107050895691,tune_tmp/t1440_s8_grid_grid_3p75_1p1_0p0_0p0_70p0_10p0.yaml
2025-08-24T13:45:27,tp|sl|min-mom|min-atr|position_notional|top-n,3.75|1.1|0.0|0.0|70.0|12.0,93.614137,0.930403,-0.172938,-0.036053,87,16.59532594680786,tune_tmp/t1440_s8_grid_grid_3p75_1p1_0p0_0p0_70p0_12p0.yaml
2025-08-24T13:45:44,tp|sl|min-mom|min-atr|position_notional|top-n,3.75|1.1|0.0|0.0|80.0|8.0,92.701871,0.930403,-0.194407,-0.036053,87,16.97015619277954,tune_tmp/t1440_s8_grid_grid_3p75_1p1_0p0_0p0_80p0_8p0.yaml
2025-08-24T13:46:00,tp|sl|min-mom|min-atr|position_notional|top-n,3.75|1.1|0.0|0.0|80.0|10.0,92.701871,0.930403,-0.194407,-0.036053,87,16.003665447235107,tune_tmp/t1440_s8_grid_grid_3p75_1p1_0p0_0p0_80p0_10p0.yaml
2025-08-24T13:46:16,tp|sl|min-mom|min-atr|position_notional|top-n,3.75|1.1|0.0|0.0|80.0|12.0,92.701871,0.930403,-0.194407,-0.036053,87,16.297946453094482,tune_tmp/t1440_s8_grid_grid_3p75_1p1_0p0_0p0_80p0_12p0.yaml
2025-08-24T13:46:32,tp|sl|min-mom|min-atr|position_notional|top-n,3.75|1.1|0.0|0.0002|60.0|8.0,94.526403,0.930403,-0.150741,-0.036053,87,15.36668086051941,tune_tmp/t1440_s8_grid_grid_3p75_1p1_0p0_0p0002_60p0_8p0.yaml
2025-08-24T13:46:48,tp|sl|min-mom|min-atr|position_notional|top-n,3.75|1.1|0.0|0.0002|60.0|10.0,94.526403,0.930403,-0.150741,-0.036053,87,16.145678997039795,tune_tmp/t1440_s8_grid_grid_3p75_1p1_0p0_0p0002_60p0_10p0.yaml
2025-08-24T13:47:03,tp|sl|min-mom|min-atr|position_notional|top-n,3.75|1.1|0.0|0.0002|60.0|12.0,94.526403,0.930403,-0.150741,-0.036053,87,15.51947808265686,tune_tmp/t1440_s8_grid_grid_3p75_1p1_0p0_0p0002_60p0_12p0.yaml
2025-08-24T13:47:18,tp|sl|min-mom|min-atr|position_notional|top-n,3.75|1.1|0.0|0.0002|70.0|8.0,93.614137,0.930403,-0.172938,-0.036053,87,14.938597440719604,tune_tmp/t1440_s8_grid_grid_3p75_1p1_0p0_0p0002_70p0_8p0.yaml
2025-08-24T13:47:34,tp|sl|min-mom|min-atr|position_notional|top-n,3.75|1.1|0.0|0.0002|70.0|10.0,93.614137,0.930403,-0.172938,-0.036053,87,15.782978773117065,tune_tmp/t1440_s8_grid_grid_3p75_1p1_0p0_0p0002_70p0_10p0.yaml
2025-08-24T13:47:49,tp|sl|min-mom|min-atr|position_notional|top-n,3.75|1.1|0.0|0.0002|70.0|12.0,93.614137,0.930403,-0.172938,-0.036053,87,15.45718264579773,tune_tmp/t1440_s8_grid_grid_3p75_1p1_0p0_0p0002_70p0_12p0.yaml
2025-08-24T13:48:05,tp|sl|min-mom|min-atr|position_notional|top-n,3.75|1.1|0.0|0.0002|80.0|8.0,92.701871,0.930403,-0.194407,-0.036053,87,15.101908445358276,tune_tmp/t1440_s8_grid_grid_3p75_1p1_0p0_0p0002_80p0_8p0.yaml
2025-08-24T13:48:21,tp|sl|min-mom|min-atr|position_notional|top-n,3.75|1.1|0.0|0.0002|80.0|10.0,92.701871,0.930403,-0.194407,-0.036053,87,16.01385760307312,tune_tmp/t1440_s8_grid_grid_3p75_1p1_0p0_0p0002_80p0_10p0.yaml
2025-08-24T13:48:36,tp|sl|min-mom|min-atr|position_notional|top-n,3.75|1.1|0.0|0.0002|80.0|12.0,92.701871,0.930403,-0.194407,-0.036053,87,15.180450439453125,tune_tmp/t1440_s8_grid_grid_3p75_1p1_0p0_0p0002_80p0_12p0.yaml
2025-08-24T13:48:49,tp|sl|min-mom|min-atr|position_notional|top-n,3.75|1.1|0.001|0.0|60.0|8.0,94.526403,0.930403,-0.150741,-0.036053,87,13.004254341125488,tune_tmp/t1440_s8_grid_grid_3p75_1p1_0p001_0p0_60p0_8p0.yaml
2025-08-24T13:49:02,tp|sl|min-mom|min-atr|position_notional|top-n,3.75|1.1|0.001|0.0|60.0|10.0,94.526403,0.930403,-0.150741,-0.036053,87,13.361651420593262,tune_tmp/t1440_s8_grid_grid_3p75_1p1_0p001_0p0_60p0_10p0.yaml
2025-08-24T13:49:17,tp|sl|min-mom|min-atr|position_notional|top-n,3.75|1.1|0.001|0.0|60.0|12.0,94.526403,0.930403,-0.150741,-0.036053,87,14.562443494796753,tune_tmp/t1440_s8_grid_grid_3p75_1p1_0p001_0p0_60p0_12p0.yaml
2025-08-24T13:49:30,tp|sl|min-mom|min-atr|position_notional|top-n,3.75|1.1|0.001|0.0|70.0|8.0,93.614137,0.930403,-0.172938,-0.036053,87,12.957016468048096,tune_tmp/t1440_s8_grid_grid_3p75_1p1_0p001_0p0_70p0_8p0.yaml
2025-08-24T13:49:44,tp|sl|min-mom|min-atr|position_notional|top-n,3.75|1.1|0.001|0.0|70.0|10.0,93.614137,0.930403,-0.172938,-0.036053,87,14.293168783187866,tune_tmp/t1440_s8_grid_grid_3p75_1p1_0p001_0p0_70p0_10p0.yaml
2025-08-24T13:49:59,tp|sl|min-mom|min-atr|position_notional|top-n,3.75|1.1|0.001|0.0|70.0|12.0,93.614137,0.930403,-0.172938,-0.036053,87,14.638184547424316,tune_tmp/t1440_s8_grid_grid_3p75_1p1_0p001_0p0_70p0_12p0.yaml
2025-08-24T13:50:15,tp|sl|min-mom|min-atr|position_notional|top-n,3.75|1.1|0.001|0.0|80.0|8.0,92.701871,0.930403,-0.194407,-0.036053,87,16.835423946380615,tune_tmp/t1440_s8_grid_grid_3p75_1p1_0p001_0p0_80p0_8p0.yaml
2025-08-24T13:50:31,tp|sl|min-mom|min-atr|position_notional|top-n,3.75|1.1|0.001|0.0|80.0|10.0,92.701871,0.930403,-0.194407,-0.036053,87,15.207022905349731,tune_tmp/t1440_s8_grid_grid_3p75_1p1_0p001_0p0_80p0_10p0.yaml
2025-08-24T13:50:45,tp|sl|min-mom|min-atr|position_notional|top-n,3.75|1.1|0.001|0.0|80.0|12.0,92.701871,0.930403,-0.194407,-0.036053,87,14.090122938156128,tune_tmp/t1440_s8_grid_grid_3p75_1p1_0p001_0p0_80p0_12p0.yaml
2025-08-24T13:51:01,tp|sl|min-mom|min-atr|position_notional|top-n,3.75|1.1|0.001|0.0002|60.0|8.0,94.526403,0.930403,-0.150741,-0.036053,87,16.17869520187378,tune_tmp/t1440_s8_grid_grid_3p75_1p1_0p001_0p0002_60p0_8p0.yaml
2025-08-24T13:51:18,tp|sl|min-mom|min-atr|position_notional|top-n,3.75|1.1|0.001|0.0002|60.0|10.0,94.526403,0.930403,-0.150741,-0.036053,87,16.80055832862854,tune_tmp/t1440_s8_grid_grid_3p75_1p1_0p001_0p0002_60p0_10p0.yaml
2025-08-24T13:51:33,tp|sl|min-mom|min-atr|position_notional|top-n,3.75|1.1|0.001|0.0002|60.0|12.0,94.526403,0.930403,-0.150741,-0.036053,87,15.729332447052002,tune_tmp/t1440_s8_grid_grid_3p75_1p1_0p001_0p0002_60p0_12p0.yaml
2025-08-24T13:51:48,tp|sl|min-mom|min-atr|position_notional|top-n,3.75|1.1|0.001|0.0002|70.0|8.0,93.614137,0.930403,-0.172938,-0.036053,87,14.9058358669281,tune_tmp/t1440_s8_grid_grid_3p75_1p1_0p001_0p0002_70p0_8p0.yaml
2025-08-24T13:52:03,tp|sl|min-mom|min-atr|position_notional|top-n,3.75|1.1|0.001|0.0002|70.0|10.0,93.614137,0.930403,-0.172938,-0.036053,87,14.476623773574829,tune_tmp/t1440_s8_grid_grid_3p75_1p1_0p001_0p0002_70p0_10p0.yaml
2025-08-24T13:52:19,tp|sl|min-mom|min-atr|position_notional|top-n,3.75|1.1|0.001|0.0002|70.0|12.0,93.614137,0.930403,-0.172938,-0.036053,87,16.446233987808228,tune_tmp/t1440_s8_grid_grid_3p75_1p1_0p001_0p0002_70p0_12p0.yaml
2025-08-24T13:52:37,tp|sl|min-mom|min-atr|position_notional|top-n,3.75|1.1|0.001|0.0002|80.0|8.0,92.701871,0.930403,-0.194407,-0.036053,87,17.78198480606079,tune_tmp/t1440_s8_grid_grid_3p75_1p1_0p001_0p0002_80p0_8p0.yaml
2025-08-24T13:52:53,tp|sl|min-mom|min-atr|position_notional|top-n,3.75|1.1|0.001|0.0002|80.0|10.0,92.701871,0.930403,-0.194407,-0.036053,87,15.897209405899048,tune_tmp/t1440_s8_grid_grid_3p75_1p1_0p001_0p0002_80p0_10p0.yaml
2025-08-24T13:53:09,tp|sl|min-mom|min-atr|position_notional|top-n,3.75|1.1|0.001|0.0002|80.0|12.0,92.701871,0.930403,-0.194407,-0.036053,87,16.295654296875,tune_tmp/t1440_s8_grid_grid_3p75_1p1_0p001_0p0002_80p0_12p0.yaml
2025-08-24T13:53:26,tp|sl|min-mom|min-atr|position_notional|top-n,3.75|1.12|0.0|0.0|60.0|8.0,98.735825,0.98362,-0.139685,-0.008258,84,16.556427478790283,tune_tmp/t1440_s8_grid_grid_3p75_1p12_0p0_0p0_60p0_8p0.yaml
2025-08-24T13:53:41,tp|sl|min-mom|min-atr|position_notional|top-n,3.75|1.12|0.0|0.0|60.0|10.0,98.735825,0.98362,-0.139685,-0.008258,84,15.049338817596436,tune_tmp/t1440_s8_grid_grid_3p75_1p12_0p0_0p0_60p0_10p0.yaml
2025-08-24T13:53:56,tp|sl|min-mom|min-atr|position_notional|top-n,3.75|1.12|0.0|0.0|60.0|12.0,98.735825,0.98362,-0.139685,-0.008258,84,15.270892143249512,tune_tmp/t1440_s8_grid_grid_3p75_1p12_0p0_0p0_60p0_12p0.yaml
2025-08-24T13:54:13,tp|sl|min-mom|min-atr|position_notional|top-n,3.75|1.12|0.0|0.0|70.0|8.0,98.525129,0.98362,-0.159545,-0.008258,84,16.598007202148438,tune_tmp/t1440_s8_grid_grid_3p75_1p12_0p0_0p0_70p0_8p0.yaml
2025-08-24T13:54:29,tp|sl|min-mom|min-atr|position_notional|top-n,3.75|1.12|0.0|0.0|70.0|10.0,98.525129,0.98362,-0.159545,-0.008258,84,16.267517805099487,tune_tmp/t1440_s8_grid_grid_3p75_1p12_0p0_0p0_70p0_10p0.yaml
2025-08-24T13:54:45,tp|sl|min-mom|min-atr|position_notional|top-n,3.75|1.12|0.0|0.0|70.0|12.0,98.525129,0.98362,-0.159545,-0.008258,84,15.635783195495605,tune_tmp/t1440_s8_grid_grid_3p75_1p12_0p0_0p0_70p0_12p0.yaml
2025-08-24T13:55:01,tp|sl|min-mom|min-atr|position_notional|top-n,3.75|1.12|0.0|0.0|80.0|8.0,98.314434,0.98362,-0.178587,-0.008258,84,16.60931658744812,tune_tmp/t1440_s8_grid_grid_3p75_1p12_0p0_0p0_80p0_8p0.yaml
2025-08-24T13:55:18,tp|sl|min-mom|min-atr|position_notional|top-n,3.75|1.12|0.0|0.0|80.0|10.0,98.314434,0.98362,-0.178587,-0.008258,84,16.481988668441772,tune_tmp/t1440_s8_grid_grid_3p75_1p12_0p0_0p0_80p0_10p0.yaml
2025-08-24T13:55:33,tp|sl|min-mom|min-atr|position_notional|top-n,3.75|1.12|0.0|0.0|80.0|12.0,98.314434,0.98362,-0.178587,-0.008258,84,15.148676633834839,tune_tmp/t1440_s8_grid_grid_3p75_1p12_0p0_0p0_80p0_12p0.yaml
2025-08-24T13:55:48,tp|sl|min-mom|min-atr|position_notional|top-n,3.75|1.12|0.0|0.0002|60.0|8.0,98.735825,0.98362,-0.139685,-0.008258,84,14.555217027664185,tune_tmp/t1440_s8_grid_grid_3p75_1p12_0p0_0p0002_60p0_8p0.yaml
2025-08-24T13:56:03,tp|sl|min-mom|min-atr|position_notional|top-n,3.75|1.12|0.0|0.0002|60.0|10.0,98.735825,0.98362,-0.139685,-0.008258,84,15.096635818481445,tune_tmp/t1440_s8_grid_grid_3p75_1p12_0p0_0p0002_60p0_10p0.yaml
2025-08-24T13:56:18,tp|sl|min-mom|min-atr|position_notional|top-n,3.75|1.12|0.0|0.0002|60.0|12.0,98.735825,0.98362,-0.139685,-0.008258,84,14.95816707611084,tune_tmp/t1440_s8_grid_grid_3p75_1p12_0p0_0p0002_60p0_12p0.yaml
2025-08-24T13:56:32,tp|sl|min-mom|min-atr|position_notional|top-n,3.75|1.12|0.0|0.0002|70.0|8.0,98.525129,0.98362,-0.159545,-0.008258,84,14.12855863571167,tune_tmp/t1440_s8_grid_grid_3p75_1p12_0p0_0p0002_70p0_8p0.yaml
2025-08-24T13:56:47,tp|sl|min-mom|min-atr|position_notional|top-n,3.75|1.12|0.0|0.0002|70.0|10.0,98.525129,0.98362,-0.159545,-0.008258,84,14.980755090713501,tune_tmp/t1440_s8_grid_grid_3p75_1p12_0p0_0p0002_70p0_10p0.yaml
2025-08-24T13:57:02,tp|sl|min-mom|min-atr|position_notional|top-n,3.75|1.12|0.0|0.0002|70.0|12.0,98.525129,0.98362,-0.159545,-0.008258,84,14.846563339233398,tune_tmp/t1440_s8_grid_grid_3p75_1p12_0p0_0p0002_70p0_12p0.yaml
2025-08-24T13:57:18,tp|sl|min-mom|min-atr|position_notional|top-n,3.75|1.12|0.0|0.0002|80.0|8.0,98.314434,0.98362,-0.178587,-0.008258,84,16.20226740837097,tune_tmp/t1440_s8_grid_grid_3p75_1p12_0p0_0p0002_80p0_8p0.yaml
2025-08-24T13:57:33,tp|sl|min-mom|min-atr|position_notional|top-n,3.75|1.12|0.0|0.0002|80.0|10.0,98.314434,0.98362,-0.178587,-0.008258,84,15.037353277206421,tune_tmp/t1440_s8_grid_grid_3p75_1p12_0p0_0p0002_80p0_10p0.yaml
2025-08-24T13:57:47,tp|sl|min-mom|min-atr|position_notional|top-n,3.75|1.12|0.0|0.0002|80.0|12.0,98.314434,0.98362,-0.178587,-0.008258,84,14.339046478271484,tune_tmp/t1440_s8_grid_grid_3p75_1p12_0p0_0p0002_80p0_12p0.yaml
2025-08-24T13:58:02,tp|sl|min-mom|min-atr|position_notional|top-n,3.75|1.12|0.001|0.0|60.0|8.0,98.735825,0.98362,-0.139685,-0.008258,84,14.594952821731567,tune_tmp/t1440_s8_grid_grid_3p75_1p12_0p001_0p0_60p0_8p0.yaml
2025-08-24T13:58:18,tp|sl|min-mom|min-atr|position_notional|top-n,3.75|1.12|0.001|0.0|60.0|10.0,98.735825,0.98362,-0.139685,-0.008258,84,16.377797842025757,tune_tmp/t1440_s8_grid_grid_3p75_1p12_0p001_0p0_60p0_10p0.yaml
2025-08-24T13:58:36,tp|sl|min-mom|min-atr|position_notional|top-n,3.75|1.12|0.001|0.0|60.0|12.0,98.735825,0.98362,-0.139685,-0.008258,84,17.38445258140564,tune_tmp/t1440_s8_grid_grid_3p75_1p12_0p001_0p0_60p0_12p0.yaml
2025-08-24T13:58:49,tp|sl|min-mom|min-atr|position_notional|top-n,3.75|1.12|0.001|0.0|70.0|8.0,98.525129,0.98362,-0.159545,-0.008258,84,13.693778038024902,tune_tmp/t1440_s8_grid_grid_3p75_1p12_0p001_0p0_70p0_8p0.yaml
2025-08-24T13:59:04,tp|sl|min-mom|min-atr|position_notional|top-n,3.75|1.12|0.001|0.0|70.0|10.0,98.525129,0.98362,-0.159545,-0.008258,84,14.719752788543701,tune_tmp/t1440_s8_grid_grid_3p75_1p12_0p001_0p0_70p0_10p0.yaml
2025-08-24T13:59:19,tp|sl|min-mom|min-atr|position_notional|top-n,3.75|1.12|0.001|0.0|70.0|12.0,98.525129,0.98362,-0.159545,-0.008258,84,15.454875707626343,tune_tmp/t1440_s8_grid_grid_3p75_1p12_0p001_0p0_70p0_12p0.yaml
2025-08-24T13:59:37,tp|sl|min-mom|min-atr|position_notional|top-n,3.75|1.12|0.001|0.0|80.0|8.0,98.314434,0.98362,-0.178587,-0.008258,84,17.06645703315735,tune_tmp/t1440_s8_grid_grid_3p75_1p12_0p001_0p0_80p0_8p0.yaml
2025-08-24T13:59:51,tp|sl|min-mom|min-atr|position_notional|top-n,3.75|1.12|0.001|0.0|80.0|10.0,98.314434,0.98362,-0.178587,-0.008258,84,14.360942602157593,tune_tmp/t1440_s8_grid_grid_3p75_1p12_0p001_0p0_80p0_10p0.yaml
2025-08-24T14:00:07,tp|sl|min-mom|min-atr|position_notional|top-n,3.75|1.12|0.001|0.0|80.0|12.0,98.314434,0.98362,-0.178587,-0.008258,84,16.475613355636597,tune_tmp/t1440_s8_grid_grid_3p75_1p12_0p001_0p0_80p0_12p0.yaml
2025-08-24T14:00:25,tp|sl|min-mom|min-atr|position_notional|top-n,3.75|1.12|0.001|0.0002|60.0|8.0,98.735825,0.98362,-0.139685,-0.008258,84,18.058711051940918,tune_tmp/t1440_s8_grid_grid_3p75_1p12_0p001_0p0002_60p0_8p0.yaml
2025-08-24T14:00:41,tp|sl|min-mom|min-atr|position_notional|top-n,3.75|1.12|0.001|0.0002|60.0|10.0,98.735825,0.98362,-0.139685,-0.008258,84,15.094359159469604,tune_tmp/t1440_s8_grid_grid_3p75_1p12_0p001_0p0002_60p0_10p0.yaml
2025-08-24T14:00:58,tp|sl|min-mom|min-atr|position_notional|top-n,3.75|1.12|0.001|0.0002|60.0|12.0,98.735825,0.98362,-0.139685,-0.008258,84,17.07339596748352,tune_tmp/t1440_s8_grid_grid_3p75_1p12_0p001_0p0002_60p0_12p0.yaml
2025-08-24T14:01:16,tp|sl|min-mom|min-atr|position_notional|top-n,3.75|1.12|0.001|0.0002|70.0|8.0,98.525129,0.98362,-0.159545,-0.008258,84,18.032832384109497,tune_tmp/t1440_s8_grid_grid_3p75_1p12_0p001_0p0002_70p0_8p0.yaml
2025-08-24T14:01:34,tp|sl|min-mom|min-atr|position_notional|top-n,3.75|1.12|0.001|0.0002|70.0|10.0,98.525129,0.98362,-0.159545,-0.008258,84,18.094587802886963,tune_tmp/t1440_s8_grid_grid_3p75_1p12_0p001_0p0002_70p0_10p0.yaml
2025-08-24T14:01:51,tp|sl|min-mom|min-atr|position_notional|top-n,3.75|1.12|0.001|0.0002|70.0|12.0,98.525129,0.98362,-0.159545,-0.008258,84,17.12972331047058,tune_tmp/t1440_s8_grid_grid_3p75_1p12_0p001_0p0002_70p0_12p0.yaml
2025-08-24T14:02:07,tp|sl|min-mom|min-atr|position_notional|top-n,3.75|1.12|0.001|0.0002|80.0|8.0,98.314434,0.98362,-0.178587,-0.008258,84,16.496619939804077,tune_tmp/t1440_s8_grid_grid_3p75_1p12_0p001_0p0002_80p0_8p0.yaml
2025-08-24T14:02:23,tp|sl|min-mom|min-atr|position_notional|top-n,3.75|1.12|0.001|0.0002|80.0|10.0,98.314434,0.98362,-0.178587,-0.008258,84,15.357840776443481,tune_tmp/t1440_s8_grid_grid_3p75_1p12_0p001_0p0002_80p0_10p0.yaml
2025-08-24T14:02:39,tp|sl|min-mom|min-atr|position_notional|top-n,3.75|1.12|0.001|0.0002|80.0|12.0,98.314434,0.98362,-0.178587,-0.008258,84,16.402664184570312,tune_tmp/t1440_s8_grid_grid_3p75_1p12_0p001_0p0002_80p0_12p0.yaml
2025-08-24T14:02:55,tp|sl|min-mom|min-atr|position_notional|top-n,3.75|1.14|0.0|0.0|60.0|8.0,98.378127,0.979082,-0.140122,-0.010569,84,15.532613277435303,tune_tmp/t1440_s8_grid_grid_3p75_1p14_0p0_0p0_60p0_8p0.yaml
2025-08-24T14:03:11,tp|sl|min-mom|min-atr|position_notional|top-n,3.75|1.14|0.0|0.0|60.0|10.0,98.378127,0.979082,-0.140122,-0.010569,84,16.00502109527588,tune_tmp/t1440_s8_grid_grid_3p75_1p14_0p0_0p0_60p0_10p0.yaml
2025-08-24T14:03:26,tp|sl|min-mom|min-atr|position_notional|top-n,3.75|1.14|0.0|0.0|60.0|12.0,98.378127,0.979082,-0.140122,-0.010569,84,15.001600980758667,tune_tmp/t1440_s8_grid_grid_3p75_1p14_0p0_0p0_60p0_12p0.yaml
2025-08-24T14:03:41,tp|sl|min-mom|min-atr|position_notional|top-n,3.75|1.14|0.0|0.0|70.0|8.0,98.107815,0.979082,-0.160115,-0.010569,84,15.041085004806519,tune_tmp/t1440_s8_grid_grid_3p75_1p14_0p0_0p0_70p0_8p0.yaml
2025-08-24T14:03:56,tp|sl|min-mom|min-atr|position_notional|top-n,3.75|1.14|0.0|0.0|70.0|10.0,98.107815,0.979082,-0.160115,-0.010569,84,14.95790719985962,tune_tmp/t1440_s8_grid_grid_3p75_1p14_0p0_0p0_70p0_10p0.yaml
2025-08-24T14:04:12,tp|sl|min-mom|min-atr|position_notional|top-n,3.75|1.14|0.0|0.0|70.0|12.0,98.107815,0.979082,-0.160115,-0.010569,84,16.55800461769104,tune_tmp/t1440_s8_grid_grid_3p75_1p14_0p0_0p0_70p0_12p0.yaml
2025-08-24T14:04:28,tp|sl|min-mom|min-atr|position_notional|top-n,3.75|1.14|0.0|0.0|80.0|8.0,97.837503,0.979082,-0.179302,-0.010569,84,15.762858152389526,tune_tmp/t1440_s8_grid_grid_3p75_1p14_0p0_0p0_80p0_8p0.yaml
2025-08-24T14:04:44,tp|sl|min-mom|min-atr|position_notional|top-n,3.75|1.14|0.0|0.0|80.0|10.0,97.837503,0.979082,-0.179302,-0.010569,84,16.339226961135864,tune_tmp/t1440_s8_grid_grid_3p75_1p14_0p0_0p0_80p0_10p0.yaml
2025-08-24T14:04:58,tp|sl|min-mom|min-atr|position_notional|top-n,3.75|1.14|0.0|0.0|80.0|12.0,97.837503,0.979082,-0.179302,-0.010569,84,13.965367794036865,tune_tmp/t1440_s8_grid_grid_3p75_1p14_0p0_0p0_80p0_12p0.yaml
2025-08-24T14:05:14,tp|sl|min-mom|min-atr|position_notional|top-n,3.75|1.14|0.0|0.0002|60.0|8.0,98.378127,0.979082,-0.140122,-0.010569,84,16.07711625099182,tune_tmp/t1440_s8_grid_grid_3p75_1p14_0p0_0p0002_60p0_8p0.yaml
2025-08-24T14:05:29,tp|sl|min-mom|min-atr|position_notional|top-n,3.75|1.14|0.0|0.0002|60.0|10.0,98.378127,0.979082,-0.140122,-0.010569,84,14.800732612609863,tune_tmp/t1440_s8_grid_grid_3p75_1p14_0p0_0p0002_60p0_10p0.yaml
2025-08-24T14:05:44,tp|sl|min-mom|min-atr|position_notional|top-n,3.75|1.14|0.0|0.0002|60.0|12.0,98.378127,0.979082,-0.140122,-0.010569,84,14.401847124099731,tune_tmp/t1440_s8_grid_grid_3p75_1p14_0p0_0p0002_60p0_12p0.yaml
2025-08-24T14:05:58,tp|sl|min-mom|min-atr|position_notional|top-n,3.75|1.14|0.0|0.0002|70.0|8.0,98.107815,0.979082,-0.160115,-0.010569,84,14.448379039764404,tune_tmp/t1440_s8_grid_grid_3p75_1p14_0p0_0p0002_70p0_8p0.yaml
2025-08-24T14:06:16,tp|sl|min-mom|min-atr|position_notional|top-n,3.75|1.14|0.0|0.0002|70.0|10.0,98.107815,0.979082,-0.160115,-0.010569,84,18.33119010925293,tune_tmp/t1440_s8_grid_grid_3p75_1p14_0p0_0p0002_70p0_10p0.yaml
2025-08-24T14:06:30,tp|sl|min-mom|min-atr|position_notional|top-n,3.75|1.14|0.0|0.0002|70.0|12.0,98.107815,0.979082,-0.160115,-0.010569,84,13.972839117050171,tune_tmp/t1440_s8_grid_grid_3p75_1p14_0p0_0p0002_70p0_12p0.yaml
2025-08-24T14:06:45,tp|sl|min-mom|min-atr|position_notional|top-n,3.75|1.14|0.0|0.0002|80.0|8.0,97.837503,0.979082,-0.179302,-0.010569,84,14.584945678710938,tune_tmp/t1440_s8_grid_grid_3p75_1p14_0p0_0p0002_80p0_8p0.yaml
2025-08-24T14:07:00,tp|sl|min-mom|min-atr|position_notional|top-n,3.75|1.14|0.0|0.0002|80.0|10.0,97.837503,0.979082,-0.179302,-0.010569,84,14.887358903884888,tune_tmp/t1440_s8_grid_grid_3p75_1p14_0p0_0p0002_80p0_10p0.yaml
2025-08-24T14:07:15,tp|sl|min-mom|min-atr|position_notional|top-n,3.75|1.14|0.0|0.0002|80.0|12.0,97.837503,0.979082,-0.179302,-0.010569,84,14.671021938323975,tune_tmp/t1440_s8_grid_grid_3p75_1p14_0p0_0p0002_80p0_12p0.yaml
2025-08-24T14:07:29,tp|sl|min-mom|min-atr|position_notional|top-n,3.75|1.14|0.001|0.0|60.0|8.0,98.378127,0.979082,-0.140122,-0.010569,84,14.529896020889282,tune_tmp/t1440_s8_grid_grid_3p75_1p14_0p001_0p0_60p0_8p0.yaml
2025-08-24T14:07:43,tp|sl|min-mom|min-atr|position_notional|top-n,3.75|1.14|0.001|0.0|60.0|10.0,98.378127,0.979082,-0.140122,-0.010569,84,13.863481521606445,tune_tmp/t1440_s8_grid_grid_3p75_1p14_0p001_0p0_60p0_10p0.yaml
2025-08-24T14:07:58,tp|sl|min-mom|min-atr|position_notional|top-n,3.75|1.14|0.001|0.0|60.0|12.0,98.378127,0.979082,-0.140122,-0.010569,84,14.523963689804077,tune_tmp/t1440_s8_grid_grid_3p75_1p14_0p001_0p0_60p0_12p0.yaml
2025-08-24T14:08:13,tp|sl|min-mom|min-atr|position_notional|top-n,3.75|1.14|0.001|0.0|70.0|8.0,98.107815,0.979082,-0.160115,-0.010569,84,15.44898772239685,tune_tmp/t1440_s8_grid_grid_3p75_1p14_0p001_0p0_70p0_8p0.yaml
2025-08-24T14:08:29,tp|sl|min-mom|min-atr|position_notional|top-n,3.75|1.14|0.001|0.0|70.0|10.0,98.107815,0.979082,-0.160115,-0.010569,84,16.1619713306427,tune_tmp/t1440_s8_grid_grid_3p75_1p14_0p001_0p0_70p0_10p0.yaml
2025-08-24T14:08:49,tp|sl|min-mom|min-atr|position_notional|top-n,3.75|1.14|0.001|0.0|70.0|12.0,98.107815,0.979082,-0.160115,-0.010569,84,19.477797269821167,tune_tmp/t1440_s8_grid_grid_3p75_1p14_0p001_0p0_70p0_12p0.yaml
2025-08-24T14:09:11,tp|sl|min-mom|min-atr|position_notional|top-n,3.75|1.14|0.001|0.0|80.0|8.0,97.837503,0.979082,-0.179302,-0.010569,84,22.568767786026,tune_tmp/t1440_s8_grid_grid_3p75_1p14_0p001_0p0_80p0_8p0.yaml
2025-08-24T14:09:35,tp|sl|min-mom|min-atr|position_notional|top-n,3.75|1.14|0.001|0.0|80.0|10.0,97.837503,0.979082,-0.179302,-0.010569,84,23.414700031280518,tune_tmp/t1440_s8_grid_grid_3p75_1p14_0p001_0p0_80p0_10p0.yaml
2025-08-24T14:09:58,tp|sl|min-mom|min-atr|position_notional|top-n,3.75|1.14|0.001|0.0|80.0|12.0,97.837503,0.979082,-0.179302,-0.010569,84,23.692870378494263,tune_tmp/t1440_s8_grid_grid_3p75_1p14_0p001_0p0_80p0_12p0.yaml
2025-08-24T14:10:21,tp|sl|min-mom|min-atr|position_notional|top-n,3.75|1.14|0.001|0.0002|60.0|8.0,98.378127,0.979082,-0.140122,-0.010569,84,23.063923597335815,tune_tmp/t1440_s8_grid_grid_3p75_1p14_0p001_0p0002_60p0_8p0.yaml
2025-08-24T14:10:45,tp|sl|min-mom|min-atr|position_notional|top-n,3.75|1.14|0.001|0.0002|60.0|10.0,98.378127,0.979082,-0.140122,-0.010569,84,23.673787832260132,tune_tmp/t1440_s8_grid_grid_3p75_1p14_0p001_0p0002_60p0_10p0.yaml
2025-08-24T14:11:08,tp|sl|min-mom|min-atr|position_notional|top-n,3.75|1.14|0.001|0.0002|60.0|12.0,98.378127,0.979082,-0.140122,-0.010569,84,22.46893548965454,tune_tmp/t1440_s8_grid_grid_3p75_1p14_0p001_0p0002_60p0_12p0.yaml
2025-08-24T14:11:24,tp|sl|min-mom|min-atr|position_notional|top-n,3.75|1.14|0.001|0.0002|70.0|8.0,98.107815,0.979082,-0.160115,-0.010569,84,16.77255392074585,tune_tmp/t1440_s8_grid_grid_3p75_1p14_0p001_0p0002_70p0_8p0.yaml
2025-08-24T14:11:42,tp|sl|min-mom|min-atr|position_notional|top-n,3.75|1.14|0.001|0.0002|70.0|10.0,98.107815,0.979082,-0.160115,-0.010569,84,17.19071054458618,tune_tmp/t1440_s8_grid_grid_3p75_1p14_0p001_0p0002_70p0_10p0.yaml
2025-08-24T14:11:58,tp|sl|min-mom|min-atr|position_notional|top-n,3.75|1.14|0.001|0.0002|70.0|12.0,98.107815,0.979082,-0.160115,-0.010569,84,16.105413913726807,tune_tmp/t1440_s8_grid_grid_3p75_1p14_0p001_0p0002_70p0_12p0.yaml
2025-08-24T14:12:14,tp|sl|min-mom|min-atr|position_notional|top-n,3.75|1.14|0.001|0.0002|80.0|8.0,97.837503,0.979082,-0.179302,-0.010569,84,16.1885507106781,tune_tmp/t1440_s8_grid_grid_3p75_1p14_0p001_0p0002_80p0_8p0.yaml
2025-08-24T14:12:29,tp|sl|min-mom|min-atr|position_notional|top-n,3.75|1.14|0.001|0.0002|80.0|10.0,97.837503,0.979082,-0.179302,-0.010569,84,14.895015478134155,tune_tmp/t1440_s8_grid_grid_3p75_1p14_0p001_0p0002_80p0_10p0.yaml
2025-08-24T14:12:42,tp|sl|min-mom|min-atr|position_notional|top-n,3.75|1.14|0.001|0.0002|80.0|12.0,97.837503,0.979082,-0.179302,-0.010569,84,13.25351357460022,tune_tmp/t1440_s8_grid_grid_3p75_1p14_0p001_0p0002_80p0_12p0.yaml
2025-08-24T14:12:56,tp|sl|min-mom|min-atr|position_notional|top-n,3.77|1.1|0.0|0.0|60.0|8.0,94.526403,0.930403,-0.150741,-0.036053,87,13.595743179321289,tune_tmp/t1440_s8_grid_grid_3p77_1p1_0p0_0p0_60p0_8p0.yaml
2025-08-24T14:13:12,tp|sl|min-mom|min-atr|position_notional|top-n,3.77|1.1|0.0|0.0|60.0|10.0,94.526403,0.930403,-0.150741,-0.036053,87,16.31831169128418,tune_tmp/t1440_s8_grid_grid_3p77_1p1_0p0_0p0_60p0_10p0.yaml
2025-08-24T14:13:28,tp|sl|min-mom|min-atr|position_notional|top-n,3.77|1.1|0.0|0.0|60.0|12.0,94.526403,0.930403,-0.150741,-0.036053,87,15.782469749450684,tune_tmp/t1440_s8_grid_grid_3p77_1p1_0p0_0p0_60p0_12p0.yaml
2025-08-24T14:13:44,tp|sl|min-mom|min-atr|position_notional|top-n,3.77|1.1|0.0|0.0|70.0|8.0,93.614137,0.930403,-0.172938,-0.036053,87,15.710696935653687,tune_tmp/t1440_s8_grid_grid_3p77_1p1_0p0_0p0_70p0_8p0.yaml
2025-08-24T14:13:59,tp|sl|min-mom|min-atr|position_notional|top-n,3.77|1.1|0.0|0.0|70.0|10.0,93.614137,0.930403,-0.172938,-0.036053,87,15.809932708740234,tune_tmp/t1440_s8_grid_grid_3p77_1p1_0p0_0p0_70p0_10p0.yaml
2025-08-24T14:14:17,tp|sl|min-mom|min-atr|position_notional|top-n,3.77|1.1|0.0|0.0|70.0|12.0,93.614137,0.930403,-0.172938,-0.036053,87,17.581664562225342,tune_tmp/t1440_s8_grid_grid_3p77_1p1_0p0_0p0_70p0_12p0.yaml
2025-08-24T14:14:33,tp|sl|min-mom|min-atr|position_notional|top-n,3.77|1.1|0.0|0.0|80.0|8.0,92.701871,0.930403,-0.194407,-0.036053,87,15.653990983963013,tune_tmp/t1440_s8_grid_grid_3p77_1p1_0p0_0p0_80p0_8p0.yaml
2025-08-24T14:14:47,tp|sl|min-mom|min-atr|position_notional|top-n,3.77|1.1|0.0|0.0|80.0|10.0,92.701871,0.930403,-0.194407,-0.036053,87,14.263529777526855,tune_tmp/t1440_s8_grid_grid_3p77_1p1_0p0_0p0_80p0_10p0.yaml
2025-08-24T14:15:03,tp|sl|min-mom|min-atr|position_notional|top-n,3.77|1.1|0.0|0.0|80.0|12.0,92.701871,0.930403,-0.194407,-0.036053,87,16.048641204833984,tune_tmp/t1440_s8_grid_grid_3p77_1p1_0p0_0p0_80p0_12p0.yaml
2025-08-24T14:15:18,tp|sl|min-mom|min-atr|position_notional|top-n,3.77|1.1|0.0|0.0002|60.0|8.0,94.526403,0.930403,-0.150741,-0.036053,87,15.392313003540039,tune_tmp/t1440_s8_grid_grid_3p77_1p1_0p0_0p0002_60p0_8p0.yaml
2025-08-24T14:15:34,tp|sl|min-mom|min-atr|position_notional|top-n,3.77|1.1|0.0|0.0002|60.0|10.0,94.526403,0.930403,-0.150741,-0.036053,87,15.790489912033081,tune_tmp/t1440_s8_grid_grid_3p77_1p1_0p0_0p0002_60p0_10p0.yaml
2025-08-24T14:15:51,tp|sl|min-mom|min-atr|position_notional|top-n,3.77|1.1|0.0|0.0002|60.0|12.0,94.526403,0.930403,-0.150741,-0.036053,87,16.4311580657959,tune_tmp/t1440_s8_grid_grid_3p77_1p1_0p0_0p0002_60p0_12p0.yaml
2025-08-24T14:16:09,tp|sl|min-mom|min-atr|position_notional|top-n,3.77|1.1|0.0|0.0002|70.0|8.0,93.614137,0.930403,-0.172938,-0.036053,87,17.931569576263428,tune_tmp/t1440_s8_grid_grid_3p77_1p1_0p0_0p0002_70p0_8p0.yaml
2025-08-24T14:16:26,tp|sl|min-mom|min-atr|position_notional|top-n,3.77|1.1|0.0|0.0002|70.0|10.0,93.614137,0.930403,-0.172938,-0.036053,87,17.29372763633728,tune_tmp/t1440_s8_grid_grid_3p77_1p1_0p0_0p0002_70p0_10p0.yaml
2025-08-24T14:16:42,tp|sl|min-mom|min-atr|position_notional|top-n,3.77|1.1|0.0|0.0002|70.0|12.0,93.614137,0.930403,-0.172938,-0.036053,87,15.943213701248169,tune_tmp/t1440_s8_grid_grid_3p77_1p1_0p0_0p0002_70p0_12p0.yaml
2025-08-24T14:16:57,tp|sl|min-mom|min-atr|position_notional|top-n,3.77|1.1|0.0|0.0002|80.0|8.0,92.701871,0.930403,-0.194407,-0.036053,87,15.41663122177124,tune_tmp/t1440_s8_grid_grid_3p77_1p1_0p0_0p0002_80p0_8p0.yaml
2025-08-24T14:17:11,tp|sl|min-mom|min-atr|position_notional|top-n,3.77|1.1|0.0|0.0002|80.0|10.0,92.701871,0.930403,-0.194407,-0.036053,87,14.190328359603882,tune_tmp/t1440_s8_grid_grid_3p77_1p1_0p0_0p0002_80p0_10p0.yaml
2025-08-24T14:17:25,tp|sl|min-mom|min-atr|position_notional|top-n,3.77|1.1|0.0|0.0002|80.0|12.0,92.701871,0.930403,-0.194407,-0.036053,87,13.663257122039795,tune_tmp/t1440_s8_grid_grid_3p77_1p1_0p0_0p0002_80p0_12p0.yaml
2025-08-24T14:17:40,tp|sl|min-mom|min-atr|position_notional|top-n,3.77|1.1|0.001|0.0|60.0|8.0,94.526403,0.930403,-0.150741,-0.036053,87,15.041660070419312,tune_tmp/t1440_s8_grid_grid_3p77_1p1_0p001_0p0_60p0_8p0.yaml
2025-08-24T14:17:54,tp|sl|min-mom|min-atr|position_notional|top-n,3.77|1.1|0.001|0.0|60.0|10.0,94.526403,0.930403,-0.150741,-0.036053,87,14.126909971237183,tune_tmp/t1440_s8_grid_grid_3p77_1p1_0p001_0p0_60p0_10p0.yaml
2025-08-24T14:18:08,tp|sl|min-mom|min-atr|position_notional|top-n,3.77|1.1|0.001|0.0|60.0|12.0,94.526403,0.930403,-0.150741,-0.036053,87,13.490669012069702,tune_tmp/t1440_s8_grid_grid_3p77_1p1_0p001_0p0_60p0_12p0.yaml
2025-08-24T14:18:24,tp|sl|min-mom|min-atr|position_notional|top-n,3.77|1.1|0.001|0.0|70.0|8.0,93.614137,0.930403,-0.172938,-0.036053,87,16.595401287078857,tune_tmp/t1440_s8_grid_grid_3p77_1p1_0p001_0p0_70p0_8p0.yaml
2025-08-24T14:18:39,tp|sl|min-mom|min-atr|position_notional|top-n,3.77|1.1|0.001|0.0|70.0|10.0,93.614137,0.930403,-0.172938,-0.036053,87,14.53516936302185,tune_tmp/t1440_s8_grid_grid_3p77_1p1_0p001_0p0_70p0_10p0.yaml
2025-08-24T14:18:54,tp|sl|min-mom|min-atr|position_notional|top-n,3.77|1.1|0.001|0.0|70.0|12.0,93.614137,0.930403,-0.172938,-0.036053,87,14.840874910354614,tune_tmp/t1440_s8_grid_grid_3p77_1p1_0p001_0p0_70p0_12p0.yaml
2025-08-24T14:19:10,tp|sl|min-mom|min-atr|position_notional|top-n,3.77|1.1|0.001|0.0|80.0|8.0,92.701871,0.930403,-0.194407,-0.036053,87,16.433133125305176,tune_tmp/t1440_s8_grid_grid_3p77_1p1_0p001_0p0_80p0_8p0.yaml
2025-08-24T14:19:25,tp|sl|min-mom|min-atr|position_notional|top-n,3.77|1.1|0.001|0.0|80.0|10.0,92.701871,0.930403,-0.194407,-0.036053,87,15.06978988647461,tune_tmp/t1440_s8_grid_grid_3p77_1p1_0p001_0p0_80p0_10p0.yaml
2025-08-24T14:19:41,tp|sl|min-mom|min-atr|position_notional|top-n,3.77|1.1|0.001|0.0|80.0|12.0,92.701871,0.930403,-0.194407,-0.036053,87,15.61117935180664,tune_tmp/t1440_s8_grid_grid_3p77_1p1_0p001_0p0_80p0_12p0.yaml
2025-08-24T14:19:56,tp|sl|min-mom|min-atr|position_notional|top-n,3.77|1.1|0.001|0.0002|60.0|8.0,94.526403,0.930403,-0.150741,-0.036053,87,15.226073026657104,tune_tmp/t1440_s8_grid_grid_3p77_1p1_0p001_0p0002_60p0_8p0.yaml
2025-08-24T14:20:13,tp|sl|min-mom|min-atr|position_notional|top-n,3.77|1.1|0.001|0.0002|60.0|10.0,94.526403,0.930403,-0.150741,-0.036053,87,16.652799129486084,tune_tmp/t1440_s8_grid_grid_3p77_1p1_0p001_0p0002_60p0_10p0.yaml
2025-08-24T14:20:28,tp|sl|min-mom|min-atr|position_notional|top-n,3.77|1.1|0.001|0.0002|60.0|12.0,94.526403,0.930403,-0.150741,-0.036053,87,15.416808843612671,tune_tmp/t1440_s8_grid_grid_3p77_1p1_0p001_0p0002_60p0_12p0.yaml
2025-08-24T14:20:43,tp|sl|min-mom|min-atr|position_notional|top-n,3.77|1.1|0.001|0.0002|70.0|8.0,93.614137,0.930403,-0.172938,-0.036053,87,14.600283145904541,tune_tmp/t1440_s8_grid_grid_3p77_1p1_0p001_0p0002_70p0_8p0.yaml
2025-08-24T14:20:59,tp|sl|min-mom|min-atr|position_notional|top-n,3.77|1.1|0.001|0.0002|70.0|10.0,93.614137,0.930403,-0.172938,-0.036053,87,15.696300745010376,tune_tmp/t1440_s8_grid_grid_3p77_1p1_0p001_0p0002_70p0_10p0.yaml
2025-08-24T14:21:14,tp|sl|min-mom|min-atr|position_notional|top-n,3.77|1.1|0.001|0.0002|70.0|12.0,93.614137,0.930403,-0.172938,-0.036053,87,15.816084623336792,tune_tmp/t1440_s8_grid_grid_3p77_1p1_0p001_0p0002_70p0_12p0.yaml
2025-08-24T14:21:30,tp|sl|min-mom|min-atr|position_notional|top-n,3.77|1.1|0.001|0.0002|80.0|8.0,92.701871,0.930403,-0.194407,-0.036053,87,15.538440942764282,tune_tmp/t1440_s8_grid_grid_3p77_1p1_0p001_0p0002_80p0_8p0.yaml
2025-08-24T14:21:45,tp|sl|min-mom|min-atr|position_notional|top-n,3.77|1.1|0.001|0.0002|80.0|10.0,92.701871,0.930403,-0.194407,-0.036053,87,14.775607585906982,tune_tmp/t1440_s8_grid_grid_3p77_1p1_0p001_0p0002_80p0_10p0.yaml
2025-08-24T14:21:59,tp|sl|min-mom|min-atr|position_notional|top-n,3.77|1.1|0.001|0.0002|80.0|12.0,92.701871,0.930403,-0.194407,-0.036053,87,14.148784875869751,tune_tmp/t1440_s8_grid_grid_3p77_1p1_0p001_0p0002_80p0_12p0.yaml
2025-08-24T14:22:14,tp|sl|min-mom|min-atr|position_notional|top-n,3.77|1.12|0.0|0.0|60.0|8.0,98.735825,0.98362,-0.139685,-0.008258,84,15.518686294555664,tune_tmp/t1440_s8_grid_grid_3p77_1p12_0p0_0p0_60p0_8p0.yaml
2025-08-24T14:22:29,tp|sl|min-mom|min-atr|position_notional|top-n,3.77|1.12|0.0|0.0|60.0|10.0,98.735825,0.98362,-0.139685,-0.008258,84,14.977038860321045,tune_tmp/t1440_s8_grid_grid_3p77_1p12_0p0_0p0_60p0_10p0.yaml
2025-08-24T14:22:43,tp|sl|min-mom|min-atr|position_notional|top-n,3.77|1.12|0.0|0.0|60.0|12.0,98.735825,0.98362,-0.139685,-0.008258,84,13.699433088302612,tune_tmp/t1440_s8_grid_grid_3p77_1p12_0p0_0p0_60p0_12p0.yaml
2025-08-24T14:22:59,tp|sl|min-mom|min-atr|position_notional|top-n,3.77|1.12|0.0|0.0|70.0|8.0,98.525129,0.98362,-0.159545,-0.008258,84,15.822271585464478,tune_tmp/t1440_s8_grid_grid_3p77_1p12_0p0_0p0_70p0_8p0.yaml
2025-08-24T14:23:16,tp|sl|min-mom|min-atr|position_notional|top-n,3.77|1.12|0.0|0.0|70.0|10.0,98.525129,0.98362,-0.159545,-0.008258,84,16.748052835464478,tune_tmp/t1440_s8_grid_grid_3p77_1p12_0p0_0p0_70p0_10p0.yaml
2025-08-24T14:23:31,tp|sl|min-mom|min-atr|position_notional|top-n,3.77|1.12|0.0|0.0|70.0|12.0,98.525129,0.98362,-0.159545,-0.008258,84,15.408928632736206,tune_tmp/t1440_s8_grid_grid_3p77_1p12_0p0_0p0_70p0_12p0.yaml
2025-08-24T14:23:46,tp|sl|min-mom|min-atr|position_notional|top-n,3.77|1.12|0.0|0.0|80.0|8.0,98.314434,0.98362,-0.178587,-0.008258,84,15.202763795852661,tune_tmp/t1440_s8_grid_grid_3p77_1p12_0p0_0p0_80p0_8p0.yaml
2025-08-24T14:24:02,tp|sl|min-mom|min-atr|position_notional|top-n,3.77|1.12|0.0|0.0|80.0|10.0,98.314434,0.98362,-0.178587,-0.008258,84,15.32877254486084,tune_tmp/t1440_s8_grid_grid_3p77_1p12_0p0_0p0_80p0_10p0.yaml
2025-08-24T14:24:18,tp|sl|min-mom|min-atr|position_notional|top-n,3.77|1.12|0.0|0.0|80.0|12.0,98.314434,0.98362,-0.178587,-0.008258,84,16.177260875701904,tune_tmp/t1440_s8_grid_grid_3p77_1p12_0p0_0p0_80p0_12p0.yaml
2025-08-24T14:24:33,tp|sl|min-mom|min-atr|position_notional|top-n,3.77|1.12|0.0|0.0002|60.0|8.0,98.735825,0.98362,-0.139685,-0.008258,84,15.490687608718872,tune_tmp/t1440_s8_grid_grid_3p77_1p12_0p0_0p0002_60p0_8p0.yaml
2025-08-24T14:24:47,tp|sl|min-mom|min-atr|position_notional|top-n,3.77|1.12|0.0|0.0002|60.0|10.0,98.735825,0.98362,-0.139685,-0.008258,84,13.940963506698608,tune_tmp/t1440_s8_grid_grid_3p77_1p12_0p0_0p0002_60p0_10p0.yaml
2025-08-24T14:25:00,tp|sl|min-mom|min-atr|position_notional|top-n,3.77|1.12|0.0|0.0002|60.0|12.0,98.735825,0.98362,-0.139685,-0.008258,84,12.905659914016724,tune_tmp/t1440_s8_grid_grid_3p77_1p12_0p0_0p0002_60p0_12p0.yaml
2025-08-24T14:25:15,tp|sl|min-mom|min-atr|position_notional|top-n,3.77|1.12|0.0|0.0002|70.0|8.0,98.525129,0.98362,-0.159545,-0.008258,84,14.9996497631073,tune_tmp/t1440_s8_grid_grid_3p77_1p12_0p0_0p0002_70p0_8p0.yaml
2025-08-24T14:25:30,tp|sl|min-mom|min-atr|position_notional|top-n,3.77|1.12|0.0|0.0002|70.0|10.0,98.525129,0.98362,-0.159545,-0.008258,84,14.849829196929932,tune_tmp/t1440_s8_grid_grid_3p77_1p12_0p0_0p0002_70p0_10p0.yaml
2025-08-24T14:25:45,tp|sl|min-mom|min-atr|position_notional|top-n,3.77|1.12|0.0|0.0002|70.0|12.0,98.525129,0.98362,-0.159545,-0.008258,84,14.787644624710083,tune_tmp/t1440_s8_grid_grid_3p77_1p12_0p0_0p0002_70p0_12p0.yaml
2025-08-24T14:25:59,tp|sl|min-mom|min-atr|position_notional|top-n,3.77|1.12|0.0|0.0002|80.0|8.0,98.314434,0.98362,-0.178587,-0.008258,84,14.547510623931885,tune_tmp/t1440_s8_grid_grid_3p77_1p12_0p0_0p0002_80p0_8p0.yaml
2025-08-24T14:26:15,tp|sl|min-mom|min-atr|position_notional|top-n,3.77|1.12|0.0|0.0002|80.0|10.0,98.314434,0.98362,-0.178587,-0.008258,84,15.955516815185547,tune_tmp/t1440_s8_grid_grid_3p77_1p12_0p0_0p0002_80p0_10p0.yaml
2025-08-24T14:26:29,tp|sl|min-mom|min-atr|position_notional|top-n,3.77|1.12|0.0|0.0002|80.0|12.0,98.314434,0.98362,-0.178587,-0.008258,84,13.933506727218628,tune_tmp/t1440_s8_grid_grid_3p77_1p12_0p0_0p0002_80p0_12p0.yaml
2025-08-24T14:26:44,tp|sl|min-mom|min-atr|position_notional|top-n,3.77|1.12|0.001|0.0|60.0|8.0,98.735825,0.98362,-0.139685,-0.008258,84,14.285855531692505,tune_tmp/t1440_s8_grid_grid_3p77_1p12_0p001_0p0_60p0_8p0.yaml
2025-08-24T14:26:58,tp|sl|min-mom|min-atr|position_notional|top-n,3.77|1.12|0.001|0.0|60.0|10.0,98.735825,0.98362,-0.139685,-0.008258,84,14.584287166595459,tune_tmp/t1440_s8_grid_grid_3p77_1p12_0p001_0p0_60p0_10p0.yaml
2025-08-24T14:27:14,tp|sl|min-mom|min-atr|position_notional|top-n,3.77|1.12|0.001|0.0|60.0|12.0,98.735825,0.98362,-0.139685,-0.008258,84,15.743935585021973,tune_tmp/t1440_s8_grid_grid_3p77_1p12_0p001_0p0_60p0_12p0.yaml
2025-08-24T14:27:30,tp|sl|min-mom|min-atr|position_notional|top-n,3.77|1.12|0.001|0.0|70.0|8.0,98.525129,0.98362,-0.159545,-0.008258,84,15.65522027015686,tune_tmp/t1440_s8_grid_grid_3p77_1p12_0p001_0p0_70p0_8p0.yaml
2025-08-24T14:27:45,tp|sl|min-mom|min-atr|position_notional|top-n,3.77|1.12|0.001|0.0|70.0|10.0,98.525129,0.98362,-0.159545,-0.008258,84,15.176462411880493,tune_tmp/t1440_s8_grid_grid_3p77_1p12_0p001_0p0_70p0_10p0.yaml
2025-08-24T14:27:59,tp|sl|min-mom|min-atr|position_notional|top-n,3.77|1.12|0.001|0.0|70.0|12.0,98.525129,0.98362,-0.159545,-0.008258,84,14.237891912460327,tune_tmp/t1440_s8_grid_grid_3p77_1p12_0p001_0p0_70p0_12p0.yaml
2025-08-24T14:28:16,tp|sl|min-mom|min-atr|position_notional|top-n,3.77|1.12|0.001|0.0|80.0|8.0,98.314434,0.98362,-0.178587,-0.008258,84,16.826752185821533,tune_tmp/t1440_s8_grid_grid_3p77_1p12_0p001_0p0_80p0_8p0.yaml
2025-08-24T14:28:30,tp|sl|min-mom|min-atr|position_notional|top-n,3.77|1.12|0.001|0.0|80.0|10.0,98.314434,0.98362,-0.178587,-0.008258,84,14.576794147491455,tune_tmp/t1440_s8_grid_grid_3p77_1p12_0p001_0p0_80p0_10p0.yaml
2025-08-24T14:28:44,tp|sl|min-mom|min-atr|position_notional|top-n,3.77|1.12|0.001|0.0|80.0|12.0,98.314434,0.98362,-0.178587,-0.008258,84,13.700032472610474,tune_tmp/t1440_s8_grid_grid_3p77_1p12_0p001_0p0_80p0_12p0.yaml
2025-08-24T14:28:58,tp|sl|min-mom|min-atr|position_notional|top-n,3.77|1.12|0.001|0.0002|60.0|8.0,98.735825,0.98362,-0.139685,-0.008258,84,14.143841981887817,tune_tmp/t1440_s8_grid_grid_3p77_1p12_0p001_0p0002_60p0_8p0.yaml
2025-08-24T14:29:13,tp|sl|min-mom|min-atr|position_notional|top-n,3.77|1.12|0.001|0.0002|60.0|10.0,98.735825,0.98362,-0.139685,-0.008258,84,15.028111219406128,tune_tmp/t1440_s8_grid_grid_3p77_1p12_0p001_0p0002_60p0_10p0.yaml
2025-08-24T14:29:29,tp|sl|min-mom|min-atr|position_notional|top-n,3.77|1.12|0.001|0.0002|60.0|12.0,98.735825,0.98362,-0.139685,-0.008258,84,15.804429054260254,tune_tmp/t1440_s8_grid_grid_3p77_1p12_0p001_0p0002_60p0_12p0.yaml
2025-08-24T14:29:43,tp|sl|min-mom|min-atr|position_notional|top-n,3.77|1.12|0.001|0.0002|70.0|8.0,98.525129,0.98362,-0.159545,-0.008258,84,14.33145260810852,tune_tmp/t1440_s8_grid_grid_3p77_1p12_0p001_0p0002_70p0_8p0.yaml
2025-08-24T14:29:58,tp|sl|min-mom|min-atr|position_notional|top-n,3.77|1.12|0.001|0.0002|70.0|10.0,98.525129,0.98362,-0.159545,-0.008258,84,14.539703607559204,tune_tmp/t1440_s8_grid_grid_3p77_1p12_0p001_0p0002_70p0_10p0.yaml
2025-08-24T14:30:14,tp|sl|min-mom|min-atr|position_notional|top-n,3.77|1.12|0.001|0.0002|70.0|12.0,98.525129,0.98362,-0.159545,-0.008258,84,15.965563535690308,tune_tmp/t1440_s8_grid_grid_3p77_1p12_0p001_0p0002_70p0_12p0.yaml
2025-08-24T14:30:29,tp|sl|min-mom|min-atr|position_notional|top-n,3.77|1.12|0.001|0.0002|80.0|8.0,98.314434,0.98362,-0.178587,-0.008258,84,15.525930166244507,tune_tmp/t1440_s8_grid_grid_3p77_1p12_0p001_0p0002_80p0_8p0.yaml
2025-08-24T14:30:45,tp|sl|min-mom|min-atr|position_notional|top-n,3.77|1.12|0.001|0.0002|80.0|10.0,98.314434,0.98362,-0.178587,-0.008258,84,15.0806143283844,tune_tmp/t1440_s8_grid_grid_3p77_1p12_0p001_0p0002_80p0_10p0.yaml
2025-08-24T14:30:59,tp|sl|min-mom|min-atr|position_notional|top-n,3.77|1.12|0.001|0.0002|80.0|12.0,98.314434,0.98362,-0.178587,-0.008258,84,14.781615495681763,tune_tmp/t1440_s8_grid_grid_3p77_1p12_0p001_0p0002_80p0_12p0.yaml
2025-08-24T14:31:16,tp|sl|min-mom|min-atr|position_notional|top-n,3.77|1.14|0.0|0.0|60.0|8.0,98.378127,0.979082,-0.140122,-0.010569,84,16.835131883621216,tune_tmp/t1440_s8_grid_grid_3p77_1p14_0p0_0p0_60p0_8p0.yaml
2025-08-24T14:31:30,tp|sl|min-mom|min-atr|position_notional|top-n,3.77|1.14|0.0|0.0|60.0|10.0,98.378127,0.979082,-0.140122,-0.010569,84,13.755948781967163,tune_tmp/t1440_s8_grid_grid_3p77_1p14_0p0_0p0_60p0_10p0.yaml
2025-08-24T14:31:44,tp|sl|min-mom|min-atr|position_notional|top-n,3.77|1.14|0.0|0.0|60.0|12.0,98.378127,0.979082,-0.140122,-0.010569,84,13.678634405136108,tune_tmp/t1440_s8_grid_grid_3p77_1p14_0p0_0p0_60p0_12p0.yaml
2025-08-24T14:31:57,tp|sl|min-mom|min-atr|position_notional|top-n,3.77|1.14|0.0|0.0|70.0|8.0,98.107815,0.979082,-0.160115,-0.010569,84,13.627593517303467,tune_tmp/t1440_s8_grid_grid_3p77_1p14_0p0_0p0_70p0_8p0.yaml
2025-08-24T14:32:13,tp|sl|min-mom|min-atr|position_notional|top-n,3.77|1.14|0.0|0.0|70.0|10.0,98.107815,0.979082,-0.160115,-0.010569,84,15.38241457939148,tune_tmp/t1440_s8_grid_grid_3p77_1p14_0p0_0p0_70p0_10p0.yaml
2025-08-24T14:32:28,tp|sl|min-mom|min-atr|position_notional|top-n,3.77|1.14|0.0|0.0|70.0|12.0,98.107815,0.979082,-0.160115,-0.010569,84,15.28798246383667,tune_tmp/t1440_s8_grid_grid_3p77_1p14_0p0_0p0_70p0_12p0.yaml
2025-08-24T14:32:42,tp|sl|min-mom|min-atr|position_notional|top-n,3.77|1.14|0.0|0.0|80.0|8.0,97.837503,0.979082,-0.179302,-0.010569,84,14.370860815048218,tune_tmp/t1440_s8_grid_grid_3p77_1p14_0p0_0p0_80p0_8p0.yaml
2025-08-24T14:32:57,tp|sl|min-mom|min-atr|position_notional|top-n,3.77|1.14|0.0|0.0|80.0|10.0,97.837503,0.979082,-0.179302,-0.010569,84,14.66137170791626,tune_tmp/t1440_s8_grid_grid_3p77_1p14_0p0_0p0_80p0_10p0.yaml
2025-08-24T14:33:12,tp|sl|min-mom|min-atr|position_notional|top-n,3.77|1.14|0.0|0.0|80.0|12.0,97.837503,0.979082,-0.179302,-0.010569,84,15.370811223983765,tune_tmp/t1440_s8_grid_grid_3p77_1p14_0p0_0p0_80p0_12p0.yaml
2025-08-24T14:33:29,tp|sl|min-mom|min-atr|position_notional|top-n,3.77|1.14|0.0|0.0002|60.0|8.0,98.378127,0.979082,-0.140122,-0.010569,84,16.213109493255615,tune_tmp/t1440_s8_grid_grid_3p77_1p14_0p0_0p0002_60p0_8p0.yaml
2025-08-24T14:33:44,tp|sl|min-mom|min-atr|position_notional|top-n,3.77|1.14|0.0|0.0002|60.0|10.0,98.378127,0.979082,-0.140122,-0.010569,84,15.671790599822998,tune_tmp/t1440_s8_grid_grid_3p77_1p14_0p0_0p0002_60p0_10p0.yaml
2025-08-24T14:33:59,tp|sl|min-mom|min-atr|position_notional|top-n,3.77|1.14|0.0|0.0002|60.0|12.0,98.378127,0.979082,-0.140122,-0.010569,84,14.370514154434204,tune_tmp/t1440_s8_grid_grid_3p77_1p14_0p0_0p0002_60p0_12p0.yaml
2025-08-24T14:34:15,tp|sl|min-mom|min-atr|position_notional|top-n,3.77|1.14|0.0|0.0002|70.0|8.0,98.107815,0.979082,-0.160115,-0.010569,84,16.261977910995483,tune_tmp/t1440_s8_grid_grid_3p77_1p14_0p0_0p0002_70p0_8p0.yaml
2025-08-24T14:34:30,tp|sl|min-mom|min-atr|position_notional|top-n,3.77|1.14|0.0|0.0002|70.0|10.0,98.107815,0.979082,-0.160115,-0.010569,84,15.434725046157837,tune_tmp/t1440_s8_grid_grid_3p77_1p14_0p0_0p0002_70p0_10p0.yaml
2025-08-24T14:34:46,tp|sl|min-mom|min-atr|position_notional|top-n,3.77|1.14|0.0|0.0002|70.0|12.0,98.107815,0.979082,-0.160115,-0.010569,84,15.839877128601074,tune_tmp/t1440_s8_grid_grid_3p77_1p14_0p0_0p0002_70p0_12p0.yaml
2025-08-24T14:35:03,tp|sl|min-mom|min-atr|position_notional|top-n,3.77|1.14|0.0|0.0002|80.0|8.0,97.837503,0.979082,-0.179302,-0.010569,84,16.513999223709106,tune_tmp/t1440_s8_grid_grid_3p77_1p14_0p0_0p0002_80p0_8p0.yaml
2025-08-24T14:35:18,tp|sl|min-mom|min-atr|position_notional|top-n,3.77|1.14|0.0|0.0002|80.0|10.0,97.837503,0.979082,-0.179302,-0.010569,84,15.550093173980713,tune_tmp/t1440_s8_grid_grid_3p77_1p14_0p0_0p0002_80p0_10p0.yaml
2025-08-24T14:35:34,tp|sl|min-mom|min-atr|position_notional|top-n,3.77|1.14|0.0|0.0002|80.0|12.0,97.837503,0.979082,-0.179302,-0.010569,84,15.977507829666138,tune_tmp/t1440_s8_grid_grid_3p77_1p14_0p0_0p0002_80p0_12p0.yaml
2025-08-24T14:35:52,tp|sl|min-mom|min-atr|position_notional|top-n,3.77|1.14|0.001|0.0|60.0|8.0,98.378127,0.979082,-0.140122,-0.010569,84,17.354605197906494,tune_tmp/t1440_s8_grid_grid_3p77_1p14_0p001_0p0_60p0_8p0.yaml
2025-08-24T14:36:08,tp|sl|min-mom|min-atr|position_notional|top-n,3.77|1.14|0.001|0.0|60.0|10.0,98.378127,0.979082,-0.140122,-0.010569,84,16.606856107711792,tune_tmp/t1440_s8_grid_grid_3p77_1p14_0p001_0p0_60p0_10p0.yaml
2025-08-24T14:36:24,tp|sl|min-mom|min-atr|position_notional|top-n,3.77|1.14|0.001|0.0|60.0|12.0,98.378127,0.979082,-0.140122,-0.010569,84,15.558988332748413,tune_tmp/t1440_s8_grid_grid_3p77_1p14_0p001_0p0_60p0_12p0.yaml
2025-08-24T14:36:39,tp|sl|min-mom|min-atr|position_notional|top-n,3.77|1.14|0.001|0.0|70.0|8.0,98.107815,0.979082,-0.160115,-0.010569,84,15.15874981880188,tune_tmp/t1440_s8_grid_grid_3p77_1p14_0p001_0p0_70p0_8p0.yaml
2025-08-24T14:36:54,tp|sl|min-mom|min-atr|position_notional|top-n,3.77|1.14|0.001|0.0|70.0|10.0,98.107815,0.979082,-0.160115,-0.010569,84,15.159610986709595,tune_tmp/t1440_s8_grid_grid_3p77_1p14_0p001_0p0_70p0_10p0.yaml
2025-08-24T14:37:10,tp|sl|min-mom|min-atr|position_notional|top-n,3.77|1.14|0.001|0.0|70.0|12.0,98.107815,0.979082,-0.160115,-0.010569,84,15.413666009902954,tune_tmp/t1440_s8_grid_grid_3p77_1p14_0p001_0p0_70p0_12p0.yaml
2025-08-24T14:37:25,tp|sl|min-mom|min-atr|position_notional|top-n,3.77|1.14|0.001|0.0|80.0|8.0,97.837503,0.979082,-0.179302,-0.010569,84,15.888034343719482,tune_tmp/t1440_s8_grid_grid_3p77_1p14_0p001_0p0_80p0_8p0.yaml
2025-08-24T14:37:42,tp|sl|min-mom|min-atr|position_notional|top-n,3.77|1.14|0.001|0.0|80.0|10.0,97.837503,0.979082,-0.179302,-0.010569,84,16.474148511886597,tune_tmp/t1440_s8_grid_grid_3p77_1p14_0p001_0p0_80p0_10p0.yaml
2025-08-24T14:37:58,tp|sl|min-mom|min-atr|position_notional|top-n,3.77|1.14|0.001|0.0|80.0|12.0,97.837503,0.979082,-0.179302,-0.010569,84,16.283116340637207,tune_tmp/t1440_s8_grid_grid_3p77_1p14_0p001_0p0_80p0_12p0.yaml
2025-08-24T14:38:15,tp|sl|min-mom|min-atr|position_notional|top-n,3.77|1.14|0.001|0.0002|60.0|8.0,98.378127,0.979082,-0.140122,-0.010569,84,17.09070134162903,tune_tmp/t1440_s8_grid_grid_3p77_1p14_0p001_0p0002_60p0_8p0.yaml
2025-08-24T14:38:30,tp|sl|min-mom|min-atr|position_notional|top-n,3.77|1.14|0.001|0.0002|60.0|10.0,98.378127,0.979082,-0.140122,-0.010569,84,14.87777066230774,tune_tmp/t1440_s8_grid_grid_3p77_1p14_0p001_0p0002_60p0_10p0.yaml
2025-08-24T14:38:45,tp|sl|min-mom|min-atr|position_notional|top-n,3.77|1.14|0.001|0.0002|60.0|12.0,98.378127,0.979082,-0.140122,-0.010569,84,15.100107431411743,tune_tmp/t1440_s8_grid_grid_3p77_1p14_0p001_0p0002_60p0_12p0.yaml
2025-08-24T14:39:00,tp|sl|min-mom|min-atr|position_notional|top-n,3.77|1.14|0.001|0.0002|70.0|8.0,98.107815,0.979082,-0.160115,-0.010569,84,14.312649488449097,tune_tmp/t1440_s8_grid_grid_3p77_1p14_0p001_0p0002_70p0_8p0.yaml
2025-08-24T14:39:15,tp|sl|min-mom|min-atr|position_notional|top-n,3.77|1.14|0.001|0.0002|70.0|10.0,98.107815,0.979082,-0.160115,-0.010569,84,15.480504989624023,tune_tmp/t1440_s8_grid_grid_3p77_1p14_0p001_0p0002_70p0_10p0.yaml
2025-08-24T14:39:29,tp|sl|min-mom|min-atr|position_notional|top-n,3.77|1.14|0.001|0.0002|70.0|12.0,98.107815,0.979082,-0.160115,-0.010569,84,13.689204454421997,tune_tmp/t1440_s8_grid_grid_3p77_1p14_0p001_0p0002_70p0_12p0.yaml
2025-08-24T14:39:43,tp|sl|min-mom|min-atr|position_notional|top-n,3.77|1.14|0.001|0.0002|80.0|8.0,97.837503,0.979082,-0.179302,-0.010569,84,14.393330097198486,tune_tmp/t1440_s8_grid_grid_3p77_1p14_0p001_0p0002_80p0_8p0.yaml
2025-08-24T14:39:58,tp|sl|min-mom|min-atr|position_notional|top-n,3.77|1.14|0.001|0.0002|80.0|10.0,97.837503,0.979082,-0.179302,-0.010569,84,14.931096315383911,tune_tmp/t1440_s8_grid_grid_3p77_1p14_0p001_0p0002_80p0_10p0.yaml
2025-08-24T14:40:16,tp|sl|min-mom|min-atr|position_notional|top-n,3.77|1.14|0.001|0.0002|80.0|12.0,97.837503,0.979082,-0.179302,-0.010569,84,17.742939233779907,tune_tmp/t1440_s8_grid_grid_3p77_1p14_0p001_0p0002_80p0_12p0.yaml
