symbol,side,entry_time,exit_time,entry,exit,tp,sl,reason,gross_return,net_return,notional,fees_paid,realized_pnl
M/USDT:USDT,SHORT,2025-09-08T05:05:00+00:00,2025-09-08T06:00:00+00:00,1.8434,1.776151750756915,1.776151750756915,1.8604580924909289,TP,0.03648055182981721,0.03288055182981721,2.2,0.0044,0.07233721402559787
BIO/USDT:USDT,LONG,2025-09-08T05:00:00+00:00,2025-09-08T06:10:00+00:00,0.17407,0.1717402563281823,0.18325456639851215,0.1717402563281823,SL,-0.013383947100693443,-0.016983947100693446,2.2,0.0044,-0.037364683621525584
M/USDT:USDT,SHORT,2025-09-08T06:00:00+00:00,2025-09-08T06:25:00+00:00,1.7675,1.784977632579282,1.6985977946393693,1.784977632579282,SL,-0.009888335264091672,-0.013488335264091673,2.2,0.0044,-0.029674337581001683
IDOL/USDT:USDT,SHORT,2025-09-08T05:00:00+00:00,2025-09-08T06:40:00+00:00,0.03109,0.03138986482858641,0.029907840579611274,0.03138986482858641,SL,-0.009645057207668437,-0.013245057207668437,2.2,0.0044,-0.029139125856870566
M/USDT:USDT,SHORT,2025-09-08T06:25:00+00:00,2025-09-08T06:40:00+00:00,1.7888,1.8064214176259508,1.719330949743848,1.8064214176259508,SL,-0.00985097139196714,-0.01345097139196714,2.2,0.0044,-0.02959213706232771
IDOL/USDT:USDT,LONG,2025-09-08T06:40:00+00:00,2025-09-08T06:55:00+00:00,0.03145,0.031131695363286048,0.032704854817814606,0.031131695363286048,SL,-0.010120974140348198,-0.013720974140348199,2.2,0.0044,-0.03018614310876604
BIO/USDT:USDT,LONG,2025-09-08T06:10:00+00:00,2025-09-08T07:10:00+00:00,0.17067,0.16865102108444774,0.17862943610938867,0.16865102108444774,SL,-0.01182972353402619,-0.01542972353402619,2.2,0.0044,-0.03394539177485762
IDOL/USDT:USDT,LONG,2025-09-08T07:00:00+00:00,2025-09-08T07:15:00+00:00,0.03129,0.0309549643604439,0.03261081357901924,0.0309549643604439,SL,-0.010707434949060401,-0.014307434949060402,2.2,0.0044,-0.03147635688793289
M/USDT:USDT,SHORT,2025-09-08T06:40:00+00:00,2025-09-08T07:30:00+00:00,1.8119,1.7412650315551144,1.7412650315551144,1.8298171627274833,TP,0.03898392209552718,0.03538392209552718,2.2,0.0044,0.07784462861015981
BIO/USDT:USDT,LONG,2025-09-08T07:10:00+00:00,2025-09-08T07:45:00+00:00,0.16834,0.1666928889437868,0.17483341858699428,0.1666928889437868,SL,-0.009784430653517761,-0.013384430653517762,2.2,0.0044,-0.02944574743773908
TA/USDT:USDT,LONG,2025-09-08T05:00:00+00:00,2025-09-08T08:35:00+00:00,0.14166,0.18575956494773832,0.18575956494773832,0.1304737688913054,TP,0.31130569636974664,0.30770569636974665,2.2,0.0044,0.6769525320134426
TA/USDT:USDT,LONG,2025-09-08T08:35:00+00:00,2025-09-08T10:20:00+00:00,0.1939,0.2241472282366185,0.2241472282366185,0.18622753234973577,TP,0.15599395686755296,0.15239395686755297,2.2,0.0044,0.33526670510861656
TA/USDT:USDT,LONG,2025-09-08T10:20:00+00:00,2025-09-08T10:40:00+00:00,0.22575,0.2159738593462093,0.2642905545005211,0.2159738593462093,SL,-0.043305163471941105,-0.046905163471941104,2.2,0.0044,-0.10319135963827043
M/USDT:USDT,SHORT,2025-09-08T07:30:00+00:00,2025-09-08T10:45:00+00:00,1.7376,1.7563347299043266,1.6637419301848664,1.7563347299043266,SL,-0.010781957817867498,-0.014381957817867498,2.2,0.0044,-0.0316403071993085
FHE/USDT:USDT,LONG,2025-09-08T10:30:00+00:00,2025-09-08T10:45:00+00:00,0.05655,0.056067557848196364,0.058451935406148965,0.056067557848196364,SL,-0.00853124936876461,-0.012131249368764611,2.2,0.0044,-0.026688748611282148
TA/USDT:USDT,LONG,2025-09-08T10:40:00+00:00,2025-09-08T10:50:00+00:00,0.21369,0.20338769322123812,0.25430486326242663,0.20338769322123812,SL,-0.048211459491608745,-0.051811459491608744,2.2,0.0044,-0.11398521088153925
FHE/USDT:USDT,SHORT,2025-09-08T10:45:00+00:00,2025-09-08T10:50:00+00:00,0.05428,0.054924943661629956,0.05173743364165114,0.054924943661629956,SL,-0.011881791850220232,-0.015481791850220233,2.2,0.0044,-0.03405994207048452
IDOL/USDT:USDT,SHORT,2025-09-08T07:15:00+00:00,2025-09-08T11:05:00+00:00,0.0309,0.03121394537175829,0.02966233074595289,0.03121394537175829,SL,-0.010160044393472178,-0.01376004439347218,2.2,0.0044,-0.030272097665638795
FHE/USDT:USDT,LONG,2025-09-08T10:55:00+00:00,2025-09-08T11:30:00+00:00,0.05527,0.054623855720329274,0.057817299564086516,0.054623855720329274,SL,-0.011690687166106845,-0.015290687166106846,2.2,0.0044,-0.033639511765435066
FHE/USDT:USDT,LONG,2025-09-08T11:30:00+00:00,2025-09-08T12:05:00+00:00,0.05454,0.05667291115203015,0.05667291115203015,0.05399896887850942,TP,0.03910728184873769,0.03550728184873769,2.2,0.0044,0.07811602006722293
AIOT/USDT:USDT,SHORT,2025-09-08T10:50:00+00:00,2025-09-08T12:10:00+00:00,1.52552,1.4743044887239878,1.4743044887239878,1.5385112516407446,TP,0.03357249415019941,0.02997249415019941,2.2,0.0044,0.0659394871304387
FHE/USDT:USDT,LONG,2025-09-08T12:05:00+00:00,2025-09-08T12:10:00+00:00,0.0574,0.056783454761853085,0.05983061103500225,0.056783454761853085,SL,-0.010741206239493293,-0.014341206239493294,2.2,0.0044,-0.03155065372688525
TA/USDT:USDT,LONG,2025-09-08T10:50:00+00:00,2025-09-08T12:15:00+00:00,0.19764,0.24522771373137808,0.24522771373137808,0.18556897017545532,TP,0.2407797699422084,0.2371797699422084,2.2,0.0044,0.5217954938728585
AIOT/USDT:USDT,SHORT,2025-09-08T12:10:00+00:00,2025-09-08T12:15:00+00:00,1.20265,1.2822931224401823,0.888672305764666,1.2822931224401823,SL,-0.06622302618399563,-0.06982302618399563,2.2,0.0044,-0.1536106576047904
AIOT/USDT:USDT,SHORT,2025-09-08T12:15:00+00:00,2025-09-08T12:40:00+00:00,1.31402,1.408567813694455,0.9412834267814756,1.408567813694455,SL,-0.07195310093792719,-0.07555310093792719,2.2,0.0044,-0.16621682206343982
FHE/USDT:USDT,LONG,2025-09-08T12:10:00+00:00,2025-09-08T12:50:00+00:00,0.05678,0.059341567389644946,0.059341567389644946,0.056130236564577864,TP,0.0451139026002985,0.041513902600298504,2.2,0.0044,0.09133058572065672
FHE/USDT:USDT,LONG,2025-09-08T12:50:00+00:00,2025-09-08T12:55:00+00:00,0.05998,0.05920034681234041,0.0630536327590426,0.05920034681234041,SL,-0.012998552645208194,-0.016598552645208195,2.2,0.0044,-0.03651681581945803
IDOL/USDT:USDT,LONG,2025-09-08T11:05:00+00:00,2025-09-08T13:00:00+00:00,0.03141,0.031098096655751417,0.03263961895328768,0.031098096655751417,SL,-0.009930065082731082,-0.013530065082731083,2.2,0.0044,-0.029766143182008386
AIOT/USDT:USDT,SHORT,2025-09-08T12:40:00+00:00,2025-09-08T13:15:00+00:00,1.42576,1.5157412178118777,1.0710263528570207,1.5157412178118777,SL,-0.06311105502460283,-0.06671105502460284,2.2,0.0044,-0.14676432105412626
IDOL/USDT:USDT,SHORT,2025-09-08T13:00:00+00:00,2025-09-08T13:20:00+00:00,0.03093,0.03131263602861679,0.029421531041029982,0.03131263602861679,SL,-0.012371032286349441,-0.01597103228634944,2.2,0.0044,-0.035136271029968774
TA/USDT:USDT,LONG,2025-09-08T12:15:00+00:00,2025-09-08T13:25:00+00:00,0.25347,0.3038272527361472,0.3038272527361472,0.24069645296448947,TP,0.19867145120190643,0.19507145120190644,2.2,0.0044,0.4291571926441942
TA/USDT:USDT,LONG,2025-09-08T13:25:00+00:00,2025-09-08T13:30:00+00:00,0.31901,0.3020273272741667,0.38596092132299664,0.3020273272741667,SL,-0.053235549750269,-0.056835549750269,2.2,0.0044,-0.1250382094505918
IDOL/USDT:USDT,LONG,2025-09-08T13:20:00+00:00,2025-09-08T13:35:00+00:00,0.03148,0.03111430171768732,0.032921695151425,0.03111430171768732,SL,-0.011616845054405377,-0.015216845054405377,2.2,0.0044,-0.033477059119691836
FHE/USDT:USDT,LONG,2025-09-08T12:55:00+00:00,2025-09-08T13:55:00+00:00,0.0588,0.05787175061145895,0.06245944470482527,0.05787175061145895,SL,-0.01578655422688853,-0.01938655422688853,2.2,0.0044,-0.042650419299154765
FHE/USDT:USDT,LONG,2025-09-08T13:55:00+00:00,2025-09-08T14:55:00+00:00,0.05681,0.060566557981630374,0.060566557981630374,0.05585711699978156,TP,0.06612494246841005,0.06252494246841005,2.2,0.0044,0.13755487343050213
M/USDT:USDT,SHORT,2025-09-08T10:45:00+00:00,2025-09-08T15:10:00+00:00,1.7616,1.7875824973285215,1.6591690009164064,1.7875824973285215,SL,-0.014749374051158847,-0.01834937405115885,2.2,0.0044,-0.04036862291254947
M/USDT:USDT,LONG,2025-09-08T15:10:00+00:00,2025-09-08T15:25:00+00:00,1.8,1.881667528444922,1.881667528444922,1.7792843342481175,TP,0.045370849136067766,0.04177084913606777,2.2,0.0044,0.09189586809934909
AIOT/USDT:USDT,SHORT,2025-09-08T13:15:00+00:00,2025-09-08T15:30:00+00:00,1.51582,1.2044934037840138,1.2044934037840138,1.5947906487962502,TP,0.20538493766805171,0.20178493766805172,2.2,0.0044,0.44392686286971383
AIOT/USDT:USDT,SHORT,2025-09-08T15:30:00+00:00,2025-09-08T15:50:00+00:00,1.20373,1.245824979520883,1.037778638427288,1.245824979520883,SL,-0.034970449785984334,-0.03857044978598433,2.2,0.0044,-0.08485498952916554
IDOL/USDT:USDT,LONG,2025-09-08T13:35:00+00:00,2025-09-08T16:00:00+00:00,0.03094,0.0305911726216323,0.0323151848570265,0.0305911726216323,SL,-0.011274317335736838,-0.014874317335736839,2.2,0.0044,-0.03272349813862105
FLOCK/USDT:USDT,SHORT,2025-09-08T16:05:00+00:00,2025-09-08T16:15:00+00:00,0.25578,0.2579404762384227,0.24726273790621833,0.2579404762384227,SL,-0.008446619119644588,-0.012046619119644589,2.2,0.0044,-0.026502562063218098
IDOL/USDT:USDT,SHORT,2025-09-08T16:20:00+00:00,2025-09-08T16:25:00+00:00,0.02967,0.029953176566680968,0.028553630842892325,0.029953176566680968,SL,-0.00954420514597132,-0.013144205145971321,2.2,0.0044,-0.028917251321136907
TA/USDT:USDT,LONG,2025-09-08T13:30:00+00:00,2025-09-08T16:30:00+00:00,0.29383,0.368163998371354,0.368163998371354,0.2749745467545833,TP,0.2529830118481912,0.24938301184819123,2.2,0.0044,0.5486426260660208
FLOCK/USDT:USDT,SHORT,2025-09-08T16:20:00+00:00,2025-09-08T16:30:00+00:00,0.26054,0.26276565914570504,0.2517657668294321,0.26276565914570504,SL,-0.0085424853984227,-0.0121424853984227,2.2,0.0044,-0.026713467876529944
FLOCK/USDT:USDT,SHORT,2025-09-08T16:30:00+00:00,2025-09-08T16:45:00+00:00,0.26283,0.26515837752869464,0.2536508193580307,0.26515837752869464,SL,-0.00885887276450419,-0.01245887276450419,2.2,0.0044,-0.027409520081909222
FHE/USDT:USDT,LONG,2025-09-08T14:55:00+00:00,2025-09-08T16:55:00+00:00,0.0608,0.0597843354686182,0.06480406209487055,0.0597843354686182,SL,-0.016705008739832224,-0.020305008739832223,2.2,0.0044,-0.04467101922763089
TA/USDT:USDT,LONG,2025-09-08T16:30:00+00:00,2025-09-08T16:55:00+00:00,0.37372,0.3567751910632215,0.4405216506161461,0.3567751910632215,SL,-0.04534092084121407,-0.04894092084121407,2.2,0.0044,-0.10767002585067097
TA/USDT:USDT,LONG,2025-09-08T16:55:00+00:00,2025-09-08T17:00:00+00:00,0.32159,0.3014029327501872,0.4011736305040696,0.3014029327501872,SL,-0.06277268338509526,-0.06637268338509526,2.2,0.0044,-0.14601990344720958
FHE/USDT:USDT,LONG,2025-09-08T16:55:00+00:00,2025-09-08T17:05:00+00:00,0.05965,0.05846328454921292,0.06432839745021829,0.05846328454921292,SL,-0.01989464293021088,-0.023494642930210884,2.2,0.0044,-0.051688214446463945
TA/USDT:USDT,LONG,2025-09-08T17:00:00+00:00,2025-09-08T17:05:00+00:00,0.28081,0.25813886612517384,0.37018658546806466,0.25813886612517384,SL,-0.08073478107911458,-0.08433478107911459,2.2,0.0044,-0.1855365183740521
TA/USDT:USDT,LONG,2025-09-08T17:05:00+00:00,2025-09-08T17:10:00+00:00,0.24125,0.21577080425908998,0.3416968293632029,0.21577080425908998,SL,-0.10561324659444564,-0.10921324659444565,2.2,0.0044,-0.24026914250778045
FHE/USDT:USDT,LONG,2025-09-08T17:05:00+00:00,2025-09-08T17:30:00+00:00,0.05828,0.05703772392253563,0.0631774345361576,0.05703772392253563,SL,-0.02131564992217517,-0.024915649922175168,2.2,0.0044,-0.05481442982878537
TA/USDT:USDT,LONG,2025-09-08T17:10:00+00:00,2025-09-08T17:30:00+00:00,0.21035,0.18339543252629786,0.3166131986944027,0.18339543252629786,SL,-0.12814151401807533,-0.13174151401807532,2.2,0.0044,-0.28983133083976576
AIOT/USDT:USDT,SHORT,2025-09-08T15:50:00+00:00,2025-09-08T17:40:00+00:00,1.28204,1.329240557155767,1.0959608804436114,1.329240557155767,SL,-0.03681675856897366,-0.04041675856897366,2.2,0.0044,-0.08891686885174205
IDOL/USDT:USDT,SHORT,2025-09-08T16:25:00+00:00,2025-09-08T18:00:00+00:00,0.03004,0.02886572863982859,0.02886572863982859,0.03033786395477519,TP,0.03909025832794311,0.035490258327943114,2.2,0.0044,0.07807856832147486
BR/USDT:USDT,LONG,2025-09-08T17:10:00+00:00,2025-09-08T18:05:00+00:00,0.07481,0.07409740948953131,0.0776192510508862,0.07409740948953131,SL,-0.00952533766165879,-0.013125337661658791,2.2,0.0044,-0.028875742855649342
AIOT/USDT:USDT,SHORT,2025-09-08T17:40:00+00:00,2025-09-08T18:05:00+00:00,1.33271,1.3620950154041886,1.2168652277334877,1.3620950154041886,SL,-0.022049069493129476,-0.025649069493129478,2.2,0.0044,-0.056427952884884856
FLOCK/USDT:USDT,LONG,2025-09-08T17:15:00+00:00,2025-09-08T18:15:00+00:00,0.29051,0.2864886281885697,0.3063634850258311,0.2864886281885697,SL,-0.013842455720733565,-0.017442455720733566,2.2,0.0044,-0.03837340258561385
AIOT/USDT:USDT,SHORT,2025-09-08T18:05:00+00:00,2025-09-08T18:40:00+00:00,1.37336,1.4018448884729342,1.2610638050586247,1.4018448884729342,SL,-0.020741020907070463,-0.024341020907070465,2.2,0.0044,-0.05355024599555503
M/USDT:USDT,LONG,2025-09-08T15:25:00+00:00,2025-09-08T20:40:00+00:00,1.8962,2.006711352038445,2.006711352038445,1.8681678521658578,TP,0.05828043035462772,0.05468043035462772,2.2,0.0044,0.12029694678018099
BR/USDT:USDT,LONG,2025-09-08T23:20:00+00:00,2025-09-08T23:40:00+00:00,0.08775,0.08622433988749434,0.09376462159737804,0.08622433988749434,SL,-0.01738644002855448,-0.02098644002855448,2.2,0.0044,-0.04617016806281986
M/USDT:USDT,LONG,2025-09-08T23:20:00+00:00,2025-09-09T00:10:00+00:00,2.1353,2.103343617045533,2.261281894339725,2.103343617045533,SL,-0.014965757951794549,-0.018565757951794548,2.2,0.0044,-0.04084466749394801
IDOL/USDT:USDT,SHORT,2025-09-08T23:25:00+00:00,2025-09-09T00:25:00+00:00,0.02757,0.02657989206895538,0.02657989206895538,0.027821149328850343,TP,0.03591251110063911,0.03231251110063911,2.2,0.0044,0.07108752442140605
TA/USDT:USDT,SHORT,2025-09-08T23:20:00+00:00,2025-09-09T00:45:00+00:00,0.16733,0.17186981655330175,0.14943264628025282,0.17186981655330175,SL,-0.02713091826511528,-0.03073091826511528,2.2,0.0044,-0.06760802018325363
M/USDT:USDT,LONG,2025-09-09T00:10:00+00:00,2025-09-09T00:50:00+00:00,2.0967,2.0664714054508337,2.2158704208188276,2.0664714054508337,SL,-0.014417224471391255,-0.018017224471391258,2.2,0.0044,-0.03963789383706077
TA/USDT:USDT,LONG,2025-09-09T00:45:00+00:00,2025-09-09T00:50:00+00:00,0.17564,0.17184009482980311,0.19062039538250689,0.17184009482980311,SL,-0.021634622923006587,-0.025234622923006586,2.2,0.0044,-0.05551617043061449
TA/USDT:USDT,LONG,2025-09-09T00:50:00+00:00,2025-09-09T01:00:00+00:00,0.16782,0.1635449451991029,0.18467358142661355,0.1635449451991029,SL,-0.025474048390520195,-0.029074048390520198,2.2,0.0044,-0.06396290645914444
FHE/USDT:USDT,LONG,2025-09-09T00:15:00+00:00,2025-09-09T01:10:00+00:00,0.0597,0.05918184118381362,0.06174274148688861,0.05918184118381362,SL,-0.008679377155550755,-0.012279377155550756,2.2,0.0044,-0.027014629742211665
M/USDT:USDT,LONG,2025-09-09T00:50:00+00:00,2025-09-09T01:10:00+00:00,2.0401,2.0080354837415246,2.1665081890959117,2.0080354837415246,SL,-0.015717129679170223,-0.019317129679170222,2.2,0.0044,-0.04249768529417449
M/USDT:USDT,LONG,2025-09-09T01:10:00+00:00,2025-09-09T01:30:00+00:00,2.0069,1.9737511565790733,2.1375829404094215,1.9737511565790733,SL,-0.016517436554350794,-0.020117436554350797,2.2,0.0044,-0.044258360419571756
M/USDT:USDT,LONG,2025-09-09T01:30:00+00:00,2025-09-09T02:05:00+00:00,1.9642,1.9341108634697761,2.082820634397998,1.9341108634697761,SL,-0.015318774325539063,-0.01891877432553906,2.2,0.0044,-0.04162130351618593
M/USDT:USDT,LONG,2025-09-09T02:05:00+00:00,2025-09-09T02:25:00+00:00,1.9288,1.9009401613466708,2.038632056229471,1.9009401613466708,SL,-0.014444130367756793,-0.018044130367756796,2.2,0.0044,-0.03969708680906495
TA/USDT:USDT,LONG,2025-09-09T01:00:00+00:00,2025-09-09T02:30:00+00:00,0.16334,0.15890749662575712,0.18081429214845762,0.15890749662575712,SL,-0.02713666814156294,-0.030736668141562944,2.2,0.0044,-0.06762066991143847
M/USDT:USDT,SHORT,2025-09-09T02:25:00+00:00,2025-09-09T02:30:00+00:00,1.8947,1.9196170073869674,1.7964694901090712,1.9196170073869674,SL,-0.013150898499481362,-0.016750898499481363,2.2,0.0044,-0.036851976698859
BR/USDT:USDT,LONG,2025-09-08T23:40:00+00:00,2025-09-09T02:40:00+00:00,0.08442,0.09221304926183659,0.09221304926183659,0.08244322652870485,TP,0.09231283181516928,0.08871283181516927,2.2,0.0044,0.1951682299933724
TA/USDT:USDT,SHORT,2025-09-09T02:30:00+00:00,2025-09-09T02:45:00+00:00,0.15782,0.16128158042751706,0.1441733848530577,0.16128158042751706,SL,-0.021933724670618868,-0.025533724670618867,2.2,0.0044,-0.05617419427536151
BR/USDT:USDT,LONG,2025-09-09T02:40:00+00:00,2025-09-09T03:35:00+00:00,0.09325,0.1015835288060973,0.1015835288060973,0.09113612927845337,TP,0.08936760113777273,0.08576760113777272,2.2,0.0044,0.1886887225031
PROMPT/USDT:USDT,LONG,2025-09-09T03:35:00+00:00,2025-09-09T03:45:00+00:00,0.1796,0.18562259260314168,0.18562259260314168,0.17807231797383724,TP,0.033533366387203056,0.029933366387203057,2.2,0.0044,0.06585340605184672
IDOL/USDT:USDT,SHORT,2025-09-09T00:25:00+00:00,2025-09-09T03:50:00+00:00,0.0265,0.02558264786029817,0.02558264786029817,0.02673269420129022,TP,0.03461706187554074,0.031017061875540743,2.2,0.0044,0.06823753612618964
M/USDT:USDT,SHORT,2025-09-09T02:30:00+00:00,2025-09-09T03:50:00+00:00,1.9382,1.8336609551012804,1.8336609551012804,1.964717221145041,TP,0.053936149467918464,0.050336149467918465,2.2,0.0044,0.11073952882942063
BR/USDT:USDT,LONG,2025-09-09T03:35:00+00:00,2025-09-09T03:50:00+00:00,0.1044,0.10174398791648392,0.11487081686770763,0.10174398791648392,SL,-0.02544072876931113,-0.02904072876931113,2.2,0.0044,-0.0638896032924845
PROMPT/USDT:USDT,LONG,2025-09-09T03:45:00+00:00,2025-09-09T03:50:00+00:00,0.19376,0.19119359662029842,0.20387755178536193,0.19119359662029842,SL,-0.013245269300689363,-0.016845269300689365,2.2,0.0044,-0.037059592461516605
PROMPT/USDT:USDT,LONG,2025-09-09T03:50:00+00:00,2025-09-09T03:55:00+00:00,0.19103,0.18818931114742,0.20222886951497895,0.18818931114742,SL,-0.014870380843741897,-0.018470380843741897,2.2,0.0044,-0.040634837856232175
PROMPT/USDT:USDT,LONG,2025-09-09T03:55:00+00:00,2025-09-09T04:00:00+00:00,0.1859,0.18281353177974713,0.19806780740676616,0.18281353177974713,SL,-0.016602841421478647,-0.02020284142147865,2.2,0.0044,-0.044446251127253034
IDOL/USDT:USDT,SHORT,2025-09-09T03:55:00+00:00,2025-09-09T04:00:00+00:00,0.02517,0.02539004833998687,0.02430250173659023,0.02539004833998687,SL,-0.00874248470349102,-0.012342484703491021,2.2,0.0044,-0.02715346634768025
IDOL/USDT:USDT,SHORT,2025-09-09T04:00:00+00:00,2025-09-09T04:05:00+00:00,0.02564,0.02588295917284495,0.02468218018397664,0.02588295917284495,SL,-0.00947578677242399,-0.01307578677242399,2.2,0.0044,-0.02876673089933278
TA/USDT:USDT,SHORT,2025-09-09T02:45:00+00:00,2025-09-09T04:10:00+00:00,0.16206,0.1663071032796119,0.14531661207076085,0.1663071032796119,SL,-0.02620698062206523,-0.02980698062206523,2.2,0.0044,-0.06557535736854352
IDOL/USDT:USDT,SHORT,2025-09-09T04:05:00+00:00,2025-09-09T04:10:00+00:00,0.02606,0.026329433517641738,0.024997810170835452,0.026329433517641738,SL,-0.010338968443658402,-0.013938968443658403,2.2,0.0044,-0.03066573057604849
BR/USDT:USDT,LONG,2025-09-09T03:50:00+00:00,2025-09-09T04:15:00+00:00,0.10025,0.11283823347607641,0.11283823347607641,0.09705688711826355,TP,0.12556841372644792,0.12196841372644791,2.2,0.0044,0.26833051019818543
IDOL/USDT:USDT,SHORT,2025-09-09T04:10:00+00:00,2025-09-09T04:15:00+00:00,0.0266,0.026894759694953044,0.025437966587204347,0.026894759694953044,SL,-0.011081191539588163,-0.014681191539588164,2.2,0.0044,-0.03229862138709396
BR/USDT:USDT,LONG,2025-09-09T04:15:00+00:00,2025-09-09T04:20:00+00:00,0.11377,0.11002090070283481,0.1285501029984397,0.11002090070283481,SL,-0.03295332070989881,-0.03655332070989881,2.2,0.0044,-0.08041730556177738
IDOL/USDT:USDT,LONG,2025-09-09T04:15:00+00:00,2025-09-09T04:20:00+00:00,0.0279,0.02752378028325789,0.02938317388331025,0.02752378028325789,SL,-0.01348457766100755,-0.01708457766100755,2.2,0.0044,-0.03758607085421661
M/USDT:USDT,SHORT,2025-09-09T03:50:00+00:00,2025-09-09T04:25:00+00:00,1.8281,1.8560962663491847,1.7177301038157142,1.8560962663491847,SL,-0.015314406405111655,-0.018914406405111654,2.2,0.0044,-0.04161169409124564
TA/USDT:USDT,LONG,2025-09-09T04:10:00+00:00,2025-09-09T04:25:00+00:00,0.16783,0.18173995717213304,0.18173995717213304,0.16430162061975162,TP,0.0828812320332064,0.07928123203320639,2.2,0.0044,0.17441871047305407
BR/USDT:USDT,LONG,2025-09-09T04:20:00+00:00,2025-09-09T04:25:00+00:00,0.10359,0.09916229350977518,0.12104538135569401,0.09916229350977518,SL,-0.04274260536948376,-0.04634260536948376,2.2,0.0044,-0.10195373181286428
TA/USDT:USDT,LONG,2025-09-09T04:25:00+00:00,2025-09-09T04:40:00+00:00,0.18239,0.17791499770466265,0.200031835972003,0.17791499770466265,SL,-0.02453534895190166,-0.02813534895190166,2.2,0.0044,-0.061897767694183654
BR/USDT:USDT,LONG,2025-09-09T04:25:00+00:00,2025-09-09T04:45:00+00:00,0.09276,0.08748227254479124,0.113566425544573,0.08748227254479124,SL,-0.05689658748607973,-0.06049658748607973,2.2,0.0044,-0.1330924924693754
TA/USDT:USDT,LONG,2025-09-09T04:40:00+00:00,2025-09-09T04:45:00+00:00,0.17383,0.16382819706892998,0.213260184632103,0.16382819706892998,SL,-0.057537841172812694,-0.06113784117281269,2.2,0.0044,-0.13450325058018794
BID/USDT:USDT,LONG,2025-09-09T04:45:00+00:00,2025-09-09T04:50:00+00:00,0.0931,0.09747124051928129,0.09747124051928129,0.09199119752681646,TP,0.04695210009969154,0.043352100099691544,2.2,0.0044,0.0953746202193214
M/USDT:USDT,SHORT,2025-09-09T04:25:00+00:00,2025-09-09T04:55:00+00:00,1.8725,1.900015003490448,1.7640273900857344,1.900015003490448,SL,-0.014694260876073638,-0.018294260876073637,2.2,0.0044,-0.040247373927362
IDOL/USDT:USDT,SHORT,2025-09-09T04:20:00+00:00,2025-09-09T05:00:00+00:00,0.02677,0.027211461165546246,0.02502962425121191,0.027211461165546246,SL,-0.016490891503408572,-0.02009089150340857,2.2,0.0044,-0.04419996130749886
BR/USDT:USDT,LONG,2025-09-09T04:45:00+00:00,2025-09-09T05:00:00+00:00,0.0873,0.08228392373364699,0.10707491605004554,0.08228392373364699,SL,-0.05745791828583067,-0.06105791828583067,2.2,0.0044,-0.1343274202288275
BID/USDT:USDT,LONG,2025-09-09T04:50:00+00:00,2025-09-09T05:00:00+00:00,0.09812,0.10420558048218977,0.10420558048218977,0.09657634056061527,TP,0.062021814942822745,0.058421814942822746,2.2,0.0044,0.12852799287421005
BID/USDT:USDT,LONG,2025-09-09T05:00:00+00:00,2025-09-09T05:20:00+00:00,0.10492,0.1126854137831126,0.1126854137831126,0.10295023650379583,TP,0.07401271238193483,0.07041271238193482,2.2,0.0044,0.15490796724025663
IDOL/USDT:USDT,LONG,2025-09-09T05:00:00+00:00,2025-09-09T05:25:00+00:00,0.02728,0.028989101401914602,0.028989101401914602,0.026846471839514344,TP,0.06265034464496347,0.05905034464496347,2.2,0.0044,0.12991075821891965
BID/USDT:USDT,LONG,2025-09-09T05:20:00+00:00,2025-09-09T05:35:00+00:00,0.12274,0.1187998597247218,0.1382732453160006,0.1187998597247218,SL,-0.03210151764117808,-0.03570151764117808,2.2,0.0044,-0.07854333881059178
PROMPT/USDT:USDT,LONG,2025-09-09T04:00:00+00:00,2025-09-09T05:50:00+00:00,0.18139,0.1781109652240509,0.19431696402056858,0.1781109652240509,SL,-0.018077263222609278,-0.02167726322260928,2.2,0.0044,-0.047689979089740424
PROMPT/USDT:USDT,LONG,2025-09-09T05:50:00+00:00,2025-09-09T06:20:00+00:00,0.17796,0.17609500354512345,0.18531238987018647,0.17609500354512345,SL,-0.01047986319890178,-0.01407986319890178,2.2,0.0044,-0.030975699037583918
M/USDT:USDT,SHORT,2025-09-09T04:55:00+00:00,2025-09-09T06:55:00+00:00,1.9013,1.9279438061610603,1.7962619180188968,1.9279438061610603,SL,-0.014013467712123454,-0.017613467712123455,2.2,0.0044,-0.038749628966671605
M/USDT:USDT,SHORT,2025-09-09T06:55:00+00:00,2025-09-09T07:05:00+00:00,1.9305,1.9533256409866682,1.8405142999564048,1.9533256409866682,SL,-0.01182369385478791,-0.015423693854787911,2.2,0.0044,-0.033932126480533405
M/USDT:USDT,LONG,2025-09-09T07:05:00+00:00,2025-09-09T07:50:00+00:00,1.9636,1.9384703809859851,2.0626686903437124,1.9384703809859851,SL,-0.012797728159510538,-0.016397728159510537,2.2,0.0044,-0.03607500195092318
BID/USDT:USDT,LONG,2025-09-09T05:35:00+00:00,2025-09-09T08:05:00+00:00,0.10771,0.13248797994141884,0.13248797994141884,0.10142485386851814,TP,0.2300434494607635,0.2264434494607635,2.2,0.0044,0.49817558881367974
M/USDT:USDT,SHORT,2025-09-09T07:50:00+00:00,2025-09-09T08:10:00+00:00,1.9368,1.960881675906831,1.8418626238288394,1.960881675906831,SL,-0.012433744272424085,-0.016033744272424086,2.2,0.0044,-0.03527423739933299
BID/USDT:USDT,LONG,2025-09-09T08:05:00+00:00,2025-09-09T08:10:00+00:00,0.13409,0.12914794058805834,0.1535731188355392,0.12914794058805834,SL,-0.036856286165572724,-0.04045628616557272,2.2,0.0044,-0.08900382956425999
BID/USDT:USDT,LONG,2025-09-09T08:10:00+00:00,2025-09-09T08:35:00+00:00,0.12598,0.14727532463300072,0.14727532463300072,0.12057825911748275,TP,0.16903734428481276,0.16543734428481277,2.2,0.0044,0.3639621574265881
M/USDT:USDT,LONG,2025-09-09T08:10:00+00:00,2025-09-09T09:15:00+00:00,1.9706,1.9459416496882809,2.067810804113508,1.9459416496882809,SL,-0.012513117990317181,-0.016113117990317182,2.2,0.0044,-0.035448859578697804
M/USDT:USDT,SHORT,2025-09-09T09:15:00+00:00,2025-09-09T09:30:00+00:00,1.9436,1.96375418063144,1.8641460186645156,1.96375418063144,SL,-0.010369510512163014,-0.013969510512163014,2.2,0.0044,-0.030732923126758634
IDOL/USDT:USDT,LONG,2025-09-09T05:25:00+00:00,2025-09-09T09:35:00+00:00,0.02905,0.03181780258750275,0.03181780258750275,0.028347923246096862,TP,0.0952771975043975,0.0916771975043975,2.2,0.0044,0.2016898345096745
IDOL/USDT:USDT,LONG,2025-09-09T09:35:00+00:00,2025-09-09T09:40:00+00:00,0.03271,0.032107076732035354,0.03508690903716834,0.032107076732035354,SL,-0.01843238361249308,-0.02203238361249308,2.2,0.0044,-0.04847124394748478
FHE/USDT:USDT,SHORT,2025-09-09T01:15:00+00:00,2025-09-09T09:55:00+00:00,0.05871,0.05745,0.05677192457021327,0.059201609377311754,EOD,0.021461420541645328,0.01786142054164533,2.2,0.0044,0.03929512519161973
TA/USDT:USDT,SHORT,2025-09-09T04:45:00+00:00,2025-09-09T09:55:00+00:00,0.1588,0.16009,0.11496732855590439,0.16991853129313644,EOD,-0.008123425692695299,-0.0117234256926953,2.2,0.0044,-0.02579153652392966
BR/USDT:USDT,SHORT,2025-09-09T05:00:00+00:00,2025-09-09T09:55:00+00:00,0.08179,0.07656,0.06359231867275872,0.08640599721471487,EOD,0.06394424746301502,0.060344247463015026,2.2,0.0044,0.13275734441863307
PROMPT/USDT:USDT,LONG,2025-09-09T06:20:00+00:00,2025-09-09T09:55:00+00:00,0.17582,0.17555,0.18335655244864024,0.17390828913497908,EOD,-0.0015356614719599163,-0.005135661471959916,2.2,0.0044,-0.011298455238311817
BID/USDT:USDT,LONG,2025-09-09T08:35:00+00:00,2025-09-09T09:55:00+00:00,0.15466,0.16659,0.17981874214605656,0.1482782702849027,EOD,0.07713694555799817,0.07353694555799817,2.2,0.0044,0.16178128022759597
M/USDT:USDT,SHORT,2025-09-09T09:30:00+00:00,2025-09-09T09:55:00+00:00,1.9653,1.97,1.8925911818534769,1.9837432124078986,EOD,-0.00239149239301884,-0.00599149239301884,2.2,0.0044,-0.01318128326464145
IDOL/USDT:USDT,LONG,2025-09-09T09:40:00+00:00,2025-09-09T09:55:00+00:00,0.03109,0.0308,0.03387405839165631,0.03038379982260425,EOD,-0.009327758121582458,-0.012927758121582459,2.2,0.0044,-0.02844106786748141
