variant,params,start_iso,end_iso,equity_start,equity_end,net_pct,max_dd_pct,min_total_pnl_pct,orders,first_buys,restart_buys,dca_buys,full_tp_closes,sub_sells,open_position_cost,open_position_qty,commission_paid,notes
baseline,{},2026-02-23T02:58:00Z,2026-05-24T02:58:00Z,500.0,1065.4440758001058,113.08881516002116,-19.88943656942771,-6.82916800724996,755,211,0,334,210,0,1081.9689357301588,17.560838785088745,89.44353817537079,Unmodified local Pine-style emulator row.
entry_gate,"{""freshness_ms"": 1800000}",2026-02-23T02:58:00Z,2026-05-24T02:58:00Z,500.0,782.0033567922203,56.400671358444065,-19.077170588642367,-2.9041282749641586,484,139,0,206,139,0,0.0,0.0,45.82104872477102,New first/restart buy requires active or recent long signal.
entry_gate,"{""freshness_ms"": 7200000}",2026-02-23T02:58:00Z,2026-05-24T02:58:00Z,500.0,801.0251937714253,60.20503875428504,-19.077170588642367,-2.472003713117622,524,150,0,225,149,0,813.4489609387222,13.202639735033454,50.92959483028143,New first/restart buy requires active or recent long signal.
entry_gate,"{""freshness_ms"": 21600000}",2026-02-23T02:58:00Z,2026-05-24T02:58:00Z,500.0,793.9656051657378,58.79312103314756,-19.889436569427733,-1.7827066490857704,503,150,0,204,149,0,806.2798792910978,13.08628233983143,47.1379408579575,New first/restart buy requires active or recent long signal.
entry_gate,"{""freshness_ms"": 86400000}",2026-02-23T02:58:00Z,2026-05-24T02:58:00Z,500.0,904.9134442828763,80.98268885657527,-19.889436569427723,-6.82916800724996,607,175,0,258,174,0,918.948500890016,14.914944360244757,63.94301659027416,New first/restart buy requires active or recent long signal.
sizing_boost,"{""fresh_base_pct"": 20.0, ""freshness_ms"": 21600000, ""normal_base_pct"": 12.0}",2026-02-23T02:58:00Z,2026-05-24T02:58:00Z,500.0,890.0230561052931,78.00461122105861,-14.236856664183561,-4.794868465596015,724,206,0,313,205,0,630.4987796795335,10.209632623134016,62.24175501534577,Base sizing changes by 6h signal recency; DCA always permitted.
sizing_boost,"{""fresh_base_pct"": 24.0, ""freshness_ms"": 21600000, ""normal_base_pct"": 12.0}",2026-02-23T02:58:00Z,2026-05-24T02:58:00Z,500.0,916.8067159822729,83.36134319645456,-17.075341610223983,-4.4618860879267475,724,206,0,313,205,0,782.319809609518,12.668062345771734,66.91998700315992,Base sizing changes by 6h signal recency; DCA always permitted.
sizing_boost,"{""fresh_base_pct"": 20.0, ""freshness_ms"": 21600000, ""normal_base_pct"": 16.0}",2026-02-23T02:58:00Z,2026-05-24T02:58:00Z,500.0,1025.9919023481273,105.19838046962545,-15.887449163182666,-7.111542190665176,724,206,0,313,205,0,726.8200952257671,11.769358473838839,83.8764944807833,Base sizing changes by 6h signal recency; DCA always permitted.
sizing_boost,"{""fresh_base_pct"": 24.0, ""freshness_ms"": 21600000, ""normal_base_pct"": 16.0}",2026-02-23T02:58:00Z,2026-05-24T02:58:00Z,500.0,1056.867302665592,111.37346053311839,-17.075341610223973,-6.77114177760654,724,206,0,313,205,0,901.8348279855506,14.603362571390893,89.30191066324467,Base sizing changes by 6h signal recency; DCA always permitted.
score_blend,"{""boost_pct"": 12.0, ""cap_pct"": 20.0, ""decay_ms"": 7200000, ""normal_base_pct"": 12.0}",2026-02-23T02:58:00Z,2026-05-24T02:58:00Z,500.0,894.9867884562129,78.99735769124258,-16.85617922096322,-5.193362316174836,738,207,0,325,206,0,634.015123630898,10.266572590469494,62.039853840745536,Base pct = normal + boost * exp-decayed signal-open score; active signal score is 1.
score_blend,"{""boost_pct"": 12.0, ""cap_pct"": 24.0, ""decay_ms"": 7200000, ""normal_base_pct"": 12.0}",2026-02-23T02:58:00Z,2026-05-24T02:58:00Z,500.0,899.0601379148617,79.81202758297235,-16.85617922096323,-5.035328229162795,738,207,0,325,206,0,665.8126984548117,10.78146899903,62.97836014377832,Base pct = normal + boost * exp-decayed signal-open score; active signal score is 1.
score_blend,"{""boost_pct"": 12.0, ""cap_pct"": 20.0, ""decay_ms"": 21600000, ""normal_base_pct"": 12.0}",2026-02-23T02:58:00Z,2026-05-24T02:58:00Z,500.0,901.6512876127538,80.33025752255077,-12.868520165519303,-6.530981051827836,723,206,0,312,205,0,638.7363031065871,10.343022394256849,64.44659131381499,Base pct = normal + boost * exp-decayed signal-open score; active signal score is 1.
score_blend,"{""boost_pct"": 12.0, ""cap_pct"": 24.0, ""decay_ms"": 21600000, ""normal_base_pct"": 12.0}",2026-02-23T02:58:00Z,2026-05-24T02:58:00Z,500.0,906.4554156662406,81.29108313324811,-12.868520165519314,-6.370895799463773,723,206,0,312,205,0,735.8943454090634,11.916297316050317,65.81728392529371,Base pct = normal + boost * exp-decayed signal-open score; active signal score is 1.
score_blend,"{""boost_pct"": 12.0, ""cap_pct"": 20.0, ""decay_ms"": 86400000, ""normal_base_pct"": 12.0}",2026-02-23T02:58:00Z,2026-05-24T02:58:00Z,500.0,877.4294826748916,75.48589653497832,-14.23685666418355,-4.570560478587372,614,182,0,251,181,0,621.5774010419746,10.0651692215908,59.1084983556397,Base pct = normal + boost * exp-decayed signal-open score; active signal score is 1.
score_blend,"{""boost_pct"": 12.0, ""cap_pct"": 24.0, ""decay_ms"": 86400000, ""normal_base_pct"": 12.0}",2026-02-23T02:58:00Z,2026-05-24T02:58:00Z,500.0,892.4852912415108,78.49705824830215,-15.742617509633593,-4.448504719679118,614,182,0,251,181,0,751.9553442524921,12.176372201263153,61.899810038143016,Base pct = normal + boost * exp-decayed signal-open score; active signal score is 1.
dca_permission,"{""freshness_ms"": 7200000, ""use_proxy"": false}",2026-02-23T02:58:00Z,2026-05-24T02:58:00Z,500.0,841.6103647340834,68.32207294681669,-19.567887686217066,-3.9920232333904617,666,246,0,175,245,0,854.6636011345649,13.871571742380048,57.18633935050623,First buy unchanged; DCA adds require active/recent signal only.
dca_permission,"{""freshness_ms"": 21600000, ""use_proxy"": false}",2026-02-23T02:58:00Z,2026-05-24T02:58:00Z,500.0,826.7699225396118,65.35398450792236,-19.889436569427723,-3.5994052183038425,589,205,0,180,204,0,839.5929861566186,13.626968934221551,51.545823413851444,First buy unchanged; DCA adds require active/recent signal only.
dca_permission,"{""freshness_ms"": 86400000, ""use_proxy"": false}",2026-02-23T02:58:00Z,2026-05-24T02:58:00Z,500.0,941.2594975838811,88.2518995167762,-19.889436569427723,-6.82916800724996,653,199,0,256,198,0,955.8582754162369,15.514006476211634,68.52609068232034,First buy unchanged; DCA adds require active/recent signal only.
dca_permission,"{""freshness_ms"": 21600000, ""use_proxy"": true}",2026-02-23T02:58:00Z,2026-05-24T02:58:00Z,500.0,826.7699225396118,65.35398450792236,-19.889436569427723,-3.5994052183038425,589,205,0,180,204,0,839.5929861566186,13.626968934221551,51.545823413851444,First buy unchanged; DCA adds require signal recency or permissive local price proxy.
signal_aware_tp,"{""fresh_callback_percent"": 0.15, ""fresh_tp_percent"": 0.8, ""freshness_ms"": 7200000}",2026-02-23T02:58:00Z,2026-05-24T02:58:00Z,500.0,1045.5571492700017,109.11142985400035,-19.889436569427723,-6.588443431219683,706,196,0,315,195,0,1061.7735662861433,17.233058924410646,82.4258653948961,Uses alternate TP/trailing only while signal is active/recent.
signal_aware_tp,"{""fresh_callback_percent"": 0.25, ""fresh_tp_percent"": 0.8, ""freshness_ms"": 7200000}",2026-02-23T02:58:00Z,2026-05-24T02:58:00Z,500.0,1044.767874218005,108.95357484360102,-19.889436569427698,-6.717147013266378,707,196,0,316,195,0,1060.9720497097187,17.22004995260253,82.45867159904031,Uses alternate TP/trailing only while signal is active/recent.
signal_aware_tp,"{""fresh_callback_percent"": 0.15, ""fresh_tp_percent"": 1.0, ""freshness_ms"": 7200000}",2026-02-23T02:58:00Z,2026-05-24T02:58:00Z,500.0,1065.336854281452,113.06737085629037,-19.889436569427723,-6.4108244131318814,710,196,0,319,195,0,1075.700459550423,17.577379318775495,83.95622721370248,Uses alternate TP/trailing only while signal is active/recent.
signal_aware_tp,"{""fresh_callback_percent"": 0.25, ""fresh_tp_percent"": 1.0, ""freshness_ms"": 7200000}",2026-02-23T02:58:00Z,2026-05-24T02:58:00Z,500.0,1059.807124916699,111.96142498333978,-19.889436569427698,-6.717147013266378,707,195,0,318,194,0,1070.1169369350655,17.48614230751112,83.42301600047541,Uses alternate TP/trailing only while signal is active/recent.
signal_aware_tp,"{""fresh_callback_percent"": 0.15, ""fresh_tp_percent"": 1.2, ""freshness_ms"": 7200000}",2026-02-23T02:58:00Z,2026-05-24T02:58:00Z,500.0,1077.2396264895337,115.44792529790672,-19.88943656942771,-6.4108244131318814,714,197,0,321,196,0,1087.7190220198434,17.773767476385558,84.98647371574475,Uses alternate TP/trailing only while signal is active/recent.
signal_aware_tp,"{""fresh_callback_percent"": 0.25, ""fresh_tp_percent"": 1.2, ""freshness_ms"": 7200000}",2026-02-23T02:58:00Z,2026-05-24T02:58:00Z,500.0,1075.2889889732487,115.05779779464973,-19.88943656942771,-6.389657769347726,708,195,0,319,194,0,1085.74940868651,17.741583200210954,84.57371835875587,Uses alternate TP/trailing only while signal is active/recent.
signal_aware_tp,"{""fresh_callback_percent"": 0.15, ""fresh_tp_percent"": 0.8, ""freshness_ms"": 21600000}",2026-02-23T02:58:00Z,2026-05-24T02:58:00Z,500.0,1049.5568502071608,109.91137004143216,-20.21664743184396,-6.4108244131318814,675,186,0,304,185,0,1065.8353019178019,17.298982706748326,79.08130895906558,Uses alternate TP/trailing only while signal is active/recent.
signal_aware_tp,"{""fresh_callback_percent"": 0.25, ""fresh_tp_percent"": 0.8, ""freshness_ms"": 21600000}",2026-02-23T02:58:00Z,2026-05-24T02:58:00Z,500.0,1040.881991504278,108.1763983008556,-19.89980361913617,-6.516551436914439,666,183,0,301,182,0,1057.0258976031557,17.156002142470143,77.52632160524824,Uses alternate TP/trailing only while signal is active/recent.
signal_aware_tp,"{""fresh_callback_percent"": 0.15, ""fresh_tp_percent"": 1.0, ""freshness_ms"": 21600000}",2026-02-23T02:58:00Z,2026-05-24T02:58:00Z,500.0,1071.0672260268977,114.21344520537953,-20.21664743184395,-6.527465416628194,669,183,0,304,182,0,1081.486576397125,17.67192680148248,79.53058480433815,Uses alternate TP/trailing only while signal is active/recent.
signal_aware_tp,"{""fresh_callback_percent"": 0.25, ""fresh_tp_percent"": 1.0, ""freshness_ms"": 21600000}",2026-02-23T02:58:00Z,2026-05-24T02:58:00Z,500.0,1088.604066725286,117.72081334505717,-19.71213640676789,-6.633351443112623,667,181,0,306,180,0,1099.1940156192877,17.961273499449128,80.20698006764762,Uses alternate TP/trailing only while signal is active/recent.
signal_aware_tp,"{""fresh_callback_percent"": 0.15, ""fresh_tp_percent"": 1.2, ""freshness_ms"": 21600000}",2026-02-23T02:58:00Z,2026-05-24T02:58:00Z,500.0,1068.7873311414253,113.75746622828507,-19.712136406767875,-6.527465416628194,665,181,0,304,180,0,1079.184502676336,17.634309988501847,78.70781450013952,Uses alternate TP/trailing only while signal is active/recent.
signal_aware_tp,"{""fresh_callback_percent"": 0.25, ""fresh_tp_percent"": 1.2, ""freshness_ms"": 21600000}",2026-02-23T02:58:00Z,2026-05-24T02:58:00Z,500.0,1073.5801816036424,114.71603632072846,-19.71213640676789,-6.389657769347726,653,178,0,298,177,0,1084.0239780254178,17.71338896737504,77.30792755552378,Uses alternate TP/trailing only while signal is active/recent.
signal_aware_tp,"{""fresh_callback_percent"": 0.15, ""fresh_tp_percent"": 0.8, ""freshness_ms"": 86400000}",2026-02-23T02:58:00Z,2026-05-24T02:58:00Z,500.0,1070.3500697001125,114.07001394002249,-20.21664743184394,-4.8766829604153035,612,166,0,281,165,0,1086.9510207773749,17.64170024925705,73.08693828883642,Uses alternate TP/trailing only while signal is active/recent.
signal_aware_tp,"{""fresh_callback_percent"": 0.25, ""fresh_tp_percent"": 0.8, ""freshness_ms"": 86400000}",2026-02-23T02:58:00Z,2026-05-24T02:58:00Z,500.0,1057.072677123428,111.4145354246856,-19.899803619136158,-5.184912122359138,589,159,0,272,158,0,1073.4676980561158,17.42285990294381,69.58309973499149,Uses alternate TP/trailing only while signal is active/recent.
signal_aware_tp,"{""fresh_callback_percent"": 0.15, ""fresh_tp_percent"": 1.0, ""freshness_ms"": 86400000}",2026-02-23T02:58:00Z,2026-05-24T02:58:00Z,500.0,1072.2849412526557,114.45698825053113,-20.21664743184394,-5.662813470107123,555,148,0,260,147,0,1084.1763451459233,17.692392156722622,67.12160769597878,Uses alternate TP/trailing only while signal is active/recent.
signal_aware_tp,"{""fresh_callback_percent"": 0.25, ""fresh_tp_percent"": 1.0, ""freshness_ms"": 86400000}",2026-02-23T02:58:00Z,2026-05-24T02:58:00Z,500.0,1077.7191673469183,115.54383346938369,-19.712136406767875,-6.5648808014284,555,148,0,260,147,0,1091.949756778375,17.77684405438752,66.65259834006062,Uses alternate TP/trailing only while signal is active/recent.
signal_aware_tp,"{""fresh_callback_percent"": 0.15, ""fresh_tp_percent"": 1.2, ""freshness_ms"": 86400000}",2026-02-23T02:58:00Z,2026-05-24T02:58:00Z,500.0,1090.6734148618443,118.13468297236884,-19.712136406767875,-5.662813470107123,535,143,0,250,142,0,1102.7687428785,17.995796665861064,65.327664031912,Uses alternate TP/trailing only while signal is active/recent.
signal_aware_tp,"{""fresh_callback_percent"": 0.25, ""fresh_tp_percent"": 1.2, ""freshness_ms"": 86400000}",2026-02-23T02:58:00Z,2026-05-24T02:58:00Z,500.0,1099.5448425578368,119.90896851156734,-19.712136406767875,-5.800997149085703,529,141,0,248,140,0,1114.0636260127471,18.136855861138017,64.78233220267295,Uses alternate TP/trailing only while signal is active/recent.
