id,symbol,lead_side,side,lead_opened_utc,entry_utc,exit_utc,hold_h,entry,exit,avg_entry,notional,dca_fills,gross_ret_pct,net_ret_pct,pnl,ret_on_100usdt_pct,lead_avg_cost,lead_avg_close,lead_pnl,lead_roi,candles,fills_json
1768318446214,BTCUSDT,SHORT,LONG,2026-01-13T15:34:06.214000Z,2026-01-19T00:41:28.787000Z,2026-01-22T00:41:00Z,71.99200361111112,92800.23537935,89925.6,92800.23537935,100.0,0,-3.0976595776928972,-3.3852641760059505,-3.3852641760059505,-3.3852641760059505,93867.26090427,92800.23537935,15906.14949931,0.183372,4320,[]
1768319820555,ETHUSDT,SHORT,LONG,2026-01-13T15:57:00.555000Z,2026-01-20T06:18:33.705000Z,2026-01-23T06:18:00Z,71.9906375,3132.73,2969.72,3132.73,100.0,0,-5.20344874917405,-5.491053347487104,-5.491053347487104,-5.491053347487105,3183.62235,3132.73,3198.63508999,0.11426097,4320,[]
1768891991869,ETHUSDT,LONG,SHORT,2026-01-20T06:53:11.869000Z,2026-01-20T15:35:04.969000Z,2026-01-23T15:35:00Z,71.99861972222222,3033.72,2925.65,3033.72,100.0,0,3.5622931582347652,3.2746885599217115,3.2746885599217115,3.2746885599217115,3026.91397497,3033.72,1484.63227006,0.01106325,4320,[]
1768933238471,ETHUSDT,LONG,SHORT,2026-01-20T18:20:38.471000Z,2026-01-21T19:35:28.242000Z,2026-01-24T19:35:00Z,71.992155,3004.58937923,2956.09,3004.58937923,100.0,0,1.6141766181184087,1.3265720198053554,1.3265720198053554,1.3265720198053554,2947.42218543,3004.58937923,8391.34370933,0.13070619,4320,[]
1769369503408,ETHUSDT,LONG,SHORT,2026-01-25T19:31:43.408000Z,2026-01-26T02:22:32.596000Z,2026-01-29T02:22:00Z,71.99094555555556,2877.9,2993.95,2877.9,100.0,0,-4.032454220091029,-4.320058818404083,-4.320058818404083,-4.320058818404083,2816.40156783,2877.9,1208.13669994,0.15097403,4320,[]
1769740011639,BTCUSDT,LONG,SHORT,2026-01-30T02:26:51.639000Z,2026-01-30T14:39:01.112000Z,2026-02-02T14:39:00Z,71.9996911111111,83355.28883672,78513.9,83355.28883672,100.0,0,5.80813635737444,5.520531759061386,5.520531759061386,5.520531759061387,81304.65878978,83355.28883672,3931.05779988,0.38962272,4320,[]
1769879541915,ETHUSDT,LONG,SHORT,2026-01-31T17:12:21.915000Z,2026-01-31T19:00:53.026000Z,2026-02-03T19:00:00Z,71.98527055555556,2387.5,2122.38,2387.5,100.0,0,11.104502617801042,10.81689801948799,10.81689801948799,10.81689801948799,2355.0,2387.5,6162.52,0.09378365,4320,[]
1769879458785,BTCUSDT,LONG,SHORT,2026-01-31T17:10:58.785000Z,2026-01-31T19:16:32.025000Z,2026-02-03T19:16:00Z,71.99110416666667,78285.7749032,74248.5,78285.7749032,100.0,0,5.1570989853419364,4.869494387028882,4.869494387028882,4.869494387028882,78106.05018715,78285.7749032,2785.01419918,0.02554295,4320,[]
1769987159255,ETHUSDT,LONG,SHORT,2026-02-01T23:05:59.255000Z,2026-02-02T03:58:29.663000Z,2026-02-05T03:58:00Z,71.99176027777777,2238.67,2107.22,2238.67,100.0,0,5.871789946709442,5.584185348396389,5.584185348396389,5.584185348396388,2208.59868775,2238.67,9225.90866986,0.09294313,4320,[]
1770010076101,ETHUSDT,LONG,SHORT,2026-02-02T05:27:56.101000Z,2026-02-02T14:35:54.555000Z,2026-02-05T14:35:00Z,71.98484583333334,2353.86,2085.01,2353.86,100.0,0,11.421664839880021,11.134060241566969,11.134060241566969,11.134060241566969,2192.55000669,2353.86,1445.66015999,0.51058385,4320,[]
1770043443814,ETHUSDT,LONG,SHORT,2026-02-02T14:44:03.814000Z,2026-02-02T14:47:11.791000Z,2026-02-05T14:47:00Z,71.99672472222223,2360.86222627,2086.01,2360.86222627,100.0,0,11.642027358125318,11.354422759812264,11.354422759812264,11.354422759812264,2349.62100286,2360.86222627,2111.23664923,0.02647315,4320,[]
1770129863735,ETHUSDT,LONG,SHORT,2026-02-03T14:44:23.735000Z,2026-02-03T19:19:44.097000Z,2026-02-06T19:19:00Z,71.98775083333334,2188.78571174,2040.11,2188.78571174,100.0,0,6.792611581049137,6.5050069827360835,6.5050069827360835,6.5050069827360835,2163.70030559,2188.78571174,14001.99640977,0.0771797,4320,[]
1770212954023,ETHUSDT,LONG,SHORT,2026-02-04T13:49:14.023000Z,2026-02-04T18:40:18.859000Z,2026-02-07T18:40:00Z,71.99476138888889,2157.21690906,2095.2,2157.21690906,100.0,0,2.874857359013743,2.58725276070069,2.58725276070069,2.5872527607006903,2138.79491976,2157.21690906,6608.68601984,0.05568336,4320,[]
1770288742155,ETHUSDT,LONG,SHORT,2026-02-05T10:52:22.155000Z,2026-02-06T01:04:34.085000Z,2026-02-09T01:04:00Z,71.99053194444444,1893.18677975,2084.41,1893.18677975,100.0,0,-10.100599808501274,-10.388204406814328,-10.388204406814328,-10.388204406814328,1885.53257348,1893.18677975,3952.40248958,0.02474206,4320,[]
1770808361093,ETHUSDT,LONG,SHORT,2026-02-11T11:12:41.093000Z,2026-02-12T07:30:44.136000Z,2026-02-15T07:30:00Z,71.98774,1974.22,2084.45,1974.22,100.0,0,-5.583470940422029,-5.871075538735083,-5.871075538735083,-5.871075538735082,1917.10564818,1974.22,15986.76398963,0.20646862,4320,[]
1771808969450,BTCUSDT,LONG,SHORT,2026-02-23T01:09:29.450000Z,2026-02-23T06:27:13.270000Z,2026-02-26T06:27:00Z,71.99631388888889,65337.32466683,68319.7,65337.32466683,100.0,0,-4.564581345161919,-4.852185943474973,-4.852185943474973,-4.852185943474973,64924.88977457,65337.32466683,6622.87949952,0.05649316,4320,[]
1771811653316,ETHUSDT,LONG,SHORT,2026-02-23T01:54:13.316000Z,2026-02-23T06:55:18.818000Z,2026-02-26T06:55:00Z,71.99477277777778,1879.32,2062.07,1879.32,100.0,0,-9.724261967094494,-10.011866565407548,-10.011866565407548,-10.011866565407548,1852.99,1879.32,4624.62753,0.09664637,4320,[]
1771867894034,ETHUSDT,LONG,SHORT,2026-02-23T17:31:34.034000Z,2026-02-23T19:45:04.115000Z,2026-02-26T19:45:00Z,71.99885694444444,1853.94,2023.17,1853.94,100.0,0,-9.12812712385514,-9.415731722168195,-9.415731722168195,-9.415731722168195,1849.19716117,1853.94,343.99809999,0.01515007,4320,[]
1771906817903,ETHUSDT,LONG,SHORT,2026-02-24T04:20:17.903000Z,2026-02-25T13:03:18.097000Z,2026-02-28T13:03:00Z,71.99497305555556,1956.25,1865.35,1956.25,100.0,0,4.6466453674121455,4.359040769099091,4.359040769099091,4.359040769099091,1818.30042393,1956.25,22570.34398987,0.52643165,4320,[]
1772031346575,ETHUSDT,SHORT,LONG,2026-02-25T14:55:46.575000Z,2026-02-26T15:21:58.597000Z,2026-03-01T15:21:00Z,71.98372305555556,2015.0,2009.0,2015.0,100.0,0,-0.2977667493796526,-0.5853713476927058,-0.5853713476927058,-0.5853713476927058,2028.2729863,2015.0,8692.43891171,0.04209164,4320,[]
1772203549057,ETHUSDT,LONG,SHORT,2026-02-27T14:45:49.057000Z,2026-02-28T13:49:02.889000Z,2026-03-03T13:49:00Z,71.9991975,1900.0,1943.74,1900.0,100.0,0,-2.302105263157895,-2.5897098614709484,-2.5897098614709484,-2.5897098614709484,1877.92956217,1900.0,15353.43249994,0.11470838,4320,[]
1772208282416,BTCUSDT,LONG,SHORT,2026-02-27T16:04:42.416000Z,2026-02-28T19:35:05.398000Z,2026-03-03T19:35:00Z,71.99850055555555,66296.5,68341.2,66296.5,100.0,0,-3.0841748810268976,-3.371779479339951,-3.371779479339951,-3.371779479339951,66000.0,66296.5,782.167,0.04129504,4320,[]
1772464105053,ETHUSDT,SHORT,LONG,2026-03-02T15:08:25.053000Z,2026-03-03T05:11:30.877000Z,2026-03-06T05:11:00Z,71.99142305555556,2002.0,2065.33,2002.0,100.0,0,3.16333666333666,2.8757320650236067,2.8757320650236067,2.8757320650236067,2028.02942871,2002.0,11892.29935659,0.12152061,4320,[]
1772527974624,ETHUSDT,LONG,SHORT,2026-03-03T08:52:54.624000Z,2026-03-04T09:14:44.989000Z,2026-03-07T09:14:00Z,71.98750305555555,2068.93,1982.77,2068.93,100.0,0,4.164471490093907,3.876866891780853,3.876866891780853,3.8768668917808524,1953.0,2068.93,2318.71593,0.58803333,4320,[]
1772615768941,ETHUSDT,SHORT,LONG,2026-03-04T09:16:08.941000Z,2026-03-06T13:37:04.176000Z,2026-03-09T13:37:00Z,71.99884,2063.87876278,2011.43,2063.87876278,100.0,0,-2.541271499366213,-2.828876097679266,-2.828876097679266,-2.828876097679266,2081.18896694,2063.87876278,14885.78889794,0.07739103,4320,[]
1773063180085,ETHUSDT,SHORT,LONG,2026-03-09T13:33:00.085000Z,2026-03-10T14:17:23.645000Z,2026-03-13T14:17:00Z,71.99343194444444,2015.43,2187.04,2015.43,100.0,0,8.514808254317932,8.22720365600488,8.22720365600488,8.22720365600488,2041.25414412,2015.43,3016.05344004,0.12310633,4320,[]
1773153693242,ETHUSDT,SHORT,LONG,2026-03-10T14:41:33.242000Z,2026-03-11T08:39:00.162000Z,2026-03-14T08:39:00Z,71.999955,2018.54,2074.28,2018.54,100.0,0,2.7614018052652036,2.4737972069521503,2.4737972069521503,2.4737972069521503,2063.32827748,2018.54,9505.64006976,0.21333459,4320,[]
1773239787617,ETHUSDT,SHORT,LONG,2026-03-11T14:36:27.617000Z,2026-03-13T15:00:27.990000Z,2026-03-16T15:00:00Z,71.992225,2149.77091185,2284.09,2149.77091185,100.0,0,6.24806519660324,5.960460598290187,5.960460598290187,5.960460598290187,2175.6954483,2149.77091185,30126.51493682,0.11097151,4320,[]
1773634399608,ETHUSDT,SHORT,LONG,2026-03-16T04:13:19.608000Z,2026-03-18T11:38:31.164000Z,2026-03-21T11:38:00Z,71.99134333333333,2265.75,2155.56,2265.75,100.0,0,-4.863290301224763,-5.150894899537816,-5.150894899537816,-5.150894899537816,2323.16712618,2265.75,55204.95914294,0.24255376,4320,[]
1773838996406,ETHUSDT,LONG,SHORT,2026-03-18T13:03:16.406000Z,2026-03-18T18:00:41.788000Z,2026-03-21T18:00:00Z,71.98839222222222,2212.22,2147.1,2212.22,100.0,0,2.943649365795441,2.6560447674823875,2.6560447674823875,2.6560447674823875,2172.8352057,2212.22,1055.94571997,0.17456458,4320,[]
1773930178247,ETHUSDT,LONG,SHORT,2026-03-19T14:22:58.247000Z,2026-03-20T04:27:59.623000Z,2026-03-23T04:27:00Z,71.98343805555555,2152.55,2054.29,2152.55,100.0,0,4.564818471115664,4.27721387280261,4.27721387280261,4.27721387280261,2117.04,2152.55,1684.84297,0.16133473,4320,[]
1774264797217,BTCUSDT,SHORT,LONG,2026-03-23T11:19:57.217000Z,2026-03-23T11:51:27.445000Z,2026-03-26T11:51:00Z,71.99237638888889,70248.3,69318.2,70248.3,100.0,0,-1.3240178054130929,-1.611622403726146,-1.611622403726146,-1.611622403726146,70726.4807334,70248.3,5594.23639982,0.06402202,4320,[]
1774273967041,ETHUSDT,SHORT,LONG,2026-03-23T13:52:47.041000Z,2026-03-23T16:25:14.591000Z,2026-03-26T16:25:00Z,71.99594694444444,2124.3,2067.24,2124.3,100.0,0,-2.6860612907781576,-2.973665889091211,-2.973665889091211,-2.973665889091211,2185.6928438,2124.3,2845.12855995,0.27632325,4320,[]
1774444676919,ETHUSDT,SHORT,LONG,2026-03-25T13:17:56.919000Z,2026-03-26T05:57:58.094000Z,2026-03-29T05:57:00Z,71.98386277777777,2116.26942327,2005.13,2116.26942327,100.0,0,-5.251667015926094,-5.539271614239147,-5.539271614239147,-5.539271614239146,2185.95422759,2116.26942327,8221.06478936,0.31261047,4320,[]
1774622924538,BTCUSDT,LONG,SHORT,2026-03-27T14:48:44.538000Z,2026-03-29T11:44:35.755000Z,2026-04-01T11:44:00Z,71.99006805555555,66888.0,68571.2,66888.0,100.0,0,-2.5164454012677866,-2.80404999958084,-2.80404999958084,-2.80404999958084,65772.90648855,66888.0,1752.92699999,0.16817612,4320,[]
1774877672554,ETHUSDT,SHORT,LONG,2026-03-30T13:34:32.554000Z,2026-04-02T01:45:00.986000Z,2026-04-05T01:45:00Z,71.99972611111112,2088.0,2057.29,2088.0,100.0,0,-1.4707854406130285,-1.7583900389260818,-1.7583900389260818,-1.7583900389260818,2106.179751,2088.0,4958.85432048,0.08132394,4320,[]
1775139045436,ETHUSDT,SHORT,LONG,2026-04-02T14:10:45.436000Z,2026-04-03T16:00:45.247000Z,2026-04-06T16:00:00Z,71.9874313888889,2049.5,2162.49,2049.5,100.0,0,5.513051963893622,5.225447365580568,5.225447365580568,5.2254473655805675,2060.32944858,2049.5,2686.04978934,0.0464072,4320,[]
1775433688621,ETHUSDT,SHORT,LONG,2026-04-06T00:01:28.621000Z,2026-04-06T23:07:15.225000Z,2026-04-09T23:07:00Z,71.99577083333334,2089.0,2199.1,2089.0,100.0,0,5.270464337003347,4.982859738690292,4.982859738690292,4.982859738690292,2151.34364495,2089.0,31563.96399998,0.28674689,4320,[]
1775553029903,ETHUSDT,SHORT,LONG,2026-04-07T09:10:29.903000Z,2026-04-07T11:36:09.747000Z,2026-04-10T11:36:00Z,71.9972925,2087.39,2216.84,2087.39,100.0,0,6.201524391704487,5.913919793391433,5.913919793391433,5.9139197933914325,2130.2,2087.39,1121.79324,0.19740321,4320,[]
1775603701723,ETHUSDT,SHORT,LONG,2026-04-07T23:15:01.723000Z,2026-04-08T14:35:24.605000Z,2026-04-11T14:35:00Z,71.99316527777778,2217.60353389,2240.36,2217.60353389,100.0,0,1.0261737845484877,0.7385691862354343,0.7385691862354343,0.7385691862354343,2252.66296033,2217.60353389,34667.21662836,0.15099716,4320,[]
1775751142251,BTCUSDT,SHORT,LONG,2026-04-09T16:12:22.251000Z,2026-04-12T15:35:00.754000Z,2026-04-15T15:35:00Z,71.99979055555555,71073.87232253,73666.0,71073.87232253,100.0,0,3.647089419452252,3.3594848211391986,3.3594848211391986,3.3594848211391986,72827.78827603,71073.87232253,7091.08219998,0.23393186,4320,[]
1776120843279,BTCUSDT,SHORT,LONG,2026-04-13T22:54:03.279000Z,2026-04-29T18:11:25.152000Z,2026-05-02T18:11:00Z,71.99301333333334,75511.47493362,78287.1,75511.47493362,100.0,0,3.6757659267283223,3.3881613284152685,3.3881613284152685,3.3881613284152685,76866.82687313,75511.47493362,206219.50829363,0.16895217,4320,[]
1776825549036,ETHUSDT,SHORT,LONG,2026-04-22T02:39:09.036000Z,2026-05-07T15:49:57.130000Z,2026-05-10T15:49:00Z,71.98413055555555,2284.16229524,2346.0,2284.16229524,100.0,0,2.7072377864245767,2.4196331881115234,2.4196331881115234,2.4196331881115234,2378.54446101,2284.16229524,37992.31385955,0.38730141,4320,[]
1777638565700,BTCUSDT,SHORT,LONG,2026-05-01T12:29:25.700000Z,2026-05-14T14:29:25.601000Z,2026-05-17T14:29:00Z,71.99288861111111,79952.83200234,78001.0,79952.83200234,100.0,0,-2.4412293516793455,-2.7288339499923984,-2.7288339499923984,-2.7288339499923984,80219.36360666,79952.83200234,18683.33239826,0.02990255,4320,[]
1778769851996,BTCUSDT,SHORT,LONG,2026-05-14T14:44:11.996000Z,2026-05-16T07:01:42.307000Z,2026-05-19T07:01:00Z,71.98824805555556,79463.67266089,76976.3,79463.67266089,100.0,0,-3.130200980647884,-3.417805578960938,-3.417805578960938,-3.417805578960938,81039.61554455,79463.67266089,12733.61849985,0.18992144,4320,[]
1778776547294,ETHUSDT,SHORT,LONG,2026-05-14T16:35:47.294000Z,2026-05-16T07:01:43.234000Z,2026-05-19T07:01:00Z,71.98799055555556,2264.09190249,2135.42,2264.09190249,100.0,0,-5.683157222924089,-5.970761821237143,-5.970761821237143,-5.970761821237143,2304.66,2264.09190249,1434.44736,0.17079109,4320,[]
1779098899731,BTCUSDT,LONG,SHORT,2026-05-18T10:08:19.731000Z,2026-05-18T19:16:06.622000Z,2026-05-19T18:53:00Z,23.61482722222222,76716.96798367,76830.3,76716.96798367,100.0,0,-0.14772744453890896,-0.43533204285196214,-0.43533204285196214,-0.43533204285196214,76247.40865858,76716.96798367,11730.06149916,0.0579276,1417,[]
