id,symbol,side,contrarian_side,opened_ms,opened_utc,closed_ms,closed_utc,avgCost,avgClosePrice,closingPnl,roi,maxOpenInterest,closedVolume,isolated,status,leverage
1768318446214,BTCUSDT,SHORT,LONG,1768318446214,2026-01-13T15:34:06.214000Z,1768783288787,2026-01-19T00:41:28.787000Z,93867.26090427,92800.23537935,15906.14949931,0.183372,14.907,14.907,Cross,All Closed,16
1768319820555,ETHUSDT,SHORT,LONG,1768319820555,2026-01-13T15:57:00.555000Z,1768889913705,2026-01-20T06:18:33.705000Z,3183.62235,3132.73,3198.63508999,0.11426097,62.851,62.851,Cross,All Closed,7
1768891991869,ETHUSDT,LONG,SHORT,1768891991869,2026-01-20T06:53:11.869000Z,1768923304969,2026-01-20T15:35:04.969000Z,3026.91397497,3033.72,1484.63227006,0.01106325,218.135,218.135,Cross,All Closed,7
1768933238471,ETHUSDT,LONG,SHORT,1768933238471,2026-01-20T18:20:38.471000Z,1769024128242,2026-01-21T19:35:28.242000Z,2947.42218543,3004.58937923,8391.34370933,0.13070619,146.786,146.786,Cross,All Closed,7
1769369503408,ETHUSDT,LONG,SHORT,1769369503408,2026-01-25T19:31:43.408000Z,1769394152596,2026-01-26T02:22:32.596000Z,2816.40156783,2877.9,1208.13669994,0.15097403,19.645,19.645,Cross,All Closed,7
1769740011639,BTCUSDT,LONG,SHORT,1769740011639,2026-01-30T02:26:51.639000Z,1769783941112,2026-01-30T14:39:01.112000Z,81304.65878978,83355.28883672,3931.05779988,0.38962272,1.917,1.917,Cross,All Closed,16
1769879541915,ETHUSDT,LONG,SHORT,1769879541915,2026-01-31T17:12:21.915000Z,1769886053026,2026-01-31T19:00:53.026000Z,2355.0,2387.5,6162.52,0.09378365,189.616,189.616,Cross,All Closed,7
1769879458785,BTCUSDT,LONG,SHORT,1769879458785,2026-01-31T17:10:58.785000Z,1769886992025,2026-01-31T19:16:32.025000Z,78106.05018715,78285.7749032,2785.01419918,0.02554295,15.496,15.496,Cross,All Closed,16
1769987159255,ETHUSDT,LONG,SHORT,1769987159255,2026-02-01T23:05:59.255000Z,1770004709663,2026-02-02T03:58:29.663000Z,2208.59868775,2238.67,9225.90866986,0.09294313,306.801,306.801,Cross,All Closed,7
1770010076101,ETHUSDT,LONG,SHORT,1770010076101,2026-02-02T05:27:56.101000Z,1770042954555,2026-02-02T14:35:54.555000Z,2192.55000669,2353.86,1445.66015999,0.51058385,8.962,8.962,Cross,All Closed,7
1770043443814,ETHUSDT,LONG,SHORT,1770043443814,2026-02-02T14:44:03.814000Z,1770043631791,2026-02-02T14:47:11.791000Z,2349.62100286,2360.86222627,2111.23664923,0.02647315,187.812,187.812,Cross,All Closed,7
1770129863735,ETHUSDT,LONG,SHORT,1770129863735,2026-02-03T14:44:23.735000Z,1770146384097,2026-02-03T19:19:44.097000Z,2163.70030559,2188.78571174,14001.99640977,0.0771797,558.173,558.173,Cross,All Closed,7
1770212954023,ETHUSDT,LONG,SHORT,1770212954023,2026-02-04T13:49:14.023000Z,1770230418859,2026-02-04T18:40:18.859000Z,2138.79491976,2157.21690906,6608.68601984,0.05568336,358.739,358.739,Cross,All Closed,7
1770288742155,ETHUSDT,LONG,SHORT,1770288742155,2026-02-05T10:52:22.155000Z,1770339874085,2026-02-06T01:04:34.085000Z,1885.53257348,1893.18677975,3952.40248958,0.02474206,516.37,516.37,Cross,All Closed,7
1770808361093,ETHUSDT,LONG,SHORT,1770808361093,2026-02-11T11:12:41.093000Z,1770881444136,2026-02-12T07:30:44.136000Z,1917.10564818,1974.22,15986.76398963,0.20646862,279.908,279.908,Cross,All Closed,7
1771808969450,BTCUSDT,LONG,SHORT,1771808969450,2026-02-23T01:09:29.450000Z,1771828033270,2026-02-23T06:27:13.270000Z,64924.88977457,65337.32466683,6622.87949952,0.05649316,16.058,16.058,Cross,All Closed,10
1771811653316,ETHUSDT,LONG,SHORT,1771811653316,2026-02-23T01:54:13.316000Z,1771829718818,2026-02-23T06:55:18.818000Z,1852.99,1879.32,4624.62753,0.09664637,175.641,175.641,Cross,All Closed,7
1771867894034,ETHUSDT,LONG,SHORT,1771867894034,2026-02-23T17:31:34.034000Z,1771875904115,2026-02-23T19:45:04.115000Z,1849.19716117,1853.94,343.99809999,0.01515007,72.53,72.53,Cross,All Closed,7
1771906817903,ETHUSDT,LONG,SHORT,1771906817903,2026-02-24T04:20:17.903000Z,1772024598097,2026-02-25T13:03:18.097000Z,1818.30042393,1956.25,22570.34398987,0.52643165,163.613,163.613,Cross,All Closed,7
1772031346575,ETHUSDT,SHORT,LONG,1772031346575,2026-02-25T14:55:46.575000Z,1772119318597,2026-02-26T15:21:58.597000Z,2028.2729863,2015.0,8692.43891171,0.04209164,654.897,654.897,Cross,All Closed,7
1772203549057,ETHUSDT,LONG,SHORT,1772203549057,2026-02-27T14:45:49.057000Z,1772286542889,2026-02-28T13:49:02.889000Z,1877.92956217,1900.0,15353.43249994,0.11470838,695.656,695.656,Cross,All Closed,10
1772208282416,BTCUSDT,LONG,SHORT,1772208282416,2026-02-27T16:04:42.416000Z,1772307305398,2026-02-28T19:35:05.398000Z,66000.0,66296.5,782.167,0.04129504,2.638,2.638,Cross,All Closed,10
1772464105053,ETHUSDT,SHORT,LONG,1772464105053,2026-03-02T15:08:25.053000Z,1772514690877,2026-03-03T05:11:30.877000Z,2028.02942871,2002.0,11892.29935659,0.12152061,456.879,456.879,Cross,All Closed,10
1772527974624,ETHUSDT,LONG,SHORT,1772527974624,2026-03-03T08:52:54.624000Z,1772615684989,2026-03-04T09:14:44.989000Z,1953.0,2068.93,2318.71593,0.58803333,20.001,20.001,Cross,All Closed,10
1772615768941,ETHUSDT,SHORT,LONG,1772615768941,2026-03-04T09:16:08.941000Z,1772804224176,2026-03-06T13:37:04.176000Z,2081.18896694,2063.87876278,14885.78889794,0.07739103,859.943,859.943,Cross,All Closed,10
1773063180085,ETHUSDT,SHORT,LONG,1773063180085,2026-03-09T13:33:00.085000Z,1773152243645,2026-03-10T14:17:23.645000Z,2041.25414412,2015.43,3016.05344004,0.12310633,116.792,116.792,Cross,All Closed,10
1773153693242,ETHUSDT,SHORT,LONG,1773153693242,2026-03-10T14:41:33.242000Z,1773218340162,2026-03-11T08:39:00.162000Z,2063.32827748,2018.54,9505.64006976,0.21333459,212.235,212.235,Cross,All Closed,10
1773239787617,ETHUSDT,SHORT,LONG,1773239787617,2026-03-11T14:36:27.617000Z,1773414027990,2026-03-13T15:00:27.990000Z,2175.6954483,2149.77091185,30126.51493682,0.11097151,1162.085,1162.085,Cross,All Closed,10
1773634399608,ETHUSDT,SHORT,LONG,1773634399608,2026-03-16T04:13:19.608000Z,1773833911164,2026-03-18T11:38:31.164000Z,2323.16712618,2265.75,55204.95914294,0.24255376,961.472,961.472,Cross,All Closed,10
1773838996406,ETHUSDT,LONG,SHORT,1773838996406,2026-03-18T13:03:16.406000Z,1773856841788,2026-03-18T18:00:41.788000Z,2172.8352057,2212.22,1055.94571997,0.17456458,26.811,26.811,Cross,All Closed,10
1773930178247,ETHUSDT,LONG,SHORT,1773930178247,2026-03-19T14:22:58.247000Z,1773980879623,2026-03-20T04:27:59.623000Z,2117.04,2152.55,1684.84297,0.16133473,47.447,47.447,Cross,All Closed,10
1774264797217,BTCUSDT,SHORT,LONG,1774264797217,2026-03-23T11:19:57.217000Z,1774266687445,2026-03-23T11:51:27.445000Z,70726.4807334,70248.3,5594.23639982,0.06402202,11.699,11.699,Cross,All Closed,10
1774273967041,ETHUSDT,SHORT,LONG,1774273967041,2026-03-23T13:52:47.041000Z,1774283114591,2026-03-23T16:25:14.591000Z,2185.6928438,2124.3,2845.12855995,0.27632325,46.343,46.343,Cross,All Closed,10
1774444676919,ETHUSDT,SHORT,LONG,1774444676919,2026-03-25T13:17:56.919000Z,1774504678094,2026-03-26T05:57:58.094000Z,2185.95422759,2116.26942327,8221.06478936,0.31261047,117.975,117.975,Cross,All Closed,10
1774622924538,BTCUSDT,LONG,SHORT,1774622924538,2026-03-27T14:48:44.538000Z,1774784675755,2026-03-29T11:44:35.755000Z,65772.90648855,66888.0,1752.92699999,0.16817612,1.572,1.572,Cross,All Closed,10
1774877672554,ETHUSDT,SHORT,LONG,1774877672554,2026-03-30T13:34:32.554000Z,1775094300986,2026-04-02T01:45:00.986000Z,2106.179751,2088.0,4958.85432048,0.08132394,272.768,272.768,Cross,All Closed,10
1775139045436,ETHUSDT,SHORT,LONG,1775139045436,2026-04-02T14:10:45.436000Z,1775232045247,2026-04-03T16:00:45.247000Z,2060.32944858,2049.5,2686.04978934,0.0464072,248.032,248.032,Cross,All Closed,10
1775433688621,ETHUSDT,SHORT,LONG,1775433688621,2026-04-06T00:01:28.621000Z,1775516835225,2026-04-06T23:07:15.225000Z,2151.34364495,2089.0,31563.96399998,0.28674689,506.29,506.29,Cross,All Closed,10
1775553029903,ETHUSDT,SHORT,LONG,1775553029903,2026-04-07T09:10:29.903000Z,1775561769747,2026-04-07T11:36:09.747000Z,2130.2,2087.39,1121.79324,0.19740321,26.204,26.204,Cross,All Closed,10
1775603701723,ETHUSDT,SHORT,LONG,1775603701723,2026-04-07T23:15:01.723000Z,1775658924605,2026-04-08T14:35:24.605000Z,2252.66296033,2217.60353389,34667.21662836,0.15099716,988.813,988.813,Cross,All Closed,10
1775751142251,BTCUSDT,SHORT,LONG,1775751142251,2026-04-09T16:12:22.251000Z,1776008100754,2026-04-12T15:35:00.754000Z,72827.78827603,71073.87232253,7091.08219998,0.23393186,4.043,4.043,Cross,All Closed,10
1776120843279,BTCUSDT,SHORT,LONG,1776120843279,2026-04-13T22:54:03.279000Z,1777486285152,2026-04-29T18:11:25.152000Z,76866.82687313,75511.47493362,206219.50829363,0.16895217,64.799,152.152,Cross,All Closed,10
1776825549036,ETHUSDT,SHORT,LONG,1776825549036,2026-04-22T02:39:09.036000Z,1778168997130,2026-05-07T15:49:57.130000Z,2378.54446101,2284.16229524,37992.31385955,0.38730141,402.537,402.537,Cross,All Closed,10
1777638565700,BTCUSDT,SHORT,LONG,1777638565700,2026-05-01T12:29:25.700000Z,1778768965601,2026-05-14T14:29:25.601000Z,80219.36360666,79952.83200234,18683.33239826,0.02990255,51.512,70.098,Cross,All Closed,10
1778769851996,BTCUSDT,SHORT,LONG,1778769851996,2026-05-14T14:44:11.996000Z,1778914902307,2026-05-16T07:01:42.307000Z,81039.61554455,79463.67266089,12733.61849985,0.18992144,8.08,8.08,Cross,All Closed,10
1778776547294,ETHUSDT,SHORT,LONG,1778776547294,2026-05-14T16:35:47.294000Z,1778914903234,2026-05-16T07:01:43.234000Z,2304.66,2264.09190249,1434.44736,0.17079109,35.359,35.359,Cross,All Closed,10
1779098899731,BTCUSDT,LONG,SHORT,1779098899731,2026-05-18T10:08:19.731000Z,1779131766622,2026-05-18T19:16:06.622000Z,76247.40865858,76716.96798367,11730.06149916,0.0579276,24.981,24.981,Cross,All Closed,10
