symbol,bars,equity_end_realized,realized_pnl,return_pct,trades,win_rate_pct,profit_factor,mdd_realized_pct,mdd_mtm_pct
GOR/USDT:USDT,500,101.51212186442581,1.5121218644258079,1.5121218644257972,49,100.0,0.0,0.0,-1.4419670646614429
RDO/USDT:USDT,500,101.37550915054194,1.3755091505419443,1.3755091505419426,35,100.0,0.0,0.0,-0.3289322825564444
ASR/USDT:USDT,500,101.25313496066497,1.2531349606649655,1.25313496066497,39,100.0,0.0,0.0,-1.1881865858036065
USELESS/USDT:USDT,500,101.13784779659089,1.13784779659089,1.1378477965908962,74,100.0,0.0,0.0,-3.598923278264849
API3/USDT:USDT,500,101.03686703232547,1.0368670323254747,1.0368670323254836,51,100.0,0.0,0.0,-1.118469764135671
FLOCK/USDT:USDT,500,100.9594619292055,0.9594619292055029,0.9594619292055073,37,100.0,0.0,0.0,-9.03989950978363
SERAPH/USDT:USDT,500,100.9489765908807,0.9489765908807044,0.9489765908807124,26,100.0,0.0,0.0,-0.31504181175113816
ALCH/USDT:USDT,500,100.9458409115355,0.9458409115354982,0.9458409115354893,31,100.0,0.0,0.0,-0.9128339402233908
AIOT/USDT:USDT,500,100.91563167305627,0.9156316730562679,0.9156316730562608,53,100.0,0.0,0.0,-5.078778584970716
LAUNCHCOIN/USDT:USDT,500,100.89978582182025,0.8997858218202452,0.8997858218202426,71,100.0,0.0,0.0,-1.3676117751104826
HOUSE/USDT:USDT,500,100.87057096109648,0.870570961096476,0.870570961096484,67,100.0,0.0,0.0,-3.5463415647044547
ASP/USDT:USDT,500,100.85931265993737,0.8593126599373733,0.8593126599373724,49,100.0,0.0,0.0,-1.2510661768329454
ZORA/USDT:USDT,500,100.8425460045531,0.8425460045530997,0.8425460045530908,42,100.0,0.0,0.0,-6.6568168326822885
DOLO/USDT:USDT,500,100.82892372949996,0.8289237294999623,0.8289237294999641,50,100.0,0.0,0.0,-4.646299708303025
FHE/USDT:USDT,500,100.82257832431738,0.8225783243173765,0.8225783243173801,37,100.0,0.0,0.0,-64.21941926829719
KOMA/USDT:USDT,500,100.81335690229497,0.81335690229497,0.8133569022949594,40,100.0,0.0,0.0,-0.7934846947377285
NAORIS/USDT:USDT,500,100.808960702559,0.8089607025590055,0.8089607025590029,65,100.0,0.0,0.0,-2.5435700923967297
PHA/USDT:USDT,500,100.80175642520324,0.8017564252032372,0.8017564252032372,43,100.0,0.0,0.0,-5.216916565127117
TANSSI/USDT:USDT,500,100.75052022401286,0.7505202240128597,0.7505202240128517,56,100.0,0.0,0.0,-1.4843477862974948
TAC/USDT:USDT,500,100.74768474629596,0.7476847462959597,0.7476847462959624,53,100.0,0.0,0.0,-2.9546300645921586
VINE/USDT:USDT,500,100.74141375199254,0.741413751992539,0.7414137519925479,30,100.0,0.0,0.0,-8.248429266416975
OL/USDT:USDT,500,100.70919165292135,0.7091916529213478,0.7091916529213371,43,100.0,0.0,0.0,-6.1239527817180965
SKYAI/USDT:USDT,500,100.69190868135657,0.6919086813565656,0.6919086813565567,28,100.0,0.0,0.0,-0.9013362330349198
C/USDT:USDT,500,100.66516664818484,0.6651666481848366,0.665166648184834,46,100.0,0.0,0.0,-2.5482102325363987
SPK/USDT:USDT,500,100.66201144990177,0.6620114499017689,0.6620114499017671,44,100.0,0.0,0.0,-1.007979705025255
HIPPO/USDT:USDT,500,100.65435707120398,0.6543570712039752,0.6543570712039815,39,100.0,0.0,0.0,-1.8792766216195356
SANTOS/USDT:USDT,500,100.65157983609251,0.6515798360925089,0.6515798360925196,28,100.0,0.0,0.0,-0.4236018563163784
DOG/USDT:USDT,500,100.6359079724547,0.635907972454703,0.6359079724546968,49,100.0,0.0,0.0,-1.9639586594308767
KMNO/USDT:USDT,500,100.63511853482358,0.6351185348235759,0.6351185348235866,41,100.0,0.0,0.0,-3.267206854104697
MAV/USDT:USDT,500,100.63494984954701,0.634949849547013,0.6349498495470174,47,100.0,0.0,0.0,-2.2189964021607325
PUMP/USDT:USDT,500,100.62435548881321,0.6243554888132081,0.6243554888132108,44,100.0,0.0,0.0,-3.0313086831329836
GTC/USDT:USDT,500,100.6242956225367,0.6242956225367067,0.6242956225366969,42,100.0,0.0,0.0,-1.7093347664483571
SPX/USDT:USDT,500,100.62425423512973,0.624254235129726,0.6242542351297287,44,100.0,0.0,0.0,-2.51445679962009
NEIROETH/USDT:USDT,500,100.62270444231676,0.6227044423167598,0.6227044423167571,50,100.0,0.0,0.0,-4.2415170079078095
LA/USDT:USDT,500,100.6196664896353,0.619666489635307,0.6196664896353177,46,100.0,0.0,0.0,-1.0017835157483939
GRASS/USDT:USDT,500,100.61691271916023,0.6169127191602257,0.616912719160223,36,100.0,0.0,0.0,-0.7084311395391997
ARC/USDT:USDT,500,100.61464820953927,0.6146482095392685,0.6146482095392702,41,100.0,0.0,0.0,-3.1542851224271304
B2/USDT:USDT,500,100.61244702566434,0.6124470256643377,0.6124470256643422,34,100.0,0.0,0.0,-1.4717787906925885
NEO/USDC:USDC,500,100.60974008435026,0.609740084350264,0.6097400843502632,38,100.0,0.0,0.0,-2.8511088868429497
ELX/USDT:USDT,500,100.59879036874317,0.5987903687431668,0.5987903687431739,41,100.0,0.0,0.0,-6.0626323730221
TOSHI/USDT:USDT,500,100.5951971190476,0.5951971190475973,0.595197119047608,49,100.0,0.0,0.0,-1.655112276696492
MYRO/USDT:USDT,500,100.59431262871857,0.5943126287185692,0.5943126287185629,57,100.0,0.0,0.0,-2.239281473037569
ORDER/USDT:USDT,500,100.58654929096664,0.5865492909666443,0.5865492909666425,52,100.0,0.0,0.0,-2.2113954256331776
WIF/USDT:USDT,500,100.58402061224804,0.5840206122480396,0.5840206122480485,44,100.0,0.0,0.0,-1.8297364301541763
CTC/USDT:USDT,500,100.58312835670854,0.5831283567085421,0.583128356708551,46,100.0,0.0,0.0,-1.6435311388470475
RSR/USDT:USDT,500,100.58302075692549,0.5830207569254924,0.5830207569254897,43,100.0,0.0,0.0,-1.5949670075619766
POPCAT/USDC:USDC,500,100.57465011891014,0.5746501189101423,0.5746501189101361,48,100.0,0.0,0.0,-1.4951588966900762
BERA/USDC:USDC,500,100.57135584257593,0.571355842575926,0.5713558425759269,43,100.0,0.0,0.0,-4.9840077716921805
SOON/USDT:USDT,500,100.56555587606081,0.565555876060813,0.5655558760608193,48,100.0,0.0,0.0,-0.6592228603302472
PORTAL/USDT:USDT,500,100.56064604698663,0.5606460469866335,0.5606460469866237,49,100.0,0.0,0.0,-1.9849275128757786
PLAYSOUT/USDT:USDT,500,100.55775789559048,0.557757895590484,0.5577578955904938,36,100.0,0.0,0.0,-5.752087314178655
BERA/USDT:USDT,500,100.55576061050179,0.5557606105017925,0.5557606105017987,43,100.0,0.0,0.0,-4.758161058723863
HUMA/USDT:USDT,500,100.55355883851223,0.553558838512231,0.5535588385122248,17,100.0,0.0,0.0,-0.2586659876654909
SKL/USDT:USDT,500,100.55305592530023,0.5530559253002281,0.5530559253002387,39,100.0,0.0,0.0,-3.0917476055368978
REZ/USDT:USDT,500,100.55291795747044,0.5529179574704415,0.5529179574704335,44,100.0,0.0,0.0,-3.134466231816063
BSW/USDT:USDT,500,100.55114174290235,0.5511417429023453,0.5511417429023391,43,100.0,0.0,0.0,-1.333073931133499
NEIROCTO/USDT:USDT,500,100.54930317253606,0.5493031725360566,0.5493031725360531,46,100.0,0.0,0.0,-2.8193888411164014
ALPINE/USDT:USDT,500,100.54734625910534,0.5473462591053391,0.5473462591053302,44,100.0,0.0,0.0,-1.1591583429226493
AVAAI/USDT:USDT,500,100.54701990050216,0.5470199005021641,0.5470199005021659,48,100.0,0.0,0.0,-1.6620830770148551
ESPORTS/USDT:USDT,500,100.54415038889225,0.5441503888922483,0.5441503888922394,51,100.0,0.0,0.0,-1.2889483691994583
GOAT/USDT:USDT,500,100.54340945388677,0.5434094538867669,0.5434094538867562,44,100.0,0.0,0.0,-2.2137670618407403
LINK/USDC:USDC,500,100.54195732682699,0.5419573268269886,0.5419573268269806,48,100.0,0.0,0.0,-1.6047463552948036
RAY/USDT:USDT,500,100.54125704334459,0.5412570433445865,0.5412570433445785,46,100.0,0.0,0.0,-1.8768240161254792
LINK/USDT:USDT,500,100.54076690372513,0.5407669037251281,0.5407669037251317,49,100.0,0.0,0.0,-1.5931775842371887
AGT/USDT:USDT,500,100.5369255072604,0.5369255072604062,0.5369255072604107,41,100.0,0.0,0.0,-1.7913541491530869
AI16Z/USDT:USDT,500,100.5333228498356,0.5333228498355993,0.5333228498356046,45,100.0,0.0,0.0,-2.8325664696753248
WIF/USDC:USDC,500,100.53204770451278,0.5320477045127774,0.5320477045127836,43,100.0,0.0,0.0,-1.8311395397669985
STRK/USDT:USDT,500,100.5308497751744,0.5308497751744028,0.5308497751744135,53,100.0,0.0,0.0,-1.719823142026676
CHILLGUY/USDT:USDT,500,100.5292673763867,0.5292673763866986,0.5292673763866995,49,100.0,0.0,0.0,-1.4145080627830882
POPCAT/USDT:USDT,500,100.52273686669972,0.5227368666997165,0.5227368666997245,45,100.0,0.0,0.0,-1.5441867417311033
UMA/USDT:USDT,500,100.51988178084957,0.5198817808495733,0.5198817808495626,42,100.0,0.0,0.0,-1.3847163188158385
TAI/USDT:USDT,500,100.51584070838825,0.5158407083882537,0.5158407083882599,49,100.0,0.0,0.0,-1.5277396170003095
HYPERLANE/USDT:USDT,500,100.51521762563715,0.515217625637149,0.5152176256371543,42,100.0,0.0,0.0,-1.071540123697744
BRETT/USDT:USDT,500,100.51469875815815,0.514698758158147,0.5146987581581497,45,100.0,0.0,0.0,-3.9162546412712906
FARTCOIN/USDC:USDC,500,100.51428062207171,0.5142806220717091,0.5142806220717056,48,100.0,0.0,0.0,-2.571208814455507
FARTCOIN/USDT:USDT,500,100.5102811269772,0.5102811269772047,0.5102811269771967,47,100.0,0.0,0.0,-2.5311190481992463
DEGEN/USDT:USDT,500,100.50873358256722,0.508733582567217,0.5087335825672223,41,100.0,0.0,0.0,-2.003023938597897
ZKJ/USDT:USDT,500,100.50644285227176,0.5064428522717606,0.5064428522717712,71,100.0,0.0,0.0,-1.268459984590107
VVV/USDT:USDT,500,100.50617564326346,0.506175643263461,0.5061756432634512,37,100.0,0.0,0.0,-1.6552917267726577
INJ/USDT:USDT,500,100.50472550418519,0.5047255041851884,0.5047255041851884,45,100.0,0.0,0.0,-1.7673681382758728
BROCCOLIF3B/USDT:USDT,500,100.50350519646494,0.5035051964649426,0.5035051964649373,41,100.0,0.0,0.0,-1.193700590944307
TOKEN/USDT:USDT,500,100.50332210562222,0.5033221056222175,0.5033221056222281,38,100.0,0.0,0.0,-2.187101888060571
ETHW/USDT:USDT,500,100.50238534779533,0.5023853477953253,0.50238534779532,30,100.0,0.0,0.0,-10.378397497114014
LQTY/USDT:USDT,500,100.4995336982356,0.4995336982355951,0.499533698235588,48,100.0,0.0,0.0,-2.3394832101261853
PIXEL/USDT:USDT,500,100.49735449901122,0.4973544990112231,0.49735449901122664,43,100.0,0.0,0.0,-1.9955218673051476
M/USDT:USDT,500,100.4951536440141,0.49515364401409556,0.49515364401409023,38,100.0,0.0,0.0,-2.1688672017227573
VIRTUAL/USDT:USDT,500,100.49310008280281,0.4931000828028118,0.4931000828028109,45,100.0,0.0,0.0,-2.4418884532966167
SCR/USDT:USDT,500,100.4914028406704,0.4914028406704034,0.4914028406703963,53,100.0,0.0,0.0,-1.1962037701114143
DIA/USDT:USDT,500,100.48980127644236,0.48980127644236404,0.4898012764423587,40,100.0,0.0,0.0,-1.4054467034824232
1000CAT/USDT:USDT,500,100.4897323084994,0.4897323084993985,0.4897323084994021,40,100.0,0.0,0.0,-4.765929299527127
THETA/USDT:USDT,500,100.48879078662881,0.4887907866288117,0.48879078662880104,33,100.0,0.0,0.0,-1.869546533251399
ZEREBRO/USDT:USDT,500,100.4865801912147,0.4865801912146992,0.48658019121470275,39,100.0,0.0,0.0,-2.8629344618646533
TREE/USDT:USDT,500,100.48358100595186,0.48358100595186215,0.4835810059518719,44,100.0,0.0,0.0,-1.6469859525568902
MEME/USDT:USDT,500,100.48230877659728,0.48230877659727867,0.48230877659727334,33,100.0,0.0,0.0,-22.53102748645055
H/USDT:USDT,500,100.48195511063918,0.48195511063917706,0.4819551106391762,48,100.0,0.0,0.0,-1.5936050983547347
SYN/USDT:USDT,500,100.48186802921917,0.4818680292191715,0.48186802921916794,51,100.0,0.0,0.0,-0.8457895932778215
EIGEN/USDT:USDT,500,100.47709549564458,0.4770954956445763,0.4770954956445861,61,100.0,0.0,0.0,-2.4725606673680334
AERO/USDT:USDT,500,100.4767258555667,0.47672585556669844,0.47672585556670644,49,100.0,0.0,0.0,-2.3179959823322998
GRIFFAIN/USDT:USDT,500,100.47389184586007,0.4738918458600665,0.47389184586006383,43,100.0,0.0,0.0,-2.3222863635493645
TAG/USDT:USDT,500,100.47324715569489,0.4732471556948923,0.4732471556949003,32,100.0,0.0,0.0,-0.5682145827751687
AIXBT/USDT:USDT,500,100.47312234675317,0.473122346753172,0.4731223467531631,45,100.0,0.0,0.0,-2.598319597988218
B/USDT:USDT,500,100.47308859237216,0.4730885923721644,0.4730885923721617,15,100.0,0.0,0.0,-0.6482224907813
VANRY/USDT:USDT,500,100.47258089126537,0.4725808912653662,0.47258089126536174,41,100.0,0.0,0.0,-1.6527863211812912
EIGEN/USDC:USDC,500,100.47031749206816,0.47031749206816187,0.47031749206816187,60,100.0,0.0,0.0,-2.6055434967450943
PONKE/USDT:USDT,500,100.47022743469334,0.47022743469334216,0.4702274346933377,39,100.0,0.0,0.0,-2.312053618057382
GAS/USDT:USDT,500,100.46871520632534,0.46871520632534214,0.468715206325343,40,100.0,0.0,0.0,-4.245099289497474
BIO/USDT:USDT,500,100.4676778218214,0.46767782182139683,0.4676778218213995,30,100.0,0.0,0.0,-19.103509291432424
PEOPLE/USDT:USDT,500,100.46766899801814,0.46766899801814077,0.46766899801813366,42,100.0,0.0,0.0,-2.8842979503862844
PHB/USDT:USDT,500,100.46511939828615,0.46511939828614857,0.46511939828615123,44,100.0,0.0,0.0,-1.7580896065069982
MKR/USDT:USDT,500,100.46447034985715,0.46447034985715163,0.46447034985714897,43,100.0,0.0,0.0,-2.3566781647516857
PRCL/USDT:USDT,500,100.46434105729733,0.4643410572973323,0.464341057297335,38,100.0,0.0,0.0,-2.1385946647564027
BOME/USDC:USDC,500,100.46390891334794,0.46390891334793594,0.4639089133479324,38,100.0,0.0,0.0,-9.098113852966069
BEAM/USDT:USDT,500,100.46271922113309,0.46271922113308506,0.46271922113307884,45,100.0,0.0,0.0,-1.58766320072622
CUDIS/USDT:USDT,500,100.46204349507454,0.4620434950745391,0.4620434950745489,33,100.0,0.0,0.0,-10.056402346781896
STRK/USDC:USDC,500,100.45464805309834,0.4546480530983388,0.4546480530983388,51,100.0,0.0,0.0,-2.411177333353298
BLAST/USDT:USDT,500,100.45387743460823,0.4538774346082306,0.4538774346082297,33,100.0,0.0,0.0,-1.5443939891054734
RPL/USDT:USDT,500,100.45001238532605,0.4500123853260476,0.4500123853260485,44,100.0,0.0,0.0,-3.2997203290567363
PENGU/USDC:USDC,500,100.44951499616833,0.44951499616833246,0.4495149961683431,47,100.0,0.0,0.0,-4.685836839350569
TST/USDT:USDT,500,100.44876359054041,0.44876359054040904,0.44876359054040194,40,100.0,0.0,0.0,-0.9226969194991951
REX/USDT:USDT,500,100.44794799327693,0.4479479932769266,0.44794799327692036,45,100.0,0.0,0.0,-2.300770001692448
COMP/USDT:USDT,500,100.44732161306503,0.4473216130650286,0.4473216130650215,39,100.0,0.0,0.0,-1.8308848333922667
AKT/USDT:USDT,500,100.44674970914038,0.44674970914037715,0.4467497091403816,33,100.0,0.0,0.0,-0.8440487511039297
ZRC/USDT:USDT,500,100.44659205990514,0.44659205990514295,0.4465920599051376,44,100.0,0.0,0.0,-1.386212437840694
OP/USDC:USDC,500,100.44510854042942,0.44510854042941617,0.4451085404294064,35,100.0,0.0,0.0,-1.807825696396181
HIGH/USDT:USDT,500,100.44296436082057,0.442964360820568,0.44296436082056356,34,100.0,0.0,0.0,-1.825432655541134
PROMPT/USDT:USDT,500,100.44232783269157,0.44232783269157494,0.44232783269158027,21,100.0,0.0,0.0,-16.84363999909389
STO/USDT:USDT,500,100.44180771252564,0.44180771252564455,0.44180771252564366,44,100.0,0.0,0.0,-2.1210483447496413
F/USDT:USDT,500,100.43908468832235,0.43908468832235314,0.43908468832234426,37,100.0,0.0,0.0,-1.3041764692770728
MEW/USDT:USDT,500,100.43574769539175,0.43574769539175406,0.43574769539176383,44,100.0,0.0,0.0,-1.96627466656655
ROSE/USDT:USDT,500,100.43514938537132,0.435149385371318,0.4351493853713251,44,100.0,0.0,0.0,-1.2848460564136965
SWARMS/USDT:USDT,500,100.4342137392218,0.4342137392218035,0.4342137392218115,49,100.0,0.0,0.0,-1.0433967953618566
CYBER/USDT:USDT,500,100.43370917714289,0.43370917714288737,0.4337091771428936,49,100.0,0.0,0.0,-1.9655039087491233
CHR/USDT:USDT,500,100.43358660472481,0.4335866047248089,0.4335866047248116,43,100.0,0.0,0.0,-1.5507392860610307
1000PEPE/USDC:USDC,500,100.43107098610348,0.43107098610347805,0.4310709861034878,41,100.0,0.0,0.0,-2.1120553977845655
YGG/USDT:USDT,500,100.42874488913891,0.42874488913891184,0.42874488913891007,46,100.0,0.0,0.0,-3.2345668510000722
DYM/USDT:USDT,500,100.42637182858071,0.426371828580713,0.4263718285807183,45,100.0,0.0,0.0,-2.0684539712783105
A2Z/USDT:USDT,500,100.42570095969927,0.42570095969927024,0.42570095969927113,34,100.0,0.0,0.0,-1.4372668796447197
INIT/USDT:USDT,500,100.42553518990606,0.4255351899060571,0.42553518990606776,38,100.0,0.0,0.0,-2.281257680050366
ADA/USDT:USDT,500,100.42293427034832,0.4229342703483212,0.42293427034831854,42,100.0,0.0,0.0,-1.3716260648170195
FLM/USDT:USDT,500,100.42248426059562,0.42248426059562405,0.4224842605956347,41,100.0,0.0,0.0,-1.8454789646774699
MERL/USDT:USDT,500,100.4217165080611,0.4217165080610954,0.4217165080610874,25,100.0,0.0,0.0,-1.4444094071416602
BB/USDT:USDT,500,100.42125471701529,0.4212547170152874,0.4212547170152847,36,100.0,0.0,0.0,-9.056402313874337
PYTH/USDT:USDT,500,100.41922811983045,0.41922811983044994,0.4192281198304393,40,100.0,0.0,0.0,-1.814441691471977
TA/USDT:USDT,500,100.41870578374134,0.4187057837413448,0.4187057837413466,42,100.0,0.0,0.0,-1.726297281423241
CGPT/USDT:USDT,500,100.416979674104,0.41697967410399883,0.41697967410398995,43,100.0,0.0,0.0,-1.7422306047028853
HOT/USDT:USDT,500,100.41514102466462,0.4151410246646208,0.41514102466462255,39,100.0,0.0,0.0,-2.020194587441842
10000WHY/USDT:USDT,500,100.41467156672353,0.414671566723527,0.41467156672352345,41,100.0,0.0,0.0,-1.8046908960718828
PNUT/USDC:USDC,500,100.41442442186452,0.4144244218645241,0.4144244218645232,42,100.0,0.0,0.0,-2.4000721640937974
WOO/USDT:USDT,500,100.41425425505962,0.41425425505961755,0.41425425505960956,40,100.0,0.0,0.0,-1.9350069454425696
LISTA/USDT:USDT,500,100.41410710808636,0.4141071080863554,0.414107108086359,37,100.0,0.0,0.0,-2.2826737038809988
AR/USDT:USDT,500,100.41392947071824,0.4139294707182444,0.41392947071825503,42,100.0,0.0,0.0,-2.1290230624815076
ENS/USDT:USDT,500,100.4137584317927,0.4137584317927008,0.413758431792699,39,100.0,0.0,0.0,-1.9552802674974445
MANTA/USDT:USDT,500,100.41206806326744,0.4120680632674407,0.4120680632674345,44,100.0,0.0,0.0,-1.9851006098902377
CROSS/USDT:USDT,500,100.41102432148169,0.41102432148169044,0.4110243214817011,32,100.0,0.0,0.0,-1.045327113307584
RENDER/USDT:USDT,500,100.41072842228242,0.4107284222824177,0.4107284222824248,37,100.0,0.0,0.0,-1.8509583608558464
SAGA/USDT:USDT,500,100.41062822313026,0.41062822313026004,0.4106282231302494,46,100.0,0.0,0.0,-2.084928743882197
UNI/USDT:USDT,500,100.41009201513113,0.41009201513112714,0.410092015131136,40,100.0,0.0,0.0,-1.5426835214821004
ADA/USDC:USDC,500,100.40991215635609,0.4099121563560857,0.4099121563560848,41,100.0,0.0,0.0,-1.3740892181115774
PNUT/USDT:USDT,500,100.40913792920091,0.4091379292009094,0.40913792920092007,40,100.0,0.0,0.0,-2.486223985489299
PUFFER/USDT:USDT,500,100.40888262772728,0.4088826277272801,0.40888262772726947,37,100.0,0.0,0.0,-2.056438907235915
IOTA/USDT:USDT,500,100.40547171946848,0.4054717194684798,0.4054717194684754,39,100.0,0.0,0.0,-1.4853846886970619
COW/USDT:USDT,500,100.40498192321664,0.4049819232166385,0.4049819232166296,37,100.0,0.0,0.0,-2.5523725925745406
MAVIA/USDT:USDT,500,100.4048551183973,0.40485511839729327,0.40485511839729593,43,100.0,0.0,0.0,-1.396564427705701
NEO/USDT:USDT,500,100.40405212425725,0.4040521242572481,0.4040521242572481,36,100.0,0.0,0.0,-2.849035209438382
1000000BOB/USDT:USDT,500,100.40383659068856,0.40383659068855593,0.4038365906885666,47,100.0,0.0,0.0,-1.4960877333867502
JUP/USDT:USDT,500,100.40381973429368,0.4038197342936769,0.40381973429368667,37,100.0,0.0,0.0,-2.422251915536359
UNI/USDC:USDC,500,100.4030731696236,0.4030731696235961,0.4030731696236023,41,100.0,0.0,0.0,-1.5508680880960202
BANANA/USDT:USDT,500,100.40229924322671,0.4022992432267074,0.4022992432267003,42,100.0,0.0,0.0,-2.1848592530042903
ENS/USDC:USDC,500,100.4022361169833,0.4022361169833033,0.4022361169833122,40,100.0,0.0,0.0,-1.8622420920341838
GHST/USDT:USDT,500,100.40116803997734,0.4011680399773354,0.40116803997733985,25,100.0,0.0,0.0,-1.5798439750042998
BOME/USDT:USDT,500,100.40039501524758,0.40039501524758236,0.4003950152475788,40,100.0,0.0,0.0,-8.852505138900622
HOOK/USDT:USDT,500,100.39991529454424,0.39991529454424324,0.3999152945442397,46,100.0,0.0,0.0,-1.9048494416982122
1000000MOG/USDT:USDT,500,100.39960198124155,0.39960198124154545,0.39960198124153745,58,100.0,0.0,0.0,-1.7057380213477715
MOODENG/USDT:USDT,500,100.39953957061054,0.3995395706105427,0.3995395706105409,38,100.0,0.0,0.0,-2.351708749767057
KERNEL/USDT:USDT,500,100.39928278633259,0.3992827863325914,0.39928278633258873,36,100.0,0.0,0.0,-2.816753741486134
HFT/USDT:USDT,500,100.3990921449701,0.3990921449700977,0.3990921449700924,39,100.0,0.0,0.0,-2.533196816894062
X/USDT:USDT,500,100.39893584211518,0.3989358421151792,0.39893584211518895,34,100.0,0.0,0.0,-1.2341564463014132
GMX/USDT:USDT,500,100.39821773455968,0.39821773455967957,0.39821773455968046,35,100.0,0.0,0.0,-1.1554823711569704
FIDA/USDT:USDT,500,100.39795455458032,0.39795455458032336,0.39795455458031537,40,100.0,0.0,0.0,-3.3424100638884937
PENDLE/USDT:USDT,500,100.39776039219348,0.3977603921934758,0.39776039219348025,61,100.0,0.0,0.0,-1.1807135891802516
ETHFI/USDC:USDC,500,100.39726172432424,0.39726172432423823,0.39726172432423823,41,100.0,0.0,0.0,-2.793787991366142
TRU/USDT:USDT,500,100.39481365351489,0.3948136535148876,0.3948136535148805,42,100.0,0.0,0.0,-1.667982839102144
METIS/USDT:USDT,500,100.39351548977729,0.3935154897772861,0.39351548977728523,46,100.0,0.0,0.0,-2.4819378675064874
SWELL/USDT:USDT,500,100.39317137720113,0.3931713772011278,0.39317137720111806,34,100.0,0.0,0.0,-3.807750973202878
ARKM/USDT:USDT,500,100.39311778463838,0.39311778463837754,0.3931177846383749,39,100.0,0.0,0.0,-2.030874898453289
ORDI/USDT:USDT,500,100.391669244424,0.3916692444239942,0.39166924442399775,40,100.0,0.0,0.0,-3.494122326671281
IO/USDT:USDT,500,100.39128201772738,0.39128201772737725,0.39128201772737903,42,100.0,0.0,0.0,-1.5370250180838718
KNC/USDT:USDT,500,100.3895854166782,0.38958541667820157,0.38958541667819535,28,100.0,0.0,0.0,-1.9822425091406617
NIL/USDT:USDT,500,100.3893005727014,0.3893005727014014,0.38930057270141205,38,100.0,0.0,0.0,-2.5280213213500513
THE/USDT:USDT,500,100.38874757399729,0.38874757399729276,0.38874757399729454,40,100.0,0.0,0.0,-3.1196982809592178
1000BONK/USDT:USDT,500,100.38852315752482,0.3885231575248156,0.3885231575248227,42,100.0,0.0,0.0,-1.640312634388063
ZK/USDT:USDT,500,100.38844583944497,0.38844583944496947,0.388445839444973,43,100.0,0.0,0.0,-3.4249085640352908
JASMY/USDT:USDT,500,100.38776602905003,0.3877660290500273,0.38776602905001845,42,100.0,0.0,0.0,-1.3797540561030397
FLOKI/USDT:USDT,500,100.38671676951829,0.38671676951828715,0.3867167695182916,39,100.0,0.0,0.0,-2.010788972944317
PLUME/USDT:USDT,500,100.3863896863097,0.3863896863096983,0.38638968630970716,37,100.0,0.0,0.0,-1.5406878526884449
XAI/USDT:USDT,500,100.38336699529467,0.383366995294665,0.383366995294665,41,100.0,0.0,0.0,-2.3804046218872017
ARB/USDT:USDT,500,100.3833323399619,0.3833323399618962,0.38333233996190597,45,100.0,0.0,0.0,-3.9400581182534546
FET/USDT:USDT,500,100.38329457352495,0.38329457352494956,0.38329457352495044,32,100.0,0.0,0.0,-1.1835931193541416
PENGU/USDT:USDT,500,100.38310999797174,0.3831099979717436,0.3831099979717534,35,100.0,0.0,0.0,-4.6950659734057645
CKB/USDT:USDT,500,100.38223415526457,0.3822341552645696,0.3822341552645714,35,100.0,0.0,0.0,-1.5144291574970123
FIS/USDT:USDT,500,100.38164546381184,0.38164546381183584,0.3816454638118305,28,100.0,0.0,0.0,-0.6672557164771226
1000BONK/USDC:USDC,500,100.38159024553289,0.381590245532891,0.38159024553288123,43,100.0,0.0,0.0,-1.6487206018631277
POL/USDC:USDC,500,100.38071992799408,0.38071992799407894,0.3807199279940887,35,100.0,0.0,0.0,-0.9534814129388987
BABY/USDT:USDT,500,100.38035332336965,0.380353323369647,0.3803533233696532,36,100.0,0.0,0.0,-1.2485859162483706
10000SATS/USDT:USDT,500,100.38035146605093,0.38035146605092507,0.3803514660509322,31,100.0,0.0,0.0,-3.627275740147242
BNT/USDT:USDT,500,100.37991393474064,0.3799139347406424,0.37991393474063884,29,100.0,0.0,0.0,-1.4608040814450176
RESOLV/USDT:USDT,500,100.37943600708518,0.3794360070851752,0.37943600708516545,36,100.0,0.0,0.0,-1.1862793979089312
ATOM/USDT:USDT,500,100.37903422749156,0.3790342274915588,0.37903422749154814,33,100.0,0.0,0.0,-1.653154103111795
OG/USDT:USDT,500,100.378883390898,0.3788833908979967,0.3788833908979994,18,100.0,0.0,0.0,-0.2224260908336799
ZBCN/USDT:USDT,500,100.37877850906068,0.37877850906068034,0.37877850906067323,41,100.0,0.0,0.0,-3.4267215016213695
PARTI/USDT:USDT,500,100.37847658830745,0.3784765883074499,0.37847658830745257,35,100.0,0.0,0.0,-1.0037044647877884
SUSHI/USDT:USDT,500,100.37763853341764,0.3776385334176382,0.37763853341763465,38,100.0,0.0,0.0,-3.240046074616699
DRIFT/USDT:USDT,500,100.3771787269548,0.3771787269547957,0.3771787269547966,33,100.0,0.0,0.0,-2.945104664340023
ONE/USDT:USDT,500,100.37633223623286,0.37633223623285517,0.37633223623285694,43,100.0,0.0,0.0,-1.8042596567644267
KDA/USDT:USDT,500,100.37538745206733,0.37538745206732926,0.3753874520673328,40,100.0,0.0,0.0,-1.9918003003275662
ACH/USDT:USDT,500,100.37436416210292,0.3743641621029212,0.3743641621029248,41,100.0,0.0,0.0,-2.2422129392599075
NEWT/USDT:USDT,500,100.37359379328304,0.3735937932830353,0.37359379328303355,30,100.0,0.0,0.0,-0.85019478098347
DUSK/USDT:USDT,500,100.37244022104474,0.37244022104474084,0.3724402210447453,44,100.0,0.0,0.0,-1.8196970206555565
PORT3/USDT:USDT,500,100.37221571133637,0.37221571133636644,0.37221571133636555,39,100.0,0.0,0.0,-1.3144508262109758
ALGO/USDC:USDC,500,100.37194525080133,0.3719452508013319,0.371945250801331,33,100.0,0.0,0.0,-0.7899640139470917
GORK/USDT:USDT,500,100.37086905305159,0.37086905305159235,0.37086905305159235,40,100.0,0.0,0.0,-1.9929673103212646
WAL/USDT:USDT,500,100.37070220544646,0.37070220544646304,0.3707022054464604,41,100.0,0.0,0.0,-1.4980579613747258
TRB/USDT:USDT,500,100.37061512335644,0.3706151233564441,0.37061512335645475,38,100.0,0.0,0.0,-1.9370210731417572
SEI/USDT:USDT,500,100.37057112902599,0.3705711290259899,0.3705711290259872,42,100.0,0.0,0.0,-1.570781994573156
MELANIA/USDT:USDT,500,100.37003124979769,0.370031249797691,0.37003124979768653,39,100.0,0.0,0.0,-1.1134344434975987
MOVR/USDT:USDT,500,100.36973634591708,0.36973634591707594,0.36973634591708215,36,100.0,0.0,0.0,-1.4990667082825744
SIREN/USDT:USDT,500,100.36921367015337,0.36921367015337125,0.3692136701533677,27,100.0,0.0,0.0,-0.4646788760331456
1INCH/USDT:USDT,500,100.36819396183878,0.3681939618387844,0.36819396183878084,37,100.0,0.0,0.0,-1.9758780917348653
ORDI/USDC:USDC,500,100.36723760050265,0.36723760050264787,0.36723760050265675,38,100.0,0.0,0.0,-3.2117095147694683
ARB/USDC:USDC,500,100.36713040532078,0.3671304053207791,0.36713040532077024,44,100.0,0.0,0.0,-4.4501425266829555
S/USDT:USDT,500,100.36596188579799,0.3659618857979865,0.36596188579798294,38,100.0,0.0,0.0,-1.3747507735556925
ETHFI/USDT:USDT,500,100.36552194448593,0.3655219444859341,0.3655219444859359,41,100.0,0.0,0.0,-2.6511363322476167
DOGE/USDT:USDT,500,100.36544715052393,0.3654471505239343,0.3654471505239343,39,100.0,0.0,0.0,-1.4717167893341492
HMSTR/USDT:USDT,500,100.36528789429134,0.3652878942913418,0.3652878942913329,34,100.0,0.0,0.0,-2.219933841633357
1000PEPE/USDT:USDT,500,100.36489420796335,0.3648942079633457,0.36489420796335104,38,100.0,0.0,0.0,-2.2492788712680003
COOKIE/USDT:USDT,500,100.36420836033678,0.36420836033677517,0.36420836033677073,44,100.0,0.0,0.0,-2.410978014624442
CFX/USDT:USDT,500,100.36407626701353,0.36407626701353024,0.36407626701353557,39,100.0,0.0,0.0,-2.0609449916136313
AVA/USDT:USDT,500,100.36297417270113,0.3629741727011293,0.36297417270112486,38,100.0,0.0,0.0,-1.9966096515036489
NFP/USDT:USDT,500,100.36269013684102,0.36269013684102447,0.36269013684102624,42,100.0,0.0,0.0,-1.6036901371018815
REDSTONE/USDT:USDT,500,100.36245325775916,0.3624532577591566,0.3624532577591655,46,100.0,0.0,0.0,-2.0980579170197236
XCN/USDT:USDT,500,100.36034107975878,0.3603410797587827,0.3603410797587747,44,100.0,0.0,0.0,-1.8786733869057322
ES/USDT:USDT,500,100.35904810743298,0.359048107432983,0.359048107432991,32,100.0,0.0,0.0,-0.9965183495233007
CTK/USDT:USDT,500,100.3584516530182,0.35845165301819293,0.35845165301819915,31,100.0,0.0,0.0,-1.6836895090554254
VET/USDT:USDT,500,100.35780931430237,0.3578093143023722,0.35780931430238194,35,100.0,0.0,0.0,-2.1321880549603045
FLUX/USDT:USDT,500,100.35769790780496,0.3576979078049618,0.3576979078049547,36,100.0,0.0,0.0,-1.8704158264737072
SQD/USDT:USDT,500,100.35719931400153,0.3571993140015337,0.3571993140015328,42,100.0,0.0,0.0,-2.3062115814555915
ALT/USDT:USDT,500,100.35674334838049,0.3567433483804905,0.35674334838049493,39,100.0,0.0,0.0,-2.19589013402119
D/USDT:USDT,500,100.35658995886365,0.3565899588636512,0.3565899588636512,29,100.0,0.0,0.0,-1.7869015271700324
JOE/USDT:USDT,500,100.3565884625538,0.35658846255380183,0.3565884625537974,36,100.0,0.0,0.0,-1.9806123128491104
CELO/USDT:USDT,500,100.35652969587048,0.3565296958704778,0.3565296958704778,33,100.0,0.0,0.0,-1.9330208201778276
SLP/USDT:USDT,500,100.35555355208078,0.355553552080778,0.35555355208076733,42,100.0,0.0,0.0,-1.6717939551766678
OM/USDT:USDT,500,100.35534801926583,0.3553480192658327,0.35534801926582205,37,100.0,0.0,0.0,-1.63086863155963
ETC/USDT:USDT,500,100.3551610295613,0.3551610295613017,0.3551610295613017,35,100.0,0.0,0.0,-3.662216758359276
GRT/USDT:USDT,500,100.35445746081142,0.3544574608114175,0.35445746081141927,34,100.0,0.0,0.0,-1.4434507459449584
RFC/USDT:USDT,500,100.35424991078443,0.35424991078443213,0.35424991078443213,34,100.0,0.0,0.0,-3.4836449624508776
RARE/USDT:USDT,500,100.35357705035841,0.35357705035841036,0.35357705035841125,39,100.0,0.0,0.0,-1.3608632784996826
NTRN/USDT:USDT,500,100.35350581801025,0.35350581801024816,0.35350581801025793,40,100.0,0.0,0.0,-2.4749864878090966
ILV/USDT:USDT,500,100.35266705839969,0.3526670583996889,0.3526670583996916,34,100.0,0.0,0.0,-1.0395216776274674
ETC/USDC:USDC,500,100.35257207567638,0.3525720756763775,0.3525720756763828,33,100.0,0.0,0.0,-3.6550754250126833
HIFI/USDT:USDT,500,100.35227900110503,0.35227900110503185,0.35227900110503807,48,100.0,0.0,0.0,-0.6411397205221552
OMNINETWORK/USDT:USDT,500,100.35150722001566,0.35150722001566237,0.3515072200156677,42,100.0,0.0,0.0,-1.2799678547335813
DYDX/USDT:USDT,500,100.35111475200446,0.35111475200446307,0.3511147520044666,39,100.0,0.0,0.0,-2.3497986991281703
GPS/USDT:USDT,500,100.34975839244528,0.3497583924452812,0.3497583924452874,40,100.0,0.0,0.0,-1.397648986307181
VELODROME/USDT:USDT,500,100.34858857517135,0.3485885751713482,0.3485885751713491,45,100.0,0.0,0.0,-1.9970087182953504
DEEP/USDT:USDT,500,100.34802700790662,0.348027007906623,0.348027007906615,40,100.0,0.0,0.0,-1.1142706852535182
ONT/USDT:USDT,500,100.34646773570132,0.3464677357013244,0.34646773570132794,36,100.0,0.0,0.0,-2.9197241358544974
WLD/USDT:USDT,500,100.34603880336014,0.3460388033601447,0.34603880336014914,37,100.0,0.0,0.0,-1.7265980084820831
PROM/USDT:USDT,500,100.34529425154781,0.3452942515478128,0.3452942515478119,13,100.0,0.0,0.0,-0.3407788419764777
MINA/USDT:USDT,500,100.34393523240321,0.34393523240321144,0.3439352324032141,38,100.0,0.0,0.0,-1.0385942156274008
TURBO/USDT:USDT,500,100.34335810630846,0.3433581063084574,0.34335810630845565,38,100.0,0.0,0.0,-1.7852246948286452
AEVO/USDT:USDT,500,100.34322697496154,0.34322697496153864,0.3432269749615413,39,100.0,0.0,0.0,-2.344421773672461
MAGIC/USDT:USDT,500,100.34281009220697,0.34281009220697456,0.3428100922069799,42,100.0,0.0,0.0,-1.1324565231685468
HOME/USDT:USDT,500,100.34253372303564,0.34253372303564333,0.342533723035654,26,100.0,0.0,0.0,-1.0938599475994815
OBOL/USDT:USDT,500,100.34243262731243,0.3424326273124336,0.34243262731243895,36,100.0,0.0,0.0,-1.2364845364891923
W/USDT:USDT,500,100.34230737313989,0.3423073731398887,0.342307373139894,39,100.0,0.0,0.0,-1.4463651048224226
DOGE/USDC:USDC,500,100.34136843247788,0.3413684324778785,0.3413684324778732,38,100.0,0.0,0.0,-1.5867768202192272
GALA/USDC:USDC,500,100.34130951282562,0.3413095128256174,0.34130951282562716,37,100.0,0.0,0.0,-3.2250087433079417
IMX/USDT:USDT,500,100.34030974923341,0.3403097492334126,0.34030974923340285,42,100.0,0.0,0.0,-2.9939427388260333
CETUS/USDT:USDT,500,100.34030004488092,0.34030004488091947,0.3403000448809257,40,100.0,0.0,0.0,-2.644517066275705
1000000BABYDOGE/USDT:USDT,500,100.33935421961897,0.3393542196189685,0.3393542196189703,36,100.0,0.0,0.0,-2.114686507014668
WLD/USDC:USDC,500,100.33881777053432,0.3388177705343196,0.3388177705343276,40,100.0,0.0,0.0,-1.5630137650618807
ONG/USDT:USDT,500,100.33818306621224,0.33818306621223826,0.3381830662122276,31,100.0,0.0,0.0,-2.3507047091193827
CELR/USDT:USDT,500,100.3374625211485,0.3374625211484954,0.3374625211485016,33,100.0,0.0,0.0,-1.6823577327320243
BAKE/USDT:USDT,500,100.33652591945746,0.3365259194574577,0.33652591945745325,34,100.0,0.0,0.0,-1.8131121823229446
ALGO/USDT:USDT,500,100.33607281915187,0.33607281915186604,0.33607281915186693,33,100.0,0.0,0.0,-1.0340135161628055
POL/USDT:USDT,500,100.33568419888653,0.33568419888652556,0.3356841988865211,32,100.0,0.0,0.0,-0.9812229191391485
HAEDAL/USDT:USDT,500,100.3342719737154,0.33427197371540274,0.3342719737154054,27,100.0,0.0,0.0,-1.7554461305546252
XRP/USDT:USDT,500,100.33339799459374,0.33339799459373864,0.33339799459373154,30,100.0,0.0,0.0,-1.1057993677042737
VOXEL/USDT:USDT,500,100.33338857682449,0.33338857682448975,0.3333885768245004,35,100.0,0.0,0.0,-1.0449000818850258
SOL/USDC:USDC,500,100.33263273786756,0.33263273786755576,0.3326327378675664,31,100.0,0.0,0.0,-2.629573525514274
XRP/USDC:USDC,500,100.33148758326679,0.3314875832667923,0.3314875832667985,30,100.0,0.0,0.0,-1.0537536071940186
SOPH/USDT:USDT,500,100.32984853871376,0.32984853871376174,0.32984853871376174,32,100.0,0.0,0.0,-1.09045072920183
PUMPBTC/USDT:USDT,500,100.32901685928489,0.32901685928489144,0.3290168592848808,36,100.0,0.0,0.0,-3.021490111726567
DMC/USDT:USDT,500,100.32870347888326,0.3287034788832557,0.32870347888325213,37,100.0,0.0,0.0,-1.772364301742582
VELVET/USDT:USDT,500,100.3285313733792,0.32853137337920657,0.3285313733792039,35,100.0,0.0,0.0,-2.1779940753753073
KAITO/USDC:USDC,500,100.32835252197081,0.3283525219708139,0.32835252197080944,39,100.0,0.0,0.0,-1.5250619900878934
ZIL/USDT:USDT,500,100.32760707448926,0.32760707448926496,0.32760707448926674,28,100.0,0.0,0.0,-1.1854198001233975
IP/USDC:USDC,500,100.32663049170168,0.32663049170167824,0.3266304917016738,22,100.0,0.0,0.0,-1.223943516728462
ENJ/USDT:USDT,500,100.32440171683152,0.32440171683151675,0.32440171683152386,36,100.0,0.0,0.0,-1.43350572095142
BROCCOLI/USDT:USDT,500,100.32419110407415,0.32419110407414564,0.3241911040741563,37,100.0,0.0,0.0,-1.5708713285221876
MUBARAK/USDT:USDT,500,100.32323957229464,0.3232395722946393,0.3232395722946313,33,100.0,0.0,0.0,-2.643049120049697
OP/USDT:USDT,500,100.32312318569579,0.3231231856957919,0.3231231856957839,35,100.0,0.0,0.0,-1.903494483695078
AAVE/USDT:USDT,500,100.32296745852318,0.32296745852318054,0.3229674585231823,35,100.0,0.0,0.0,-3.4317475510373714
AEVO/USDC:USDC,500,100.3226940790808,0.3226940790808044,0.3226940790808097,38,100.0,0.0,0.0,-2.3872110807548435
SUPER/USDT:USDT,500,100.32166686840934,0.3216668684093378,0.32166686840933156,35,100.0,0.0,0.0,-0.8842017301431171
SAHARA/USDT:USDT,500,100.32110090658277,0.321100906582771,0.3211009065827719,35,100.0,0.0,0.0,-1.7586778944462003
DOGS/USDT:USDT,500,100.3208492865901,0.3208492865901036,0.32084928659010803,33,100.0,0.0,0.0,-5.238611738861528
SNX/USDT:USDT,500,100.32077743466637,0.3207774346663683,0.3207774346663639,32,100.0,0.0,0.0,-2.5237292997689518
AAVE/USDC:USDC,500,100.3200225179685,0.32002251796849635,0.320022517968499,34,100.0,0.0,0.0,-3.4113344614595276
COTI/USDT:USDT,500,100.32001286510045,0.3200128651004519,0.3200128651004608,43,100.0,0.0,0.0,-1.294530120027192
DOT/USDC:USDC,500,100.31976937373152,0.3197693737315177,0.3197693737315266,34,100.0,0.0,0.0,-1.6592327844292258
ZRO/USDT:USDT,500,100.31914810599028,0.3191481059902799,0.31914810599027454,35,100.0,0.0,0.0,-1.7881303805122823
AVAX/USDT:USDT,500,100.31865559173096,0.31865559173095903,0.31865559173096525,31,100.0,0.0,0.0,-1.529628723057527
XLM/USDC:USDC,500,100.3185550720567,0.31855507205669653,0.3185550720566921,31,100.0,0.0,0.0,-1.2863320629713844
ORCA/USDT:USDT,500,100.31778556915035,0.3177855691503453,0.31778556915034173,34,100.0,0.0,0.0,-2.374520591137346
TIA/USDC:USDC,500,100.31762046887992,0.3176204688799231,0.3176204688799311,30,100.0,0.0,0.0,-3.0511255265983075
SOL/USDT:USDT,500,100.31616765741687,0.3161676574168695,0.3161676574168659,30,100.0,0.0,0.0,-2.6714359718865786
ID/USDT:USDT,500,100.31593860461973,0.3159386046197312,0.31593860461973655,28,100.0,0.0,0.0,-1.074070981190279
XLM/USDT:USDT,500,100.31587228665329,0.31587228665328837,0.3158722866532848,30,100.0,0.0,0.0,-1.002102653208873
RLC/USDT:USDT,500,100.31566504044785,0.31566504044785404,0.3156650404478434,37,100.0,0.0,0.0,-2.034411096136439
HYPE/USDT:USDT,500,100.315423300861,0.31542330086099923,0.31542330086100634,42,100.0,0.0,0.0,-1.525713553746196
MLN/USDT:USDT,500,100.31426004268201,0.31426004268200813,0.3142600426820019,40,100.0,0.0,0.0,-0.7327373627802793
GALA/USDT:USDT,500,100.31375230915583,0.31375230915583074,0.31375230915582364,35,100.0,0.0,0.0,-3.661087050085431
TAO/USDT:USDT,500,100.31366542256295,0.3136654225629485,0.3136654225629476,34,100.0,0.0,0.0,-1.6381857665241533
NEAR/USDT:USDT,500,100.31351274746073,0.31351274746073443,0.3135127474607424,33,100.0,0.0,0.0,-1.607169323907975
EPIC/USDT:USDT,500,100.31248717080145,0.3124871708014467,0.3124871708014565,39,100.0,0.0,0.0,-1.2798669744246967
SHELL/USDT:USDT,500,100.31132748710927,0.31132748710926705,0.3113274871092697,40,100.0,0.0,0.0,-1.4370431174784488
NXPC/USDT:USDT,500,100.31094320957834,0.31094320957834043,0.31094320957834043,22,100.0,0.0,0.0,-0.6429267300978736
AXL/USDT:USDT,500,100.31084981969555,0.31084981969554804,0.3108498196955578,33,100.0,0.0,0.0,-1.3343259476864693
IDOL/USDT:USDT,500,100.31011869482484,0.3101186948248369,0.3101186948248458,31,100.0,0.0,0.0,-0.7401165735133045
KAITO/USDT:USDT,500,100.3098510754521,0.30985107545210155,0.30985107545209445,35,100.0,0.0,0.0,-1.5920181714786528
AIN/USDT:USDT,500,100.30845596547886,0.30845596547885634,0.3084559654788599,33,100.0,0.0,0.0,-1.9502007849684895
TIA/USDT:USDT,500,100.30672252006362,0.3067225200636159,0.306722520063607,30,100.0,0.0,0.0,-3.0584889760944347
ATA/USDT:USDT,500,100.30668050684629,0.3066805068462912,0.3066805068463019,37,100.0,0.0,0.0,-1.9018869171527768
SLERF/USDT:USDT,500,100.30548898155091,0.30548898155090853,0.3054889815509165,29,100.0,0.0,0.0,-2.6500859762529934
LPT/USDT:USDT,500,100.30476770125212,0.3047677012521177,0.3047677012521177,37,100.0,0.0,0.0,-1.7804069999498926
BIGTIME/USDT:USDT,500,100.30344179282686,0.30344179282685957,0.303441792826864,35,100.0,0.0,0.0,-1.2711707674550254
USUAL/USDT:USDT,500,100.30267829849417,0.3026782984941718,0.3026782984941745,39,100.0,0.0,0.0,-4.11520189035739
SYRUP/USDT:USDT,500,100.30112000716387,0.301120007163874,0.30112000716386866,33,100.0,0.0,0.0,-1.662012753885345
IP/USDT:USDT,500,100.30017838101898,0.30017838101898064,0.3001783810189895,20,100.0,0.0,0.0,-1.2266802403798749
HBAR/USDC:USDC,500,100.29899653014907,0.29899653014906846,0.2989965301490649,35,100.0,0.0,0.0,-1.128920416197731
ACE/USDT:USDT,500,100.29817371246196,0.2981737124619599,0.2981737124619688,33,100.0,0.0,0.0,-1.7988030262112116
YFI/USDT:USDT,500,100.29752445073285,0.29752445073285116,0.2975244507328556,33,100.0,0.0,0.0,-1.9644085539595428
AXS/USDT:USDT,500,100.29736670632413,0.29736670632412654,0.2973667063241203,35,100.0,0.0,0.0,-1.8183468931934992
AVAX/USDC:USDC,500,100.2953422955654,0.2953422955654048,0.2953422955654039,30,100.0,0.0,0.0,-1.5321312441807555
HBAR/USDT:USDT,500,100.2953224250674,0.2953224250673969,0.29532242506740136,36,100.0,0.0,0.0,-1.1199853869483674
ARPA/USDT:USDT,500,100.29433930015585,0.29433930015585474,0.29433930015585474,26,100.0,0.0,0.0,-1.1610504245943787
FIO/USDT:USDT,500,100.29259598536251,0.2925959853625102,0.2925959853625093,32,100.0,0.0,0.0,-1.1055849284850463
CHESS/USDT:USDT,500,100.2919998496117,0.2919998496116989,0.29199984961170156,33,100.0,0.0,0.0,-1.8621927272282666
CATI/USDT:USDT,500,100.29079239705368,0.29079239705367854,0.2907923970536741,27,100.0,0.0,0.0,-2.7079324848658564
EPT/USDT:USDT,500,100.29000231651936,0.29000231651936303,0.2900023165193666,33,100.0,0.0,0.0,-1.0017416108094872
LRC/USDT:USDT,500,100.28964996491115,0.289649964911149,0.2896499649111428,31,100.0,0.0,0.0,-1.3960936111910094
NEAR/USDC:USDC,500,100.28870473968257,0.28870473968257215,0.28870473968256594,36,100.0,0.0,0.0,-1.4689581359965243
VIC/USDT:USDT,500,100.28853512398359,0.2885351239835927,0.28853512398359094,33,100.0,0.0,0.0,-1.083405902472306
SUI/USDC:USDC,500,100.28843206495888,0.28843206495888296,0.28843206495887674,35,100.0,0.0,0.0,-1.6348342075094315
KSM/USDT:USDT,500,100.28812451030247,0.2881245103024668,0.28812451030246766,33,100.0,0.0,0.0,-2.084257269249466
ICP/USDT:USDT,500,100.28795071616865,0.28795071616865187,0.2879507161686501,34,100.0,0.0,0.0,-1.2446746136668272
NOT/USDC:USDC,500,100.28794922651574,0.2879492265157353,0.28794922651573795,33,100.0,0.0,0.0,-2.294020793272629
PERP/USDT:USDT,500,100.28697663257128,0.2869766325712817,0.2869766325712897,34,100.0,0.0,0.0,-1.9772479381854378
GUN/USDT:USDT,500,100.28500317648194,0.2850031764819363,0.28500317648194606,33,100.0,0.0,0.0,-1.2371029057691687
RDNT/USDT,500,100.28345327013862,0.2834532701386223,0.28345327013861166,36,100.0,0.0,0.0,-1.7992677475142094
FRAG/USDT:USDT,500,100.28128116590516,0.28128116590515617,0.28128116590515617,33,100.0,0.0,0.0,-0.8146365086295759
SUI/USDT:USDT,500,100.28070040195203,0.28070040195203205,0.2807004019520276,34,100.0,0.0,0.0,-1.6795611802521582
WCT/USDT:USDT,500,100.27976683465887,0.2797668346588722,0.27976683465886776,29,100.0,0.0,0.0,-3.634191598109763
ONDO/USDT:USDT,500,100.27940816090447,0.27940816090446674,0.27940816090445963,36,100.0,0.0,0.0,-1.2232727569103128
ONDO/USDC:USDC,500,100.27790892998371,0.27790892998370964,0.27790892998371675,34,100.0,0.0,0.0,-1.311428657858861
NOT/USDT:USDT,500,100.27779400409723,0.2777940040972311,0.27779400409722044,34,100.0,0.0,0.0,-2.114851064443215
G/USDT:USDT,500,100.27612965955522,0.27612965955522384,0.2761296595552132,22,100.0,0.0,0.0,-1.5533312622297073
TNSR/USDT:USDT,500,100.27566526803369,0.2756652680336913,0.27566526803368685,32,100.0,0.0,0.0,-1.5133736164475629
RVN/USDT:USDT,500,100.27369632045917,0.27369632045916603,0.27369632045917136,34,100.0,0.0,0.0,-1.9891650046765792
BLUR/USDT:USDT,500,100.27194477904459,0.27194477904458836,0.27194477904459724,33,100.0,0.0,0.0,-1.4996239278083368
GMT/USDT:USDT,500,100.27188820128491,0.2718882012849093,0.27188820128492,32,100.0,0.0,0.0,-1.216006695683235
MBOX/USDT:USDT,500,100.27055730731948,0.27055730731947847,0.2705573073194856,40,100.0,0.0,0.0,-2.6180268525592303
QUICK/USDT:USDT,500,100.2705567955849,0.27055679558489487,0.27055679558489754,38,100.0,0.0,0.0,-1.3892298715065374
LUMIA/USDT:USDT,500,100.26954455880562,0.2695445588056202,0.26954455880561223,33,100.0,0.0,0.0,-3.03657154272124
MANA/USDT:USDT,500,100.26954200160208,0.2695420016020762,0.2695420016020744,33,100.0,0.0,0.0,-1.7098555007790246
BANANAS31/USDT:USDT,500,100.26874966022575,0.2687496602257511,0.2687496602257422,24,100.0,0.0,0.0,-0.7872980925661835
DOT/USDT:USDT,500,100.26771765711483,0.2677176571148294,0.26771765711481876,34,100.0,0.0,0.0,-1.584733343291804
KAS/USDT:USDT,500,100.26696261081571,0.2669626108157104,0.26696261081571304,38,100.0,0.0,0.0,-0.8883119784892141
TLM/USDT:USDT,500,100.26658793294932,0.2665879329493208,0.2665879329493137,36,100.0,0.0,0.0,-2.2564764796988492
ASTR/USDT:USDT,500,100.26621458998652,0.26621458998651804,0.26621458998652425,30,100.0,0.0,0.0,-2.568277609095273
MOVE/USDT:USDT,500,100.26596741612248,0.26596741612247854,0.2659674161224812,32,100.0,0.0,0.0,-1.2649246458582417
JTO/USDT:USDT,500,100.26554874465687,0.2655487446568685,0.26554874465687384,37,100.0,0.0,0.0,-2.6938796106589615
VTHO/USDT:USDT,500,100.26447530390037,0.2644753039003689,0.2644753039003689,30,100.0,0.0,0.0,-1.2934632756792381
ICX/USDT:USDT,500,100.26429550287308,0.26429550287308246,0.2642955028730798,28,100.0,0.0,0.0,-1.5155237892653817
B3/USDT:USDT,500,100.26340078196677,0.26340078196676586,0.26340078196676053,36,100.0,0.0,0.0,-1.2628001134844116
BDXN/USDT:USDT,500,100.26255844406982,0.26255844406982476,0.2625584440698159,33,100.0,0.0,0.0,-1.9106689183493533
SSV/USDT:USDT,500,100.26203384402731,0.26203384402731444,0.26203384402732066,28,100.0,0.0,0.0,-5.619424792058844
CRV/USDT:USDT,500,100.26137665923073,0.2613766592307343,0.2613766592307387,26,100.0,0.0,0.0,-0.8830398299380825
CAKE/USDT:USDT,500,100.26072532663743,0.2607253266374272,0.2607253266374343,33,100.0,0.0,0.0,-1.6284658351426173
ETH/USDC:USDC,500,100.26053536328558,0.2605353632855838,0.2605353632855856,31,100.0,0.0,0.0,-1.7425130206881652
EGLD/USDT:USDT,500,100.26039986115708,0.260399861157083,0.26039986115709013,34,100.0,0.0,0.0,-1.5703295045963857
ATH/USDT:USDT,500,100.25813256821597,0.2581325682159701,0.258132568215963,30,100.0,0.0,0.0,-1.3179877995360034
ERA/USDT:USDT,500,100.25758568875034,0.25758568875033916,0.25758568875033916,28,100.0,0.0,0.0,-0.7514597415791061
ETH/USDT:USDT,500,100.2574592169939,0.25745921699389385,0.25745921699389385,31,100.0,0.0,0.0,-1.7509701878823785
QNT/USDT:USDT,500,100.25686129604246,0.2568612960424588,0.25686129604245433,17,100.0,0.0,0.0,-0.5738846551438294
MASK/USDT:USDT,500,100.25681541484414,0.25681541484414083,0.25681541484414705,25,100.0,0.0,0.0,-1.3046506959958606
ACT/USDC:USDC,500,100.25608823966404,0.25608823966403804,0.2560882396640318,33,100.0,0.0,0.0,-4.2446895687811415
DOOD/USDT:USDT,500,100.25557675088956,0.2555767508895599,0.25557675088956344,32,100.0,0.0,0.0,-2.4724317376542753
STX/USDT:USDT,500,100.2541653117495,0.2541653117495031,0.2541653117495102,34,100.0,0.0,0.0,-1.1215142027903025
AGLD/USDT:USDT,500,100.25390349830576,0.2539034983057604,0.2539034983057631,28,100.0,0.0,0.0,-1.3133946776208292
ANIME/USDT:USDT,500,100.25383135974845,0.25383135974844606,0.2538313597484354,35,100.0,0.0,0.0,-1.6268376006079153
SOLV/USDT:USDT,500,100.25140053286897,0.25140053286897057,0.2514005328689617,31,100.0,0.0,0.0,-1.1314599748285
ZETA/USDT:USDT,500,100.25062312889362,0.25062312889362204,0.25062312889361227,31,100.0,0.0,0.0,-1.307158056278671
A/USDT:USDT,500,100.24991355255987,0.24991355255987457,0.24991355255987724,30,100.0,0.0,0.0,-1.239156102658574
CATI/USDC:USDC,500,100.2496334940787,0.24963349407869373,0.24963349407869373,32,100.0,0.0,0.0,-2.6999379235281835
BAT/USDT:USDT,500,100.24942165267541,0.24942165267540872,0.24942165267540783,26,100.0,0.0,0.0,-2.259156077339699
MTL/USDT:USDT,500,100.24877821240135,0.2487782124013478,0.248778212401346,19,100.0,0.0,0.0,-1.5770793030906005
STX/USDC:USDC,500,100.24739002298213,0.24739002298213109,0.2473900229821302,32,100.0,0.0,0.0,-1.1561845572684826
SAND/USDT:USDT,500,100.24521007560226,0.24521007560225883,0.2452100756022535,34,100.0,0.0,0.0,-1.6375225243122558
VANA/USDC:USDC,500,100.24086914683159,0.2408691468315851,0.24086914683159044,23,100.0,0.0,0.0,-2.151090116615596
ARK/USDT:USDT,500,100.24022434552332,0.24022434552331617,0.24022434552330996,27,100.0,0.0,0.0,-1.3260610737308993
ANKR/USDT:USDT,500,100.23960021867198,0.23960021867198122,0.2396002186719759,29,100.0,0.0,0.0,-1.6120548585373335
APE/USDT:USDT,500,100.23843616720877,0.23843616720877492,0.23843616720877758,33,100.0,0.0,0.0,-1.7870981956613636
FXS/USDT:USDT,500,100.23808476767339,0.23808476767338504,0.2380847676733744,31,100.0,0.0,0.0,-1.1718881621506896
ME/USDT:USDT,500,100.23658096431883,0.2365809643188328,0.23658096431882214,23,100.0,0.0,0.0,-1.4912485218986065
OXT/USDT:USDT,500,100.23655638757808,0.2365563875780765,0.23655638757806852,29,100.0,0.0,0.0,-1.59468320637937
ROAM/USDT:USDT,500,100.23620542864799,0.23620542864799177,0.23620542864799532,25,100.0,0.0,0.0,-3.7905116887736763
ME/USDC:USDC,500,100.23575554514495,0.23575554514495423,0.23575554514494446,23,100.0,0.0,0.0,-1.4918070796090688
COS/USDT:USDT,500,100.23448366280275,0.23448366280274513,0.23448366280274247,26,100.0,0.0,0.0,-1.272854317941074
FIL/USDC:USDC,500,100.23422970648073,0.2342297064807326,0.23422970648072639,32,100.0,0.0,0.0,-1.2918826641398544
EDU/USDT:USDT,500,100.23351654486281,0.23351654486280893,0.2335165448628107,26,100.0,0.0,0.0,-1.5296726959952684
STORJ/USDT:USDT,500,100.23316231967767,0.23316231967767465,0.2331623196776711,30,100.0,0.0,0.0,-1.6100084108748758
CHZ/USDT:USDT,500,100.23244180082554,0.23244180082554067,0.23244180082553356,26,100.0,0.0,0.0,-1.2425174022673096
FIL/USDT:USDT,500,100.2322150327453,0.23221503274530164,0.23221503274530875,33,100.0,0.0,0.0,-1.385473515771464
LAYER/USDT:USDT,500,100.23095215599854,0.23095215599853702,0.2309521559985317,27,100.0,0.0,0.0,-0.9901469257146636
CRV/USDC:USDC,500,100.2291605132448,0.2291605132448069,0.22916051324479714,24,100.0,0.0,0.0,-0.876589963423266
VANA/USDT:USDT,500,100.22909191621818,0.2290919162181808,0.2290919162181826,27,100.0,0.0,0.0,-1.9238997116011138
ACT/USDT:USDT,500,100.22885906038447,0.22885906038446535,0.22885906038445647,32,100.0,0.0,0.0,-4.53329916194727
RATS/USDT:USDT,500,100.2271180991856,0.22711809918560277,0.2271180991856081,31,100.0,0.0,0.0,-4.335006642407518
DF/USDT:USDT,500,100.22702783625653,0.227027836256525,0.22702783625652145,27,100.0,0.0,0.0,-2.167317474725718
BID/USDT:USDT,500,100.22687010716434,0.22687010716434486,0.2268701071643342,31,100.0,0.0,0.0,-3.5579498431144927
ZRX/USDT:USDT,500,100.2257004649399,0.22570046493990503,0.22570046493990414,31,100.0,0.0,0.0,-1.4168612361866013
CORE/USDT:USDT,500,100.22565044049757,0.22565044049757432,0.22565044049758232,28,100.0,0.0,0.0,-0.7141362180842417
LUNA/USDT:USDT,500,100.22338325407308,0.22338325407308446,0.22338325407309512,16,100.0,0.0,0.0,-1.3778940158222006
ALPHA/USDT:USDT,500,100.22307958433483,0.2230795843348261,0.22307958433482877,30,100.0,0.0,0.0,-1.0546129759289304
MORPHO/USDT:USDT,500,100.21819713110027,0.2181971311002684,0.21819713110027283,32,100.0,0.0,0.0,-4.096808988879815
SKATE/USDT:USDT,500,100.2148547063224,0.21485470632239867,0.21485470632240933,28,100.0,0.0,0.0,-1.39135911835111
SONIC/USDT:USDT,500,100.21376920575993,0.21376920575993097,0.2137692057599283,26,100.0,0.0,0.0,-1.2331393822758574
POLYX/USDT:USDT,500,100.2135046402764,0.2135046402763976,0.21350464027640736,20,100.0,0.0,0.0,-1.2388328642608382
KAIA/USDT:USDT,500,100.21238680919595,0.212386809195948,0.21238680919595243,26,100.0,0.0,0.0,-1.0107721638931948
ENA/USDT:USDT,500,100.210861210348,0.21086121034799987,0.2108612103479901,32,100.0,0.0,0.0,-4.017118468799969
STG/USDT:USDT,500,100.2104798481728,0.21047984817279541,0.21047984817279541,20,100.0,0.0,0.0,-1.0099787661141573
POWR/USDT:USDT,500,100.20993894854394,0.20993894854393602,0.2099389485439307,25,100.0,0.0,0.0,-1.4709414978154143
RUNE/USDT:USDT,500,100.20935863173511,0.20935863173511393,0.2093586317351237,35,100.0,0.0,0.0,-1.3241716970350215
BULLA/USDT:USDT,500,100.20668067169156,0.2066806716915579,0.20668067169156146,39,100.0,0.0,0.0,-0.9455597508813055
ENA/USDC:USDC,500,100.20654930513992,0.20654930513991587,0.20654930513992475,31,100.0,0.0,0.0,-4.068588699023726
ICNT/USDT:USDT,500,100.2062126233898,0.20621262338980273,0.20621262338980095,36,100.0,0.0,0.0,-1.3391878045895809
SHIB/USDT:USDT,500,100.20571493854878,0.20571493854878042,0.20571493854877332,25,100.0,0.0,0.0,-1.3470366721490152
AERGO/USDT:USDT,500,100.20507956733795,0.20507956733794686,0.2050795673379513,19,100.0,0.0,0.0,-0.9246391710217419
UXLINK/USDT:USDT,500,100.20502768892898,0.20502768892897905,0.2050276889289826,26,100.0,0.0,0.0,-1.3554505272719377
DEGO/USDT:USDT,500,100.2014356410949,0.20143564109490342,0.20143564109489365,33,100.0,0.0,0.0,-1.106106795846083
BMT/USDT:USDT,500,100.1987652762963,0.19876527629629948,0.1987652762962977,28,100.0,0.0,0.0,-1.0134432782730158
PUNDIX/USDT:USDT,500,100.19859804524133,0.19859804524132585,0.19859804524131608,24,100.0,0.0,0.0,-1.3947657393735675
SFP/USDT:USDT,500,100.19754918162758,0.19754918162757917,0.1975491816275765,17,100.0,0.0,0.0,-1.2610223478568092
FLOW/USDT:USDT,500,100.19493985365888,0.19493985365888022,0.194939853658882,19,100.0,0.0,0.0,-2.046544310968463
CVC/USDT:USDT,500,100.19413301070107,0.1941330107010657,0.1941330107010586,18,100.0,0.0,0.0,-1.2028876663813581
SXT/USDT:USDT,500,100.19406011925884,0.19406011925883604,0.19406011925884314,32,100.0,0.0,0.0,-1.4523825307519327
SAFE/USDT:USDT,500,100.19394557778365,0.1939455777836514,0.19394557778364963,29,100.0,0.0,0.0,-1.7920318849247485
LUNC/USDT:USDT,500,100.19328147073938,0.19328147073937885,0.1932814707393815,23,100.0,0.0,0.0,-1.2366618407518302
NMR/USDT:USDT,500,100.1914638087224,0.19146380872240343,0.19146380872241409,31,100.0,0.0,0.0,-2.083165949023018
GLM/USDT:USDT,500,100.19085080651615,0.19085080651615272,0.19085080651615183,20,100.0,0.0,0.0,-1.116645580847669
BSV/USDT:USDT,500,100.19036656166799,0.19036656166798593,0.19036656166797616,22,100.0,0.0,0.0,-1.0741579313987857
BANK/USDT:USDT,500,100.18823474801034,0.1882347480103448,0.1882347480103519,32,100.0,0.0,0.0,-3.1475109698190726
IOST/USDT:USDT,500,100.18766273376785,0.18766273376785136,0.18766273376784603,22,100.0,0.0,0.0,-1.2630479529911876
SNT/USDT:USDT,500,100.18738008633755,0.18738008633755499,0.18738008633756298,18,100.0,0.0,0.0,-0.9487253884758167
AUCTION/USDT:USDT,500,100.18722219271218,0.1872221927121842,0.18722219271218865,24,100.0,0.0,0.0,-1.2181919225092497
FORTH/USDT:USDT,500,100.18286592973396,0.1828659297339641,0.1828659297339552,21,100.0,0.0,0.0,-1.1613294411091792
APT/USDC:USDC,500,100.18166474544412,0.1816647454441238,0.18166474544412115,26,100.0,0.0,0.0,-1.4716576078340224
APT/USDT:USDT,500,100.17909063691611,0.17909063691611493,0.1790906369161238,27,100.0,0.0,0.0,-1.4729592713702484
JST/USDT:USDT,500,100.17690349182713,0.17690349182713305,0.1769034918271295,19,100.0,0.0,0.0,-0.9706120858581484
SXP/USDT:USDT,500,100.17601034114917,0.17601034114916558,0.1760103411491576,23,100.0,0.0,0.0,-1.8824236329168849
HIVE/USDT:USDT,500,100.17557602124148,0.17557602124148275,0.17557602124147476,21,100.0,0.0,0.0,-0.9590833269779995
FUEL/USDT:USDT,500,100.17430192009884,0.17430192009884138,0.1743019200988405,17,100.0,0.0,0.0,-0.5321407734246143
FUNTOKEN/USDT:USDT,500,100.17231208156213,0.17231208156212574,0.1723120815621204,21,100.0,0.0,0.0,-0.945031339403499
PI/USDT:USDT,500,100.16833849463416,0.16833849463415618,0.16833849463415707,7,100.0,0.0,0.0,-0.27558961840380153
LTC/USDT:USDT,500,100.16683145016529,0.1668314501652901,0.16683145016529455,23,100.0,0.0,0.0,-0.8493671689518916
SHIB/USDC:USDC,500,100.16436371143551,0.16436371143551298,0.1643637114355112,25,100.0,0.0,0.0,-1.3837422846142227
HEI/USDT:USDT,500,100.1632091940481,0.1632091940480933,0.1632091940480862,10,100.0,0.0,0.0,-1.3440710235402595
MILK/USDT:USDT,500,100.15513817015072,0.15513817015072107,0.15513817015071485,26,100.0,0.0,0.0,-2.121035082526549
LTC/USDC:USDC,500,100.15497456042159,0.15497456042159286,0.15497456042159463,22,100.0,0.0,0.0,-0.8471581653836984
BLUEFIN/USDT,500,100.15445412885977,0.1544541288597685,0.15445412885977117,20,100.0,0.0,0.0,-0.8370617451339286
TWT/USDT:USDT,500,100.15247892051566,0.15247892051566225,0.15247892051566403,19,100.0,0.0,0.0,-0.8043067744928758
ALTCOIN/USDT:USDT,500,100.15153423654048,0.1515342365404848,0.1515342365404848,23,100.0,0.0,0.0,-1.31749750360429
LDO/USDT:USDT,500,100.14987053532971,0.14987053532971117,0.14987053532971029,28,100.0,0.0,0.0,-4.720861976840231
AWE/USDT:USDT,500,100.1369402214633,0.13694022146330553,0.13694022146331086,14,100.0,0.0,0.0,-0.7195096001394833
TAIKO/USDT:USDT,500,100.13652964975105,0.1365296497510542,0.1365296497510604,21,100.0,0.0,0.0,-1.2524664579509959
TONCOIN/USDT:USDT,500,100.13510534795239,0.13510534795238982,0.13510534795238005,17,100.0,0.0,0.0,-0.7172143012612142
1000CHEEMS/USDT:USDT,500,100.13451148700541,0.13451148700541182,0.1345114870054065,16,100.0,0.0,0.0,-0.6019294687556598
TUT/USDT:USDT,500,100.13255565536039,0.1325556553603917,0.13255565536038905,7,100.0,0.0,0.0,-0.37961780316662425
USTC/USDT:USDT,500,100.13199782986314,0.13199782986313835,0.13199782986312858,17,100.0,0.0,0.0,-1.1594992812113074
CRCLX/USDT:USDT,500,100.12847251315078,0.12847251315078267,0.12847251315077912,19,100.0,0.0,0.0,-1.124209444042642
SIGN/USDT:USDT,500,100.1265951877957,0.12659518779570078,0.12659518779569723,19,100.0,0.0,0.0,-1.2362130829715716
HOODX/USDT:USDT,500,100.12278738959127,0.12278738959126656,0.12278738959126123,10,100.0,0.0,0.0,-0.4431731244008985
TONCOIN/USDC:USDC,500,100.12252018601237,0.12252018601236614,0.12252018601237591,17,100.0,0.0,0.0,-0.8733799828623098
DBR/USDT:USDT,500,100.11724625370249,0.11724625370248987,0.11724625370248543,18,100.0,0.0,0.0,-0.6042132519622055
FORM/USDT:USDT,500,100.11608170462829,0.11608170462828582,0.11608170462829026,10,100.0,0.0,0.0,-0.1177978984615971
BCH/USDC:USDC,500,100.10705066570004,0.10705066570004362,0.10705066570004806,18,100.0,0.0,0.0,-0.9563447856753812
BCH/USDT:USDT,500,100.10381616350568,0.10381616350568379,0.10381616350567668,17,100.0,0.0,0.0,-0.9597564219686353
BNB/USDC:USDC,500,100.10032725237687,0.10032725237687146,0.10032725237687501,17,100.0,0.0,0.0,-0.9890021106777246
BNB/USDT:USDT,500,100.09647691400163,0.09647691400162728,0.09647691400163083,17,100.0,0.0,0.0,-1.0768101285727343
SUN/USDT:USDT,500,100.0811241444044,0.08112414440439863,0.08112414440439863,17,100.0,0.0,0.0,-0.6607119821107895
NVDAX/USDT:USDT,500,100.06890666914411,0.0689066691441127,0.0689066691441198,5,100.0,0.0,0.0,-0.27457702177557064
KAVA/USDT:USDT,500,100.0602341682702,0.06023416827019901,0.060234168270190125,6,100.0,0.0,0.0,-0.4048432015132494
BTC/USDC:USDC,500,100.05220700919534,0.05220700919534238,0.0522070091953486,8,100.0,0.0,0.0,-0.35783510491983894
COINX/USDT:USDT,500,100.05085248320722,0.050852483207222576,0.05085248320721991,10,100.0,0.0,0.0,-0.4837181946865059
BTC/USDT:USDT,500,100.04732749670944,0.047327496709442585,0.047327496709437256,7,100.0,0.0,0.0,-0.3426144830939846
TRX/USDT:USDT,500,100.03174272091476,0.03174272091476382,0.03174272091477359,7,100.0,0.0,0.0,-0.412132246968555
TRX/USDC:USDC,500,100.0317416523845,0.03174165238449689,0.03174165238448712,7,100.0,0.0,0.0,-0.4128124144693598
METAX/USDT:USDT,500,100.01556618139716,0.015566181397161927,0.015566181397153045,1,100.0,0.0,0.0,-0.15272959545879047
AAPLX/USDT:USDT,500,100.00331545289131,0.0033154528913144077,0.003315452891317072,1,100.0,0.0,0.0,-0.09256988496992773
XAUT/USDT:USDT,500,100.00320916484765,0.0032091648476466617,0.0032091648476395562,1,100.0,0.0,0.0,-0.04368073610977814
PAXG/USDT:USDT,500,100.00300654570964,0.0030065457096384307,0.0030065457096384307,1,100.0,0.0,0.0,-0.04611376140391657
BR/USDT:USDT,500,100.0,0.0,0.0,0,0.0,0.0,0.0,-0.007265129920972525
