realized_pnl,equity_end_realized,return_pct,trades,win_rate_pct,mdd_realized_pct,mdd_mtm_pct,max_gross_notional,symbol,bars
49.1842490981553,149.1842490981553,49.1842490981553,76,100.0,0.0,-67.77731038591219,45.00000000000001,ARIA/USDT:USDT,2000
29.20456664410815,129.20456664410816,29.204566644108155,41,100.0,0.0,-12.053529034222157,5.0,CAPTCHA/USDT:USDT,2000
27.820392107560817,127.82039210756082,27.820392107560814,76,100.0,0.0,-8.67357765081994,45.0,FREEDOMMONEY/USDT:USDT,2000
19.27657535144587,119.27657535144587,19.27657535144587,30,100.0,0.0,-6.17852558862724,45.0,7/USDT:USDT,2000
19.015784432495835,119.01578443249583,19.015784432495835,88,100.0,0.0,-10.26497644234407,45.0,CRTR/USDT:USDT,2000
15.151547369952429,115.15154736995243,15.151547369952429,57,100.0,0.0,-11.764352870696504,5.0,MEZO/USDT:USDT,2000
14.205812108820405,114.20581210882041,14.205812108820403,50,100.0,0.0,-4.566779987659224,5.0,AUTISM/USDT:USDT,2000
13.770490252015605,113.7704902520156,13.770490252015605,55,100.0,0.0,-27.24851174161459,45.0,4/USDT:USDT,2000
13.705337884456565,113.70533788445657,13.705337884456565,94,100.0,0.0,-15.580358178268128,17.5,TRU/USDT:USDT,2000
10.999990333888826,110.99999033388883,10.999990333888826,48,100.0,0.0,-10.728438297309687,5.0,TESTICLE/USDT:USDT,2000
10.92370152208578,110.92370152208578,10.92370152208578,35,100.0,0.0,-6.113295548281042,45.0,OXT/USDT:USDT,2000
10.84925424570641,110.8492542457064,10.84925424570641,37,100.0,0.0,-12.559612828692067,45.0,MAXXING/USDT:USDT,2000
10.582838884018583,110.58283888401859,10.582838884018583,34,100.0,0.0,-8.82664680465897,45.0,CHECK/USDT:USDT,2000
10.582555868570411,110.58255586857041,10.582555868570411,101,100.0,0.0,-5.03378216724994,5.0,XNY/USDT:USDT,2000
10.510976492607991,110.510976492608,10.510976492607991,48,100.0,0.0,-28.973550900403282,45.0,DRIFT/USDT:USDT,2000
10.229482053319359,110.22948205331936,10.229482053319359,109,100.0,0.0,-3.4150602606026745,12.5,PLAYSOUT/USDT:USDT,2000
10.09986326745946,110.09986326745945,10.09986326745946,56,100.0,0.0,-11.635784760977788,45.0,AIOT/USDT:USDT,2000
9.876140017345202,109.87614001734521,9.876140017345202,82,100.0,0.0,-5.207923628315621,5.0,R2/USDT:USDT,2000
9.606479339912912,109.60647933991291,9.606479339912912,25,100.0,0.0,-7.683939806117565,50.0,BURNIE/USDT:USDT,262
9.064254401573875,109.06425440157388,9.064254401573875,76,100.0,0.0,-4.768351318062746,17.5,M/USDT:USDT,2000
8.40695349527615,108.40695349527616,8.40695349527615,77,100.0,0.0,-13.317301549185926,45.0,BAS/USDT:USDT,2000
8.371622251389763,108.37162225138977,8.371622251389763,56,100.0,0.0,-6.847629039930372,45.0,EITHER/USDT:USDT,2000
8.231197733288983,108.23119773328898,8.231197733288983,107,100.0,0.0,-6.443602072810975,45.0,TRIA/USDT:USDT,2000
8.060688855036231,108.06068885503623,8.060688855036231,55,100.0,0.0,-22.509506565781916,45.00000000000001,SIREN/USDT:USDT,2000
8.045571817364852,108.04557181736484,8.045571817364852,18,100.0,0.0,-25.8216215416728,55.00000000000001,KIN/USDT:USDT,2000
7.986315574648994,107.986315574649,7.986315574648994,17,100.0,0.0,-11.471041165513364,12.5,SHAPE/USDT:USDT,2000
7.925398599989401,107.9253985999894,7.925398599989402,103,100.0,0.0,-4.062464120478843,5.0,RIVER/USDT:USDT,2000
7.861378530889947,107.86137853088995,7.861378530889946,64,100.0,0.0,-6.062585333294162,45.00000000000001,BANK/USDT:USDT,2000
7.672185924101944,107.67218592410194,7.672185924101944,43,100.0,0.0,-2.7745999704439535,45.0,PIPPIN/USDT:USDT,2000
7.531394071029395,107.5313940710294,7.531394071029396,61,100.0,0.0,-7.044710997888748,12.5,APR/USDT:USDT,2000
7.24950992080878,107.24950992080878,7.24950992080878,21,100.0,0.0,-48.85607171277219,45.0,CHIBI/USDT:USDT,2000
7.108431334058859,107.10843133405886,7.108431334058859,37,100.0,0.0,-10.264458347657547,50.0,PIGEON/USDT:USDT,2000
6.821470631422373,106.82147063142237,6.821470631422373,76,100.0,0.0,-8.701475690749922,5.0,BEAT/USDT:USDT,2000
6.757375958514867,106.75737595851487,6.757375958514868,65,100.0,0.0,-4.696869864061281,45.0,COLLECT/USDT:USDT,2000
6.719596785146491,106.71959678514649,6.719596785146491,88,100.0,0.0,-11.141266972083573,5.0,D/USDT:USDT,2000
6.512031006351599,106.5120310063516,6.512031006351599,51,100.0,0.0,-9.94613321430959,50.0,GOBOB/USDT:USDT,2000
6.487613195898836,106.48761319589883,6.487613195898836,68,100.0,0.0,-4.469475978495998,17.5,BSB/USDT:USDT,2000
5.95908719331857,105.95908719331857,5.95908719331857,11,100.0,0.0,-41.23032631672528,45.0,LOL/USDT:USDT,2000
5.8844305398656,105.8844305398656,5.8844305398656,58,100.0,0.0,-8.284299954668198,44.99999999999999,STO/USDT:USDT,2000
5.730227407374676,105.73022740737467,5.730227407374676,97,100.0,0.0,-3.9982735155924978,45.0,KITE/USDT:USDT,2000
5.564561644530605,105.5645616445306,5.564561644530605,22,100.0,0.0,-25.335300257990585,45.0,JELLYBEAN/USDT:USDT,2000
5.537139724182494,105.5371397241825,5.537139724182494,58,100.0,0.0,-2.7676229126066603,5.0,IDOL/USDT:USDT,2000
5.505289471253278,105.50528947125328,5.505289471253278,50,100.0,0.0,-5.522932937387707,27.500000000000004,KOMA/USDT:USDT,2000
5.284835330625383,105.28483533062538,5.284835330625383,70,100.0,0.0,-1.8732512367237386,12.5,LYN/USDT:USDT,2000
5.0936619524674835,105.09366195246749,5.0936619524674835,38,100.0,0.0,-18.66212332712542,45.0,REDSTONE/USDT:USDT,2000
4.761521654954985,104.76152165495499,4.761521654954985,32,100.0,0.0,-6.41100186324624,50.0,PRL/USDT:USDT,2000
4.567678910752611,104.5676789107526,4.567678910752611,36,100.0,0.0,-1.975205677816569,12.500000000000002,SUP/USDT:USDT,2000
4.450729199173125,104.45072919917313,4.450729199173125,37,100.0,0.0,-9.076527675856383,45.0,KERNEL/USDT:USDT,2000
4.281650755983434,104.28165075598343,4.281650755983434,40,100.0,0.0,-4.466746465803422,5.0,DEGO/USDT:USDT,2000
4.265752585434564,104.26575258543457,4.265752585434564,26,100.0,0.0,-30.442954219917524,45.0,HODL/USDT:USDT,2000
4.246526882410818,104.24652688241082,4.246526882410818,64,100.0,0.0,-8.181714859394782,45.0,BR/USDT:USDT,2000
4.114263743365489,104.11426374336548,4.114263743365489,40,100.0,0.0,-15.357883165102423,17.5,CYS/USDT:USDT,2000
3.966645137641066,103.96664513764107,3.966645137641066,30,100.0,0.0,-29.43585486057533,45.0,AKE/USDT:USDT,2000
3.960374999196564,103.96037499919656,3.9603749991965644,48,100.0,0.0,-2.124789038630352,45.0,LISTA/USDT:USDT,2000
3.895854539891902,103.8958545398919,3.895854539891902,53,100.0,0.0,-3.541597020271356,27.5,ICNT/USDT:USDT,2000
3.8760727785925493,103.87607277859254,3.8760727785925493,27,100.0,0.0,-7.028440069651411,45.0,AIA/USDT:USDT,2000
3.8572268448477662,103.85722684484777,3.8572268448477667,19,100.0,0.0,-25.43747037201153,50.0,DISTORTED/USDT:USDT,2000
3.773482914415345,103.77348291441534,3.7734829144153452,54,100.0,0.0,-5.854934669525987,12.5,GUA/USDT:USDT,2000
3.7638004570180716,103.76380045701808,3.7638004570180716,36,100.0,0.0,-2.9118656918708345,45.0,TA/USDT:USDT,2000
3.7594488384431695,103.75944883844316,3.75944883844317,42,100.0,0.0,-1.9385102231133673,45.00000000000001,NCCOHEATINGOIL2USD/USDT:USDT,960
3.5881234692447044,103.5881234692447,3.5881234692447044,28,100.0,0.0,-14.436042392640536,50.0,WHATTHEDOGDOING/USDT:USDT,2000
3.510630246817184,103.51063024681719,3.510630246817184,32,100.0,0.0,-3.4923227029729533,45.0,HEMI/USDT:USDT,2000
3.3287138944295336,103.32871389442954,3.3287138944295336,48,100.0,0.0,-2.7598957004423523,12.500000000000002,C/USDT:USDT,2000
3.235342973407415,103.23534297340741,3.2353429734074153,48,100.0,0.0,-10.544249663063377,45.0,CLO/USDT:USDT,2000
3.2220881552099168,103.22208815520992,3.2220881552099163,29,100.0,0.0,-4.580218191380625,50.0,PARTI/USDT:USDT,2000
3.1434396126789523,103.14343961267895,3.1434396126789528,49,100.0,0.0,-11.953339143464834,45.0,NAORIS/USDT:USDT,2000
3.138014149617119,103.13801414961712,3.1380141496171197,28,100.0,0.0,-0.7463697359615973,12.5,NCCO1OILBRENT2USD/USDT:USDT,930
3.030421064446011,103.03042106444602,3.030421064446011,35,100.0,0.0,-4.346248474433301,45.0,LIGHTER/USDT:USDT,2000
2.881462933048184,102.88146293304818,2.881462933048184,31,100.0,0.0,-9.753104073134637,50.0,SKYAI/USDT:USDT,2000
2.87116992812393,102.87116992812393,2.87116992812393,12,100.0,0.0,-17.663214387455557,45.0,MOLT/USDT:USDT,2000
2.83397316708029,102.83397316708029,2.83397316708029,30,100.0,0.0,-1.4340922355870949,12.5,NCCO1OILWTI2USD/USDT:USDT,960
2.783448893601589,102.78344889360159,2.783448893601589,44,100.0,0.0,-2.0937047708758283,45.00000000000001,2Z/USDT:USDT,2000
2.757632697070467,102.75763269707046,2.757632697070467,24,100.0,0.0,-1.4080843639658391,5.0,AT/USDT:USDT,2000
2.6767003720009126,102.67670037200091,2.6767003720009126,25,100.0,0.0,-1.941219620013385,44.99999999999999,VELVET/USDT:USDT,2000
2.615899745889735,102.61589974588973,2.615899745889735,34,100.0,0.0,-2.209669725812293,12.5,GMX/USDT:USDT,2000
2.5946012428605947,102.59460124286059,2.5946012428605947,31,100.0,0.0,-8.139454811293549,44.99999999999999,CHR/USDT:USDT,2000
2.4806352332946435,102.48063523329465,2.4806352332946435,33,100.0,0.0,-2.954813374499083,45.0,ON/USDT:USDT,2000
2.479385295511915,102.47938529551192,2.479385295511915,41,100.0,0.0,-5.319711947356961,50.0,ONT/USDT:USDT,2000
2.4337724692272364,102.43377246922724,2.4337724692272364,44,100.0,0.0,-14.102596083601105,59.99999999999999,ONG/USDT:USDT,2000
2.428220159709612,102.42822015970961,2.428220159709612,22,100.0,0.0,-1.841281284419628,17.5,F/USDT:USDT,2000
2.4168513469288766,102.41685134692888,2.4168513469288766,18,100.0,0.0,-6.22378498778106,45.0,UB/USDT:USDT,2000
2.376249661340932,102.37624966134094,2.376249661340932,19,100.0,0.0,-3.4385414579144262,27.5,AMP/USDT:USDT,2000
2.2646632686759536,102.26466326867596,2.2646632686759536,30,100.0,0.0,-1.4460179761545675,12.5,NCCOOILWTI2USD/USDT:USDT,960
2.222464046795946,102.22246404679595,2.222464046795946,29,100.0,0.0,-7.583204392651475,45.0,IRYS/USDT:USDT,2000
2.188766374963959,102.18876637496396,2.188766374963959,37,100.0,0.0,-4.372623796401693,45.0,XAN/USDT:USDT,2000
2.1773844397249587,102.17738443972496,2.1773844397249587,17,100.0,0.0,-19.01835811178684,55.0,LONGXIA/USDT:USDT,2000
2.172136372094354,102.17213637209436,2.172136372094354,49,100.0,0.0,-2.0301934611459154,12.5,TAG/USDT:USDT,2000
2.154413875399791,102.1544138753998,2.154413875399791,31,100.0,0.0,-1.2425507323874856,17.5,CATI/USDT:USDT,2000
2.1480239827971084,102.14802398279711,2.1480239827971084,52,100.0,0.0,-1.8767544133681542,27.5,FIDA/USDT:USDT,2000
2.143995550485629,102.14399555048563,2.143995550485629,6,100.0,0.0,-1.1465463438401646,17.5,NCSKVCX2USD/USDT:USDT,109
2.1100591568421354,102.11005915684214,2.1100591568421354,28,100.0,0.0,-10.724633515233837,45.0,TOWNS/USDT:USDT,2000
2.0618887560189063,102.0618887560189,2.0618887560189063,27,100.0,0.0,-10.049436437418933,49.99999999999999,PTB/USDT:USDT,2000
1.98366776378884,101.98366776378884,1.9836677637888398,18,100.0,0.0,-3.8115966809018644,27.5,CROSS/USDT:USDT,2000
1.9836622580611767,101.98366225806117,1.9836622580611765,38,100.0,0.0,-5.075591033481411,45.0,GRASS/USDT:USDT,2000
1.9809585353042278,101.98095853530423,1.9809585353042276,28,100.0,0.0,-4.316951468561413,45.0,ATH/USDT:USDT,2000
1.9502473686159638,101.95024736861596,1.9502473686159638,30,100.0,0.0,-2.379289250310169,45.0,SIGN/USDT:USDT,2000
1.938864352084677,101.93886435208468,1.938864352084677,25,100.0,0.0,-0.6623591255584176,45.0,NCCOGASOLINE2USD/USDT:USDT,960
1.9207731056974109,101.9207731056974,1.9207731056974109,25,100.0,0.0,-1.048396850869765,45.0,BTW/USDT:USDT,2000
1.8646647782381083,101.86466477823811,1.8646647782381083,32,100.0,0.0,-11.807404871997479,50.0,DYM/USDT:USDT,2000
1.8237348881184345,101.82373488811844,1.8237348881184345,35,100.0,0.0,-4.101602861415823,50.0,SCRT/USDT:USDT,2000
1.790117494513864,101.79011749451386,1.790117494513864,16,100.0,0.0,-5.673976981845909,50.0,US/USDT:USDT,2000
1.7822531175661283,101.78225311756613,1.7822531175661283,42,100.0,0.0,-3.3663972434654355,17.5,MGO/USDT:USDT,2000
1.7796837911009071,101.77968379110091,1.779683791100907,20,100.0,0.0,-3.2522989258289905,45.0,OPENEDEN/USDT:USDT,2000
1.769911136150525,101.76991113615053,1.7699111361505249,34,100.0,0.0,-2.3673772151542614,27.5,YB/USDT:USDT,2000
1.765026393560638,101.76502639356063,1.765026393560638,25,100.0,0.0,-2.7778189360849836,27.5,SOON/USDT:USDT,2000
1.7544298953518815,101.75442989535188,1.7544298953518815,15,100.0,0.0,-30.207105421566823,60.0,BNLIFE/USDT:USDT,2000
1.726666537154156,101.72666653715416,1.726666537154156,19,100.0,0.0,-6.929789317049144,50.0,RESOLV/USDT:USDT,2000
1.7257555989156887,101.72575559891568,1.725755598915689,37,100.0,0.0,-2.990332217702134,50.0,HFT/USDT:USDT,2000
1.7159309457263228,101.71593094572633,1.7159309457263228,26,100.0,0.0,-5.478835980256189,45.0,ALGO/USDT:USDT,2000
1.6860626329150927,101.6860626329151,1.686062632915093,14,100.0,0.0,-27.78485958915541,60.0,TRADOOR/USDT:USDT,2000
1.6586797695329059,101.65867976953291,1.6586797695329059,14,100.0,0.0,-6.216827589783141,45.0,IQ/USDT:USDT,2000
1.6583916736542679,101.65839167365426,1.6583916736542679,20,100.0,0.0,-1.49969302834633,17.5,PIEVERSE/USDT:USDT,2000
1.6330812832979176,101.63308128329791,1.6330812832979176,25,100.0,0.0,-4.137741537219007,50.0,HUMA/USDT:USDT,2000
1.6168738239567126,101.61687382395671,1.6168738239567124,30,100.0,0.0,-2.7415078065654557,50.0,KAT/USDT:USDT,2000
1.603274343020172,101.60327434302017,1.603274343020172,25,100.0,0.0,-4.546830315357109,45.0,XMR/USDT:USDT,2000
1.5773068053385975,101.5773068053386,1.5773068053385975,36,100.0,0.0,-3.053550590679265,12.5,MBOX/USDT:USDT,2000
1.57091116062235,101.57091116062234,1.57091116062235,30,100.0,0.0,-12.415079165801547,50.0,DAM/USDT:USDT,2000
1.564709765474874,101.56470976547487,1.564709765474874,33,100.0,0.0,-2.5199011398287072,44.99999999999999,PORTAL/USDT:USDT,2000
1.5593995483472582,101.55939954834726,1.5593995483472582,24,100.0,0.0,-4.802767283523892,45.0,REZ/USDT:USDT,2000
1.5452345005343318,101.54523450053433,1.5452345005343318,11,100.0,0.0,-6.537926022804018,45.0,ULTIMA/USDT:USDT,2000
1.5311833222544526,101.53118332225445,1.5311833222544526,29,100.0,0.0,-3.7793583468568768,45.0,IP/USDC:USDC,2000
1.4948482558318599,101.49484825583185,1.4948482558318599,17,100.0,0.0,-8.866576873622154,45.0,BASED/USDT:USDT,2000
1.490056779412611,101.49005677941261,1.490056779412611,26,100.0,0.0,-5.424239236185654,45.0,BANANAS31/USDT:USDT,2000
1.4764805556949039,101.4764805556949,1.4764805556949039,11,100.0,0.0,-11.107352838542505,45.0,GUN/USDT:USDT,2000
1.466014399245718,101.46601439924572,1.466014399245718,23,100.0,0.0,-6.736478610686077,5.0,NCSKCRCL2USD/USDT:USDT,2000
1.4520234433833825,101.45202344338338,1.4520234433833825,27,100.0,0.0,-3.795347057099606,45.00000000000001,IP/USDT:USDT,2000
1.438850343781091,101.43885034378108,1.438850343781091,27,100.0,0.0,-5.806729747055506,45.0,1000CHEEMS/USDT:USDT,2000
1.4299670999717096,101.4299670999717,1.4299670999717096,26,100.0,0.0,-1.3278594274583202,45.0,B/USDT:USDT,2000
1.42635495100613,101.42635495100613,1.42635495100613,31,100.0,0.0,-2.9327439100381425,45.0,NMR/USDT:USDT,2000
1.4035845711771355,101.40358457117713,1.4035845711771355,32,100.0,0.0,-2.969713174184698,45.0,SXT/USDT:USDT,2000
1.403518760729721,101.40351876072972,1.403518760729721,29,100.0,0.0,-2.898499615187821,12.499999999999998,SKR/USDT:USDT,2000
1.3901763479997495,101.39017634799976,1.3901763479997495,17,100.0,0.0,-3.631817537279543,45.0,SQD/USDT:USDT,2000
1.3778054636989283,101.37780546369893,1.3778054636989283,18,100.0,0.0,-6.208538105816762,45.0,PUMPBTC/USDT:USDT,2000
1.3750047346420438,101.37500473464205,1.3750047346420438,26,100.0,0.0,-2.012542848002669,17.5,MANTRA/USDT:USDT,2000
1.3679613232448438,101.36796132324484,1.3679613232448438,21,100.0,0.0,-16.221866958882075,45.0,EDU/USDT:USDT,2000
1.358390323493372,101.35839032349337,1.358390323493372,24,100.0,0.0,-1.8237699716840763,27.5,POL/USDC:USDC,2000
1.3362717632737282,101.33627176327373,1.3362717632737282,6,100.0,0.0,-8.883407656608046,45.0,JCT/USDT:USDT,2000
1.3208242314449863,101.32082423144499,1.3208242314449863,25,100.0,0.0,-4.162858209037091,45.0,INIT/USDT:USDT,2000
1.302720426709644,101.30272042670964,1.302720426709644,23,100.0,0.0,-1.9344727342758623,45.0,USUAL/USDT:USDT,2000
1.29156640384406,101.29156640384406,1.29156640384406,24,100.0,0.0,-1.5560354669403273,12.5,COAI/USDT:USDT,2000
1.284456431418392,101.28445643141839,1.284456431418392,23,100.0,0.0,-2.2049315927630215,45.0,CC/USDT:USDT,2000
1.282225710781422,101.28222571078142,1.282225710781422,23,100.0,0.0,-6.279604819108949,50.0,SPACECOIN/USDT:USDT,2000
1.2811836901424538,101.28118369014246,1.2811836901424538,31,100.0,0.0,-3.4656964492690694,45.0,WLFI/USDT:USDT,2000
1.27352386913549,101.27352386913549,1.27352386913549,29,100.0,0.0,-2.927459130972764,12.5,STG/USDT:USDT,2000
1.2433271377127726,101.24332713771277,1.2433271377127726,16,100.0,0.0,-3.2603101942736945,45.0,NCSKTSLA2USD/USDT:USDT,2000
1.2323291447907971,101.2323291447908,1.2323291447907971,28,100.0,0.0,-11.117220333337219,45.0,ESP/USDT:USDT,2000
1.2178280615658852,101.21782806156588,1.2178280615658852,18,100.0,0.0,-7.216567779568471,50.0,VVV/USDT:USDT,2000
1.2173531313752255,101.21735313137522,1.2173531313752255,19,100.0,0.0,-2.357480747215463,44.99999999999999,EPIC/USDT:USDT,2000
1.2057890399475435,101.20578903994755,1.2057890399475435,32,100.0,0.0,-3.4295098793261163,45.0,WLFI/USDC:USDC,2000
1.205512344138286,101.20551234413828,1.205512344138286,31,100.0,0.0,-2.4386845913910467,50.0,SYN/USDT:USDT,2000
1.2034204552334011,101.2034204552334,1.2034204552334011,31,100.0,0.0,-1.9894811758253979,27.500000000000004,SENT/USDT:USDT,2000
1.1959868813583097,101.19598688135831,1.1959868813583097,32,100.0,0.0,-3.683684288983708,45.0,RSR/USDT:USDT,2000
1.1852995990442898,101.18529959904428,1.1852995990442898,24,100.0,0.0,-3.800274660799218,50.0,TREE/USDT:USDT,2000
1.1771177373728072,101.17711773737281,1.1771177373728072,13,100.0,0.0,-3.9886511965684925,55.0,IR/USDT:USDT,2000
1.1544654879177565,101.15446548791776,1.1544654879177565,14,100.0,0.0,-14.234898358019283,50.0,WOTAMALAILE/USDT:USDT,2000
1.1520558705459525,101.15205587054595,1.1520558705459525,26,100.0,0.0,-5.42216259431451,45.0,XPL/USDT:USDT,2000
1.1485747445297645,101.14857474452977,1.1485747445297645,21,100.0,0.0,-2.798788037873691,45.0,TRUTH/USDT:USDT,2000
1.1483204736663348,101.14832047366633,1.1483204736663348,23,100.0,0.0,-1.7640502879206896,45.0,POL/USDT:USDT,2000
1.1385170929148796,101.13851709291488,1.1385170929148796,26,100.0,0.0,-6.382962331373504,45.0,MERL/USDT:USDT,2000
1.136566912496974,101.13656691249697,1.136566912496974,7,100.0,0.0,-4.8551556345258815,45.0,G/USDT:USDT,2000
1.099211403827604,101.09921140382761,1.099211403827604,19,100.0,0.0,-5.588045129684075,45.0,TUT/USDT:USDT,2000
1.0987154657613682,101.09871546576137,1.0987154657613682,22,100.0,0.0,-8.73863495519127,60.0,MAV/USDT:USDT,2000
1.0967316607500293,101.09673166075002,1.0967316607500293,21,100.0,0.0,-15.423999087494384,45.0,TAKE/USDT:USDT,2000
1.0940574426747702,101.09405744267477,1.0940574426747702,20,100.0,0.0,-8.030881414040005,55.0,MYX/USDT:USDT,2000
1.0848546669557493,101.08485466695575,1.0848546669557493,23,100.0,0.0,-3.6224589624743695,45.0,FLUID/USDT:USDT,2000
1.07723193086467,101.07723193086467,1.07723193086467,29,100.0,0.0,-4.413675357398684,55.0,LA/USDT:USDT,2000
1.0610644187946856,101.06106441879469,1.0610644187946856,16,100.0,0.0,-3.3833469302034036,17.5,STBL/USDT:USDT,2000
1.058307890216956,101.05830789021695,1.058307890216956,23,100.0,0.0,-1.7542641228235325,17.5,NIGHT/USDT:USDT,2000
1.0526357989206228,101.05263579892062,1.0526357989206228,23,100.0,0.0,-2.287159498123608,45.0,ESPORTS/USDT:USDT,2000
1.034012058087113,101.03401205808711,1.034012058087113,22,100.0,0.0,-3.1295331447141423,45.0,HANA/USDT:USDT,2000
1.0320415358589339,101.03204153585894,1.0320415358589339,17,100.0,0.0,-2.5031281595777934,27.5,TRUST/USDT:USDT,2000
1.0246556730359189,101.02465567303592,1.0246556730359189,24,100.0,0.0,-3.583140691941077,45.0,BITLIGHT/USDT:USDT,2000
1.0218942373848672,101.02189423738487,1.0218942373848672,17,100.0,0.0,-7.677712975310258,45.0,Q/USDT:USDT,2000
1.0172005157379131,101.01720051573791,1.0172005157379131,26,100.0,0.0,-3.3154127892906526,55.0,W/USDT:USDT,2000
1.0020193822540342,101.00201938225403,1.0020193822540342,18,100.0,0.0,-4.3831857636115075,50.0,FORM/USDT:USDT,2000
0.982270174472692,100.98227017447269,0.982270174472692,7,100.0,0.0,-18.53262676652959,55.0,SOLV/USDT:USDT,2000
0.9737785141177441,100.97377851411774,0.973778514117744,18,100.0,0.0,-2.980085021296864,27.5,HAEDAL/USDT:USDT,2000
0.9619482564417299,100.96194825644173,0.9619482564417298,13,100.0,0.0,-5.367298522832646,50.0,AAVE/USDT:USDT,2000
0.9396108694324996,100.9396108694325,0.9396108694324995,20,100.0,0.0,-3.896465899886889,45.0,LAYER/USDT:USDT,2000
0.9350492836505307,100.93504928365053,0.9350492836505307,26,100.0,0.0,-4.43619796688008,27.499999999999996,ROBO/USDT:USDT,2000
0.9263254300312991,100.9263254300313,0.926325430031299,14,100.0,0.0,-5.417429572374407,50.0,AAVE/USDC:USDC,2000
0.9225995693101803,100.92259956931018,0.9225995693101803,21,100.0,0.0,-3.05785776621183,45.0,MMT/USDT:USDT,2000
0.92018689534466,100.92018689534466,0.9201868953446599,17,100.0,0.0,-2.724743689362686,12.5,ACX/USDT:USDT,2000
0.9099456267826209,100.90994562678262,0.9099456267826209,16,100.0,0.0,-10.709206856187029,45.0,FIGHTID/USDT:USDT,2000
0.9059115699912249,100.90591156999122,0.9059115699912249,26,100.0,0.0,-2.466795641965229,17.5,BMT/USDT:USDT,2000
0.8933394267453272,100.89333942674533,0.8933394267453272,21,100.0,0.0,-2.799850870119198,45.0,BIRB/USDT:USDT,2000
0.8926590949919094,100.89265909499191,0.8926590949919094,8,100.0,0.0,-8.165328191366738,45.0,CFG/USDT:USDT,2000
0.8924435084042717,100.89244350840427,0.8924435084042717,10,100.0,0.0,-5.112396377587855,45.0,SYRUP/USDT:USDT,2000
0.8876745741544873,100.88767457415449,0.8876745741544873,7,100.0,0.0,-5.3860243001336805,50.0,ZAMA/USDT:USDT,2000
0.8828429748395764,100.88284297483958,0.8828429748395764,16,100.0,0.0,-7.258797657865321,44.99999999999999,SPX/USDT:USDT,2000
0.8825277241745556,100.88252772417455,0.8825277241745555,13,100.0,0.0,-3.2496046492922614,45.0,BIO/USDT:USDT,2000
0.8742109465660853,100.87421094656608,0.8742109465660853,16,100.0,0.0,-4.039199087011811,12.5,PHB/USDT:USDT,2000
0.869278700976944,100.86927870097695,0.869278700976944,11,100.0,0.0,-5.933968706680848,45.0,CRV/USDT:USDT,2000
0.8668270179856605,100.86682701798566,0.8668270179856605,23,100.0,0.0,-1.6427799605634923,45.0,ERA/USDT:USDT,2000
0.8659970000480134,100.86599700004801,0.8659970000480135,22,100.0,0.0,-2.044322681303503,44.99999999999999,HOME/USDT:USDT,2000
0.8609525202855255,100.86095252028552,0.8609525202855255,15,100.0,0.0,-3.256619409234482,45.0,APT/USDC:USDC,2000
0.8544706774764168,100.85447067747641,0.8544706774764168,11,100.0,0.0,-5.37078905151233,45.0,RECALL/USDT:USDT,2000
0.8496958284373505,100.84969582843735,0.8496958284373505,16,100.0,0.0,-4.324851341082735,50.0,LINK/USDC:USDC,2000
0.8475401209760701,100.84754012097606,0.84754012097607,13,100.0,0.0,-6.4672887419731016,55.0,CARV/USDT:USDT,2000
0.8221485719172349,100.82214857191724,0.8221485719172349,19,100.0,0.0,-4.449215631845169,45.00000000000001,ELSA/USDT:USDT,2000
0.8213399198938799,100.82133991989387,0.8213399198938799,22,100.0,0.0,-4.566595990492546,45.0,SAGA/USDT:USDT,2000
0.8207407627820691,100.82074076278207,0.8207407627820691,21,100.0,0.0,-2.2018239316699035,45.0,DIA/USDT:USDT,2000
0.8192785755842537,100.81927857558425,0.8192785755842538,14,100.0,0.0,-3.605243218766336,45.0,BIGTIME/USDT:USDT,2000
0.8173024919455765,100.81730249194558,0.8173024919455765,8,100.0,0.0,-13.464214201542415,50.0,NEET/USDT:USDT,2000
0.8088656566268237,100.80886565662682,0.8088656566268236,10,100.0,0.0,-6.743208656266303,45.0,SUPER/USDT:USDT,2000
0.8041260151274983,100.8041260151275,0.8041260151274982,18,100.0,0.0,-5.611362022275002,27.5,ZORA/USDT:USDT,2000
0.8038953720356371,100.80389537203564,0.8038953720356371,20,100.0,0.0,-3.4191714481304323,27.5,SFP/USDT:USDT,2000
0.7978055817606633,100.79780558176067,0.7978055817606633,15,100.0,0.0,-12.208071495249314,45.0,ARC/USDT:USDT,2000
0.7795911715865997,100.7795911715866,0.7795911715865997,12,100.0,0.0,-16.605767818323606,45.0,CHILLGUY/USDT:USDT,2000
0.7670124390773265,100.76701243907732,0.7670124390773265,15,100.0,0.0,-3.8602436152393773,45.0,SAND/USDT:USDT,2000
0.7657293596244943,100.7657293596245,0.7657293596244943,11,100.0,0.0,-3.2799672700052995,50.0,NCCOPALLADIUM2USD/USDT:USDT,968
0.763692726797253,100.76369272679726,0.763692726797253,20,100.0,0.0,-2.855367851333033,45.0,STABLE/USDT:USDT,2000
0.7610587556305591,100.76105875563056,0.7610587556305591,16,100.0,0.0,-13.57903831953118,50.0,MONAD/USDT:USDT,2000
0.7571043698186859,100.75710436981869,0.7571043698186859,14,100.0,0.0,-8.016627510194798,17.5,KAITO/USDT:USDT,2000
0.7499388580324651,100.74993885803246,0.7499388580324651,15,100.0,0.0,-43.68945603099662,50.00000000000001,NOMINA/USDT:USDT,2000
0.7446604764398012,100.7446604764398,0.7446604764398012,12,100.0,0.0,-11.372553180214608,55.0,SAFE/USDT:USDT,2000
0.7354637029574235,100.73546370295742,0.7354637029574235,10,100.0,0.0,-16.278143361513568,45.0,GRIFFAIN/USDT:USDT,2000
0.7349440226783875,100.73494402267839,0.7349440226783875,15,100.0,0.0,-7.256386399496842,44.99999999999999,KGEN/USDT:USDT,2000
0.7304628697273651,100.73046286972736,0.7304628697273651,13,100.0,0.0,-2.990350012573284,45.0,B3/USDT:USDT,2000
0.7241186961987902,100.72411869619879,0.7241186961987902,19,100.0,0.0,-3.4358515225549087,27.5,ZK/USDT:USDT,2000
0.7196903673856453,100.71969036738564,0.7196903673856453,14,100.0,0.0,-7.976717149940504,17.5,KAITO/USDC:USDC,2000
0.7160742895513151,100.71607428955132,0.7160742895513151,17,100.0,0.0,-4.423810266168695,45.0,CETUS/USDT:USDT,2000
0.7103566609984295,100.71035666099843,0.7103566609984295,20,100.0,0.0,-6.034817202111514,45.0,AZTEC/USDT:USDT,2000
0.7090314110749181,100.70903141107492,0.7090314110749181,19,100.0,0.0,-5.708410666752789,45.0,MUBARAK/USDT:USDT,2000
0.7074344593378951,100.70743445933789,0.7074344593378951,13,100.0,0.0,-3.5914006018105953,45.0,RAY/USDT:USDT,2000
0.699201061619263,100.69920106161926,0.699201061619263,10,100.0,0.0,-5.1850215966917546,50.0,RENDER/USDT:USDT,2000
0.6959441317511472,100.69594413175115,0.6959441317511472,18,100.0,0.0,-3.5548857338743884,27.5,ONDO/USDC:USDC,2000
0.6937843101953423,100.69378431019534,0.6937843101953423,20,100.0,0.0,-3.128089003612404,45.0,BB/USDT:USDT,2000
0.6915850816981246,100.69158508169812,0.6915850816981246,20,100.0,0.0,-2.4480213133645976,45.0,ANKR/USDT:USDT,2000
0.6915070110229723,100.69150701102298,0.6915070110229723,11,100.0,0.0,-4.717567518944425,45.00000000000001,SANTOS/USDT:USDT,2000
0.6898603803511701,100.68986038035116,0.6898603803511701,14,100.0,0.0,-5.488360358293129,45.0,WLD/USDC:USDC,2000
0.6863220877801128,100.68632208778011,0.6863220877801128,18,100.0,0.0,-2.8762119619209523,27.5,XLM/USDT:USDT,2000
0.6791645832471651,100.67916458324717,0.6791645832471651,11,100.0,0.0,-2.8504824998723226,45.0,SNX/USDT:USDT,2000
0.676574411652815,100.67657441165281,0.676574411652815,17,100.0,0.0,-5.343226115079116,55.0,THETA/USDT:USDT,2000
0.6736734063720915,100.67367340637209,0.6736734063720915,15,100.0,0.0,-6.7889487755248625,45.0,ENA/USDT:USDT,2000
0.673236729163731,100.67323672916373,0.673236729163731,16,100.0,0.0,-3.81055490829217,45.0,ALLO/USDT:USDT,2000
0.6723287574874298,100.67232875748743,0.6723287574874298,15,100.0,0.0,-12.708853809759402,59.99999999999999,OPENLEDGER/USDT:USDT,2000
0.663913596138509,100.66391359613851,0.663913596138509,19,100.0,0.0,-7.285499291056227,45.0,SHELL/USDT:USDT,2000
0.6591774689455854,100.65917746894559,0.6591774689455854,16,100.0,0.0,-3.9371057645447176,27.500000000000004,VINE/USDT:USDT,2000
0.655159329560531,100.65515932956053,0.655159329560531,17,100.0,0.0,-2.485761278108796,55.0,MASK/USDT:USDT,2000
0.6544206328943546,100.65442063289436,0.6544206328943546,14,100.0,0.0,-3.786272811599377,45.0,RPL/USDT:USDT,2000
0.6504590320000218,100.65045903200001,0.6504590320000218,18,100.0,0.0,-3.5026141408392677,27.5,MOVE/USDT:USDT,2000
0.6504548115248985,100.6504548115249,0.6504548115248985,15,100.0,0.0,-4.896184078921737,45.0,PENGU/USDT:USDT,2000
0.6480102238240251,100.64801022382403,0.6480102238240251,18,100.0,0.0,-6.793276940714183,45.0,BLESS/USDT:USDT,2000
0.6445953208816185,100.64459532088162,0.6445953208816185,19,100.0,0.0,-1.7957381352460122,17.5,TURTLE/USDT:USDT,2000
0.644500177757041,100.64450017775704,0.644500177757041,18,100.0,0.0,-3.6093520101699506,45.00000000000001,TONCOIN/USDC:USDC,2000
0.6336962754440788,100.63369627544408,0.6336962754440788,17,100.0,0.0,-2.082727353368522,12.5,WCT/USDT:USDT,2000
0.6279888419543379,100.62798884195433,0.6279888419543379,16,100.0,0.0,-2.719138867871618,45.0,ZKP/USDT:USDT,2000
0.6219551894207538,100.62195518942076,0.6219551894207538,17,100.0,0.0,-2.4805318231606566,45.0,BREV/USDT:USDT,2000
0.6198781294547588,100.61987812945476,0.6198781294547588,9,100.0,0.0,-4.286089661020733,45.0,ETC/USDC:USDC,2000
0.6184787469980336,100.61847874699804,0.6184787469980336,14,100.0,0.0,-8.24279823304368,50.0,1000CAT/USDT:USDT,2000
0.6141120198976878,100.61411201989769,0.6141120198976878,16,100.0,0.0,-4.122955779599039,50.00000000000001,LINK/USDT:USDT,2000
0.6099951592519165,100.60999515925192,0.6099951592519165,12,100.0,0.0,-21.274191133821667,50.0,BLUAI/USDT:USDT,2000
0.6072389721929531,100.60723897219296,0.6072389721929531,12,100.0,0.0,-3.4739318628160523,45.0,ONE/USDT:USDT,2000
0.6058753323710061,100.605875332371,0.6058753323710061,18,100.0,0.0,-5.057494000150105,50.0,DOLO/USDT:USDT,2000
0.6056610819998567,100.60566108199986,0.6056610819998567,10,100.0,0.0,-6.532124334340335,50.0,CRV/USDC:USDC,2000
0.6009947677048406,100.60099476770485,0.6009947677048406,6,100.0,0.0,-9.540258487636462,55.0,AVAAI/USDT:USDT,2000
0.6009426397477708,100.60094263974777,0.6009426397477708,14,100.0,0.0,-5.399235512020001,45.0,NOT/USDC:USDC,2000
0.5994734004957525,100.59947340049575,0.5994734004957525,12,100.0,0.0,-5.7023907093418105,45.0,BROCCOLIF3B/USDT:USDT,2000
0.5933569135418593,100.59335691354185,0.5933569135418593,12,100.0,0.0,-4.640430428149904,45.0,ME/USDT:USDT,2000
0.5877703318681906,100.58777033186819,0.5877703318681906,17,100.0,0.0,-3.915118817718908,5.0,BSV/USDT:USDT,2000
0.5856376387315227,100.58563763873153,0.5856376387315227,15,100.0,0.0,-6.5286215108471986,45.0,DUSK/USDT:USDT,2000
0.5849132432242564,100.58491324322425,0.5849132432242564,18,100.0,0.0,-3.136282722805197,55.0,10000SATS/USDT:USDT,2000
0.5843494597266357,100.58434945972664,0.5843494597266357,6,100.0,0.0,-21.86586705958904,45.0,FARTCOIN/USDT:USDT,2000
0.5807155910785544,100.58071559107856,0.5807155910785544,15,100.0,0.0,-5.5279024893270705,55.0,UMA/USDT:USDT,2000
0.5803966941114223,100.58039669411143,0.5803966941114223,14,100.0,0.0,-4.206551580515929,45.0,UNI/USDT:USDT,2000
0.5742296708058978,100.57422967080589,0.5742296708058978,13,100.0,0.0,-5.771493760717821,45.0,ALICE/USDT:USDT,2000
0.5701600835857068,100.5701600835857,0.5701600835857068,9,100.0,0.0,-7.218788904299925,50.0,DEGEN/USDT:USDT,2000
0.5701028602010809,100.57010286020108,0.5701028602010809,18,100.0,0.0,-2.9057865844314428,27.499999999999996,XLM/USDC:USDC,2000
0.566981873030216,100.56698187303022,0.566981873030216,11,100.0,0.0,-4.555809867906654,45.0,IOTA/USDT:USDT,2000
0.5570737911610828,100.55707379116109,0.5570737911610828,13,100.0,0.0,-2.7127906456461117,45.0,THE/USDT:USDT,2000
0.5533147026756298,100.55331470267564,0.5533147026756298,15,100.0,0.0,-4.5604306759479805,45.0,BOME/USDT:USDT,2000
0.5514790475386654,100.55147904753866,0.5514790475386654,14,100.0,0.0,-3.0650883962888265,45.0,AXS/USDT:USDT,2000
0.5512193201917269,100.55121932019172,0.5512193201917269,11,100.0,0.0,-3.9991247902489286,45.0,1000000BOB/USDT:USDT,2000
0.5475145066537751,100.54751450665377,0.5475145066537751,7,100.0,0.0,-3.063990763056436,55.0,LUNA/USDT:USDT,2000
0.5474981107447293,100.54749811074473,0.5474981107447293,15,100.0,0.0,-14.058194442603575,45.0,FOLKS/USDT:USDT,2000
0.5466361943870185,100.54663619438702,0.5466361943870185,15,100.0,0.0,-3.57982525725954,45.0,H/USDT:USDT,2000
0.5440089419718568,100.54400894197185,0.5440089419718568,12,100.0,0.0,-1.3621486537941545,5.0,NCCONATURALGAS2USD/USDT:USDT,963
0.5426630779349467,100.54266307793495,0.5426630779349467,8,100.0,0.0,-4.386705131730859,54.99999999999999,ETH/USDC:USDC,2000
0.5389239735646786,100.53892397356468,0.5389239735646786,16,100.0,0.0,-5.515920235738289,45.0,WLD/USDT:USDT,2000
0.5350550634299666,100.53505506342997,0.5350550634299666,14,100.0,0.0,-4.133278638816385,45.0,UNI/USDC:USDC,2000
0.534073606709045,100.53407360670904,0.534073606709045,12,100.0,0.0,-11.365717057183188,45.0,USELESS/USDT:USDT,2000
0.531851730201045,100.53185173020104,0.531851730201045,21,100.0,0.0,-3.4352113838765845,45.0,TONCOIN/USDT:USDT,2000
0.5296628249282943,100.5296628249283,0.5296628249282943,17,100.0,0.0,-3.266035360740808,27.5,ID/USDT:USDT,2000
0.5293017825946758,100.52930178259467,0.5293017825946758,12,100.0,0.0,-11.67014010716976,45.0,EDGEX/USDT:USDT,2000
0.5288300658291786,100.52883006582918,0.5288300658291786,8,100.0,0.0,-4.048482331446166,45.0,INJ/USDT:USDT,2000
0.5255426558342046,100.5255426558342,0.5255426558342046,16,100.0,0.0,-2.8298462041121097,45.0,CHZ/USDT:USDT,2000
0.5250110027243314,100.52501100272433,0.5250110027243314,4,100.0,0.0,-4.2259122011138075,55.0,FLOW/USDT:USDT,2000
0.5214844470226625,100.52148444702266,0.5214844470226625,16,100.0,0.0,-2.8325161441509468,45.0,GPS/USDT:USDT,2000
0.5182178370778755,100.51821783707787,0.5182178370778755,18,100.0,0.0,-8.845625835051692,45.0,TAC/USDT:USDT,2000
0.5176866123074982,100.5176866123075,0.5176866123074982,15,100.0,0.0,-2.019956752546739,45.0,ANIME/USDT:USDT,2000
0.5155436970121203,100.51554369701212,0.5155436970121203,12,100.0,0.0,-2.8129180991378764,45.0,MAVIA/USDT:USDT,2000
0.5121926702698186,100.51219267026981,0.5121926702698186,14,100.0,0.0,-2.4241574351853226,45.0,ACH/USDT:USDT,2000
0.510726581378561,100.51072658137856,0.510726581378561,10,100.0,0.0,-1.2764171883121795,27.5,ASTER/USDT:USDT,2000
0.5089153344807261,100.50891533448073,0.5089153344807261,14,100.0,0.0,-2.928792431921271,45.0,BAT/USDT:USDT,2000
0.5084086593265644,100.50840865932656,0.5084086593265644,12,100.0,0.0,-4.868378456523825,45.0,PENDLE/USDT:USDT,2000
0.5076201799684487,100.50762017996846,0.5076201799684487,13,100.0,0.0,-3.3734969912825963,45.0,VET/USDT:USDT,2000
0.5070961201847671,100.50709612018477,0.5070961201847671,14,100.0,0.0,-6.637536209757198,50.0,ACU/USDT:USDT,2000
0.5050426067957192,100.50504260679573,0.5050426067957192,14,100.0,0.0,-8.81482293969609,45.0,RARE/USDT:USDT,2000
0.5046182156038351,100.50461821560384,0.5046182156038351,7,100.0,0.0,-4.3937856610420125,55.00000000000001,ETH/USDT:USDT,2000
0.5036558636957242,100.50365586369573,0.5036558636957242,12,100.0,0.0,-3.5099065466172883,45.0,MITO/USDT:USDT,2000
0.5036111633833672,100.50361116338337,0.5036111633833672,6,100.0,0.0,-3.8947376094182045,54.99999999999999,YGG/USDT:USDT,2000
0.5019568155569547,100.50195681555695,0.5019568155569547,10,100.0,0.0,-4.282103711888078,45.0,ETC/USDT:USDT,2000
0.49771995535782826,100.49771995535782,0.4977199553578283,8,100.0,0.0,-2.6571835288416947,45.0,A/USDT:USDT,2000
0.4951551972989252,100.49515519729893,0.4951551972989252,13,100.0,0.0,-8.690143474570853,45.0,RATS/USDT:USDT,2000
0.491047744493775,100.49104774449377,0.491047744493775,15,100.0,0.0,-3.2901271423400438,45.0,QNT/USDT:USDT,2000
0.49032442840489343,100.49032442840489,0.4903244284048935,12,100.0,0.0,-2.95176292888767,45.0,AEVO/USDC:USDC,2000
0.4885468959258522,100.48854689592585,0.4885468959258522,12,100.0,0.0,-5.200162774465507,54.99999999999999,COOKIE/USDT:USDT,2000
0.4798187712848071,100.47981877128481,0.4798187712848071,14,100.0,0.0,-2.5085036693621774,27.5,ETHFI/USDT:USDT,2000
0.47782330854521515,100.47782330854521,0.4778233085452151,16,100.0,0.0,-3.6160596741965074,45.0,AXL/USDT:USDT,2000
0.4726343436975855,100.47263434369759,0.4726343436975855,17,100.0,0.0,-4.196196018668315,45.85443518597887,SSV/USDT:USDT,2000
0.46934190358022304,100.46934190358023,0.469341903580223,6,100.0,0.0,-4.191880874570574,50.0,FIL/USDC:USDC,2000
0.4686172620343794,100.46861726203439,0.4686172620343794,18,100.0,0.0,-3.507659642030228,45.0,PROMPT/USDT:USDT,2000
0.4642757802115939,100.4642757802116,0.4642757802115939,12,100.0,0.0,-4.428525965027355,45.0,ROSE/USDT:USDT,2000
0.46385683632190955,100.46385683632191,0.46385683632190955,13,100.0,0.0,-4.897872924202227,50.0,BOME/USDC:USDC,2000
0.46307034953087,100.46307034953087,0.46307034953087,12,100.0,0.0,-13.2623288739753,60.0,AIXBT/USDT:USDT,2000
0.4624968546591465,100.46249685465915,0.4624968546591465,9,100.0,0.0,-4.525390758635946,55.0,NCCOXAG2USD/USDT:USDT,2000
0.46245101439229175,100.46245101439229,0.4624510143922917,15,100.0,0.0,-3.009632854122215,45.0,ZRX/USDT:USDT,2000
0.4613196834688814,100.46131968346889,0.46131968346888147,15,100.0,0.0,-3.2876941720128947,55.0,APT/USDT:USDT,2000
0.45721376211399184,100.457213762114,0.45721376211399184,13,100.0,0.0,-2.5639804259081176,27.5,ETHFI/USDC:USDC,2000
0.4558535544069649,100.45585355440697,0.45585355440696496,9,100.0,0.0,-10.092743270080645,60.0,DYDX/USDT:USDT,2000
0.4536631546640428,100.45366315466404,0.4536631546640428,7,100.0,0.0,-1.2551778402851252,27.5,WAVES/USDT:USDT,2000
0.4516714589238851,100.45167145892388,0.4516714589238851,14,100.0,0.0,-3.952818658112011,27.500000000000004,CELO/USDT:USDT,2000
0.44903146248410275,100.4490314624841,0.44903146248410275,17,100.0,0.0,-2.5664065632104602,45.0,HYPERLANE/USDT:USDT,2000
0.4488763445248258,100.44887634452482,0.44887634452482583,14,100.0,0.0,-3.5655788543406812,45.0,METEORA/USDT:USDT,2000
0.4481152696339677,100.44811526963397,0.44811526963396775,15,100.0,0.0,-9.418244088434303,45.0,TOSHI/USDT:USDT,2000
0.44585978657299835,100.445859786573,0.44585978657299835,7,100.0,0.0,-13.751899570233622,55.0,SAPIEN/USDT:USDT,2000
0.4444269010486669,100.44442690104867,0.4444269010486669,13,100.0,0.0,-2.7601172703837107,45.0,WET/USDT:USDT,2000
0.44375456217070103,100.4437545621707,0.443754562170701,10,100.0,0.0,-3.5992199087809498,45.0,PHA/USDT:USDT,2000
0.4381771084595791,100.43817710845958,0.4381771084595791,4,100.0,0.0,-20.15168554142272,45.0,UNITAS/USDT:USDT,2000
0.4357585217702158,100.43575852177021,0.4357585217702158,11,100.0,0.0,-4.952884292065902,45.0,PENGU/USDC:USDC,2000
0.43452019550040005,100.4345201955004,0.43452019550040005,15,100.0,0.0,-1.5481262506326523,27.5,PI/USDT:USDT,2000
0.43194889650105667,100.43194889650105,0.43194889650105667,9,100.0,0.0,-5.713850709122836,45.0,NOT/USDT:USDT,2000
0.43055416404765295,100.43055416404765,0.430554164047653,6,100.0,0.0,-5.290410681744155,45.0,FAI/USDT:USDT,2000
0.43036295013236964,100.43036295013236,0.4303629501323697,11,100.0,0.0,-12.796211104111755,59.99999999999999,GIGGLE/USDT:USDT,2000
0.42766113366469993,100.4276611336647,0.4276611336646999,5,100.0,0.0,-11.092936034755645,55.0,IN/USDT:USDT,2000
0.42702210375924443,100.42702210375924,0.42702210375924443,6,100.0,0.0,-2.934100018574665,45.0,CTK/USDT:USDT,2000
0.4258064881212093,100.42580648812121,0.42580648812120925,8,100.0,0.0,-5.900757248456685,45.0,WIF/USDC:USDC,2000
0.42509780111264095,100.42509780111264,0.42509780111264095,13,100.0,0.0,-5.374920745771285,45.0,BABY/USDT:USDT,2000
0.42301526007296875,100.42301526007297,0.42301526007296875,11,100.0,0.0,-4.790277342639473,55.0,NCCOXPT2USD/USDT:USDT,2000
0.42085766336355673,100.42085766336356,0.42085766336355673,13,100.0,0.0,-7.7156439987298295,45.0,ENA/USDC:USDC,2000
0.41879187794590766,100.4187918779459,0.41879187794590766,9,100.0,0.0,-4.629572059823782,45.0,PUMP/USDT:USDT,2000
0.41672345079126727,100.41672345079127,0.41672345079126727,11,100.0,0.0,-2.8676987483133733,45.0,QTUM/USDT:USDT,2000
0.4132003641019957,100.413200364102,0.41320036410199573,10,100.0,0.0,-1.614565993579337,45.0,OG/USDT:USDT,2000
0.4131203048505308,100.41312030485054,0.4131203048505308,13,100.0,0.0,-4.117452960520317,45.0,ONDO/USDT:USDT,2000
0.41210710191353733,100.41210710191353,0.41210710191353733,14,100.0,0.0,-2.613084606324896,45.0,SHIB/USDC:USDC,2000
0.4116980917761349,100.41169809177613,0.41169809177613487,5,100.0,0.0,-0.32918848244160176,27.5,NCSKMSTR2USD/USDT:USDT,117
0.41060928089604165,100.41060928089604,0.41060928089604165,10,100.0,0.0,-4.549483786682776,54.99999999999999,IO/USDT:USDT,2000
0.4094528284253231,100.40945282842533,0.4094528284253231,6,100.0,0.0,-5.530295888902638,55.0,GALA/USDT:USDT,2000
0.408147728736072,100.40814772873607,0.408147728736072,13,100.0,0.0,-2.492998821673673,44.99999999999999,PROM/USDT:USDT,2000
0.40669842518041877,100.40669842518042,0.40669842518041877,14,100.0,0.0,-5.807594533989826,54.99999999999999,MOVR/USDT:USDT,2000
0.40426501268334813,100.40426501268335,0.40426501268334813,5,100.0,0.0,-7.531107424727375,55.0,AERO/USDT:USDT,2000
0.40375265243689284,100.40375265243689,0.4037526524368928,8,100.0,0.0,-3.9091693377750287,50.0,REAL/USDT:USDT,2000
0.4030946175172613,100.40309461751725,0.4030946175172613,16,100.0,0.0,-4.434770133925026,45.0,FOGO/USDT:USDT,2000
0.4018432979293211,100.40184329792932,0.40184329792932116,10,100.0,0.0,-3.9310177143081324,45.0,RLC/USDT:USDT,2000
0.3981451126183604,100.39814511261837,0.3981451126183604,11,100.0,0.0,-2.8632899128052434,45.0,AEVO/USDT:USDT,2000
0.39687977394445,100.39687977394445,0.39687977394445,14,100.0,0.0,-4.120764717923504,45.0,ACE/USDT:USDT,2000
0.3961551553505008,100.3961551553505,0.39615515535050083,12,100.0,0.0,-2.2198816816483213,45.00000000000001,ZKC/USDT:USDT,2000
0.3950003971357635,100.39500039713576,0.39500039713576357,10,100.0,0.0,-4.227638796050022,45.0,ARKM/USDT:USDT,2000
0.394770349214832,100.39477034921484,0.394770349214832,7,100.0,0.0,-3.658779859470868,45.0,KAVA/USDT:USDT,2000
0.39299718431336866,100.39299718431337,0.3929971843133687,9,100.0,0.0,-6.045954707473266,49.99999999999999,PNUT/USDC:USDC,2000
0.39260739358313357,100.39260739358313,0.39260739358313357,13,100.0,0.0,-2.886093919443314,45.0,SOMI/USDT:USDT,2000
0.392167897991783,100.39216789799178,0.392167897991783,14,100.0,0.0,-5.453432639137542,45.0,AKT/USDT:USDT,2000
0.3912276128016507,100.39122761280166,0.39122761280165075,10,100.0,0.0,-5.605871337975735,54.99999999999999,AVAX/USDT:USDT,2000
0.39066133747178255,100.39066133747178,0.3906613374717826,6,100.0,0.0,-7.071306616825478,60.0,NCSIEWY2USD/USDT:USDT,2000
0.3904543960899075,100.39045439608991,0.3904543960899075,9,100.0,0.0,-5.6408071571808955,55.0,AVAX/USDC:USDC,2000
0.38964728554411976,100.38964728554411,0.38964728554411976,9,100.0,0.0,-2.0667535057717603,27.5,BNB/USDC:USDC,2000
0.38943057969274036,100.38943057969274,0.38943057969274036,13,100.0,0.0,-3.2789578420028325,45.0,GMT/USDT:USDT,2000
0.3874345048449766,100.38743450484498,0.3874345048449766,14,100.0,0.0,-3.270648175255054,45.00000000000001,HIGH/USDT:USDT,2000
0.38636124228817326,100.38636124228817,0.38636124228817326,7,100.0,0.0,-5.043424821866094,50.0,APE/USDT:USDT,2000
0.38447267131091234,100.38447267131092,0.38447267131091234,10,100.0,0.0,-6.611888889144884,60.0,AGLD/USDT:USDT,2000
0.384238265915735,100.38423826591574,0.384238265915735,8,100.0,0.0,-5.362039778587738,45.0,BARD/USDT:USDT,2000
0.38410233407650796,100.3841023340765,0.38410233407650796,10,100.0,0.0,-5.154753372688901,45.0,LDO/USDT:USDT,2000
0.3833742799576491,100.38337427995765,0.3833742799576491,13,100.0,0.0,-2.431118317281184,45.0,SPK/USDT:USDT,2000
0.38328651288795357,100.38328651288795,0.38328651288795357,14,100.0,0.0,-58.527247511591476,59.99999999999999,ENJ/USDT:USDT,2000
0.38306533305575585,100.38306533305575,0.38306533305575585,14,100.0,0.0,-2.58518798805756,45.0,SHIB/USDT:USDT,2000
0.3826395159426546,100.38263951594266,0.3826395159426546,11,100.0,0.0,-3.235472038388411,45.0,LPT/USDT:USDT,2000
0.3808331900031218,100.38083319000312,0.3808331900031218,9,100.0,0.0,-4.825766201430266,45.0,OP/USDT:USDT,2000
0.37578271252407613,100.37578271252407,0.37578271252407613,6,100.0,0.0,-5.289040515220289,50.0,WAL/USDT:USDT,2000
0.3754784315338749,100.37547843153388,0.3754784315338749,11,100.0,0.0,-3.8469359482387953,45.0,POPCAT/USDT:USDT,2000
0.37232723932424433,100.37232723932425,0.37232723932424433,10,100.0,0.0,-3.9921329897232676,50.0,AVA/USDT:USDT,2000
0.37096000054415296,100.37096000054416,0.37096000054415296,9,100.0,0.0,-10.04233295920287,60.0,FRAX/USDT:USDT,2000
0.3701472781846101,100.3701472781846,0.3701472781846101,12,100.0,0.0,-4.1270992158013495,45.0,BEAM/USDT:USDT,2000
0.3701224774005755,100.37012247740057,0.3701224774005755,8,100.0,0.0,-9.354454136789245,60.0,INX/USDT:USDT,2000
0.36837276565174265,100.36837276565174,0.36837276565174265,5,100.0,0.0,-22.009162959834402,45.0,FARTCOIN/USDC:USDC,2000
0.36748729081090237,100.3674872908109,0.36748729081090237,5,100.0,0.0,-6.762842574413806,45.0,GWEI/USDT:USDT,2000
0.3654152117680596,100.36541521176807,0.3654152117680596,8,100.0,0.0,-1.6509818758499426,45.0,ALPINE/USDT:USDT,2000
0.36502317115012106,100.36502317115013,0.36502317115012106,5,100.0,0.0,-0.4748708358614021,27.5,NCSKARM2USD/USDT:USDT,117
0.36467946161033377,100.36467946161034,0.36467946161033377,11,100.0,0.0,-5.099374632375773,45.0,1000000MOG/USDT:USDT,2000
0.3640267428743772,100.36402674287437,0.3640267428743772,9,100.0,0.0,-6.286698553228972,50.0,WIF/USDT:USDT,2000
0.3620226791976917,100.3620226791977,0.3620226791976917,11,100.0,0.0,-3.3690328043201747,45.0,LINEA/USDT:USDT,2000
0.36178225694057803,100.36178225694057,0.36178225694057803,10,100.0,0.0,-5.485165637055751,45.0,CLANKER/USDT:USDT,2000
0.3603132851099579,100.36031328510995,0.3603132851099579,11,100.0,0.0,-4.347233189970213,45.0,MEW/USDT:USDT,2000
0.3588353021131474,100.35883530211315,0.3588353021131474,14,100.0,0.0,-4.089212872555447,45.0,ZKJ/USDT:USDT,2000
0.3573645882469789,100.35736458824698,0.3573645882469789,8,100.0,0.0,-5.335176913395496,50.0,FLOCK/USDT:USDT,2000
0.35732469787670595,100.3573246978767,0.35732469787670595,12,100.0,0.0,-69.20261916451462,44.99999999999999,RAVE/USDT:USDT,2000
0.35722132995682554,100.35722132995683,0.35722132995682554,8,100.0,0.0,-3.8391276160779886,45.0,POPCAT/USDC:USDC,2000
0.35606686294991896,100.35606686294992,0.35606686294991896,6,100.0,0.0,-4.48488814114883,55.0,FIL/USDT:USDT,2000
0.3560561861947269,100.35605618619472,0.3560561861947269,8,100.0,0.0,-6.389643264325823,55.000000000000014,NEAR/USDC:USDC,2000
0.35521405486977425,100.35521405486978,0.35521405486977425,14,100.0,0.0,-5.147434819207258,45.0,JUP/USDT:USDT,2000
0.35459876263873036,100.35459876263873,0.35459876263873036,12,100.0,0.0,-4.101435388281361,55.0,XAI/USDT:USDT,2000
0.3536679766263706,100.35366797662637,0.3536679766263706,12,100.0,0.0,-3.8668322250442517,45.0,SKY/USDT:USDT,2000
0.3534881173286678,100.35348811732867,0.3534881173286678,11,100.0,0.0,-6.830433914651467,50.0,WOO/USDT:USDT,2000
0.35342327656273276,100.35342327656274,0.35342327656273276,11,100.0,0.0,-3.1241029871971535,45.0,BROCCOLI/USDT:USDT,2000
0.3531865997752299,100.35318659977523,0.3531865997752299,5,100.0,0.0,-9.900678833438564,60.0,MAGIC/USDT:USDT,2000
0.35296583175821267,100.35296583175821,0.35296583175821267,10,100.0,0.0,-4.506914218210219,45.0,MOODENG/USDT:USDT,2000
0.35157832168135045,100.35157832168134,0.35157832168135045,6,100.0,0.0,-3.2629668771279654,45.0,BANANA/USDT:USDT,2000
0.35151866630945905,100.35151866630946,0.35151866630945905,11,100.0,0.0,-7.7070469955555385,60.0,VELODROME/USDT:USDT,2000
0.3501306999674873,100.3501306999675,0.3501306999674873,13,100.0,0.0,-3.056847288843433,45.0,CYBER/USDT:USDT,2000
0.3477136660456237,100.34771366604562,0.3477136660456237,13,100.0,0.0,-35.08105698727799,55.0,TNSR/USDT:USDT,2000
0.3473144461865736,100.34731444618657,0.3473144461865736,9,100.0,0.0,-6.09287799972305,50.0,PNUT/USDT:USDT,2000
0.3458715503576426,100.34587155035764,0.3458715503576426,7,100.0,0.0,-6.590731467749693,59.99999999999999,NEAR/USDT:USDT,2000
0.34566396134217936,100.34566396134218,0.34566396134217936,3,100.0,0.0,-0.9622694937265897,45.0,NCSKAPP2USD/USDT:USDT,117
0.3444432569069369,100.34444325690694,0.3444432569069369,10,100.0,0.0,-14.088049068515248,55.0,ORDER/USDT:USDT,2000
0.3439281014213013,100.3439281014213,0.3439281014213013,11,100.0,0.0,-4.177895395379958,45.0,1000BONK/USDT:USDT,2000
0.3435631066470645,100.34356310664707,0.3435631066470645,11,100.0,0.0,-4.9197694302197,50.0,JTO/USDT:USDT,2000
0.34351859941910734,100.34351859941911,0.34351859941910734,7,100.0,0.0,-9.925217482506541,50.0,ZRO/USDT:USDT,2000
0.3426351740781261,100.34263517407813,0.3426351740781261,13,100.0,0.0,-5.903382959725602,45.0,PLUME/USDT:USDT,2000
0.3411522158573629,100.34115221585736,0.3411522158573629,10,100.0,0.0,-3.0699768629233763,45.0,GLM/USDT:USDT,2000
0.33960784210797057,100.33960784210797,0.33960784210797057,10,100.0,0.0,-4.567624165942974,45.0,ENS/USDT:USDT,2000
0.3385700131698472,100.33857001316984,0.3385700131698472,11,100.0,0.0,-4.67089196115088,44.99999999999999,DOT/USDT:USDT,2000
0.3369031164896446,100.33690311648965,0.3369031164896446,11,100.0,0.0,-6.502586757067319,54.99999999999999,VIRTUAL/USDT:USDT,2000
0.3352288055446884,100.33522880554469,0.3352288055446884,8,100.0,0.0,-3.0551318771558558,45.0,GRT/USDT:USDT,2000
0.3343620137856733,100.33436201378568,0.3343620137856733,8,100.0,0.0,-5.349571483657577,55.0,HOLO/USDT:USDT,2000
0.33374252859921844,100.33374252859922,0.33374252859921844,11,100.0,0.0,-2.77319124933296,45.0,TWT/USDT:USDT,2000
0.3298854756156285,100.32988547561563,0.3298854756156285,5,100.0,0.0,-3.7603530517680657,45.0,ORCA/USDT:USDT,2000
0.32931596221619347,100.3293159622162,0.32931596221619347,8,100.0,0.0,-1.4823532543927223,45.0,BCH/USDT:USDT,2000
0.32856590031933214,100.32856590031933,0.32856590031933214,5,100.0,0.0,-4.242437150130785,60.00000000000001,DOOD/USDT:USDT,2000
0.3281697246813662,100.32816972468136,0.3281697246813662,7,100.0,0.0,-3.792966153572323,45.0,FLOKI/USDT:USDT,2000
0.326385706731227,100.32638570673123,0.326385706731227,11,100.0,0.0,-5.022613700762979,45.0,HYPE/USDT:USDT,2000
0.321445181935129,100.32144518193513,0.321445181935129,15,100.0,0.0,-2.5305357009174876,45.0,IOST/USDT:USDT,2000
0.3180241431609122,100.31802414316091,0.3180241431609122,13,100.0,0.0,-3.69193036972679,45.0,1000000BABYDOGE/USDT:USDT,2000
0.31653495641634105,100.31653495641635,0.31653495641634105,8,100.0,0.0,-5.3559500038798475,45.0,OP/USDC:USDC,2000
0.314062421498803,100.3140624214988,0.314062421498803,11,100.0,0.0,-2.6594817769968366,45.0,PROVE/USDT:USDT,2000
0.3072763102357391,100.30727631023574,0.3072763102357391,4,100.0,0.0,-25.034037350707756,50.0,LAB/USDT:USDT,2000
0.3059595114091554,100.30595951140916,0.3059595114091554,9,100.0,0.0,-2.1412902612147433,45.0,MTL/USDT:USDT,2000
0.3042226228422474,100.30422262284225,0.3042226228422474,9,100.0,0.0,-2.495191576486814,27.5,DOGE/USDC:USDC,2000
0.3040213293822352,100.30402132938224,0.3040213293822352,11,100.0,0.0,-2.492051787589393,45.0,RVN/USDT:USDT,2000
0.3031910012057911,100.30319100120579,0.3031910012057911,9,100.0,0.0,-5.022839445865693,50.00000000000001,TIA/USDT:USDT,2000
0.3028974798735047,100.30289747987351,0.3028974798735047,8,100.0,0.0,-2.208288621740211,27.5,STEEM/USDT:USDT,2000
0.30268257563217316,100.30268257563218,0.30268257563217316,13,100.0,0.0,-4.701920361775159,44.99999999999999,DOT/USDC:USDC,2000
0.30216952649150985,100.30216952649151,0.30216952649150985,15,100.0,0.0,-3.4185566277844948,45.0,COTI/USDT:USDT,2000
0.30094049352800406,100.300940493528,0.30094049352800406,12,100.0,0.0,-2.2064800343620106,45.0,MIRANETWORK/USDT:USDT,2000
0.3008230428420504,100.30082304284205,0.3008230428420504,9,100.0,0.0,-5.826779274627928,60.0,ACT/USDT:USDT,2000
0.30037919855499534,100.30037919855499,0.30037919855499534,8,100.0,0.0,-12.780177298868717,50.0,EVAA/USDT:USDT,2000
0.30006879772252015,100.30006879772252,0.30006879772252015,10,100.0,0.0,-2.240218399849513,45.0,ASTR/USDT:USDT,2000
0.29947686578827604,100.29947686578828,0.29947686578827604,8,100.0,0.0,-5.399273638412148,55.0,TIA/USDC:USDC,2000
0.29916763300230764,100.29916763300231,0.29916763300230764,9,100.0,0.0,-2.915507193582167,45.0,STORJ/USDT:USDT,2000
0.2980581595546424,100.29805815955464,0.2980581595546424,13,100.0,0.0,-2.6175945865470043,45.0,GAS/USDT:USDT,2000
0.29521014877016977,100.29521014877017,0.29521014877016977,6,100.0,0.0,-6.024601433769125,45.0,BRETT/USDT:USDT,2000
0.2925732394636498,100.29257323946365,0.2925732394636498,8,100.0,0.0,-4.174683613493768,45.0,MEME/USDT:USDT,2000
0.2922698994996383,100.29226989949964,0.2922698994996383,4,100.0,0.0,-0.3352008542133656,17.5,NCSKMU2USD/USDT:USDT,117
0.2897742663266917,100.28977426632669,0.2897742663266917,4,100.0,0.0,-0.4136307877072098,27.5,NCSKRDDT2USD/USDT:USDT,117
0.28808014914026087,100.28808014914026,0.28808014914026087,9,100.0,0.0,-3.2934919168403165,45.0,MLN/USDT:USDT,2000
0.28722549323659713,100.28722549323659,0.28722549323659713,10,100.0,0.0,-3.7037211559083647,45.0,NFP/USDT:USDT,2000
0.2868166675600142,100.28681666756002,0.2868166675600142,9,100.0,0.0,-4.5529459934170555,45.0,1000BONK/USDC:USDC,2000
0.2865660005062287,100.28656600050623,0.2865660005062287,12,100.0,0.0,-2.8277904582048303,44.99999999999999,JASMY/USDT:USDT,2000
0.28355782343873687,100.28355782343874,0.28355782343873687,10,100.0,0.0,-2.9438235006286493,45.0,KAIA/USDT:USDT,2000
0.28267525993036396,100.28267525993036,0.28267525993036396,10,100.0,0.0,-3.282164111314863,45.0,XRP/USDT:USDT,2000
0.28187229504868067,100.28187229504869,0.28187229504868067,9,100.0,0.0,-2.1162979822258405,45.0,ARK/USDT:USDT,2000
0.2814262888531074,100.28142628885311,0.2814262888531074,10,100.0,0.0,-0.17126775183734733,12.500000000000002,NCFXUSD2ZAR/USDT:USDT,2000
0.2813593381190713,100.28135933811907,0.2813593381190713,8,100.0,0.0,-4.646204353652989,50.00000000000001,ORDI/USDT:USDT,2000
0.2799552877356392,100.27995528773565,0.2799552877356392,10,100.0,0.0,-3.2092742919809965,45.0,MINA/USDT:USDT,2000
0.27795293065214155,100.27795293065215,0.27795293065214155,8,100.0,0.0,-1.6551293849623843,27.5,LTC/USDT:USDT,2000
0.2778982524718173,100.27789825247181,0.2778982524718173,10,100.0,0.0,-3.2826816416688107,45.0,XRP/USDC:USDC,2000
0.27726641037104616,100.27726641037104,0.27726641037104616,11,100.0,0.0,-2.8745135953740024,45.0,ARPA/USDT:USDT,2000
0.27673287194671575,100.27673287194672,0.27673287194671575,13,100.0,0.0,-3.1391108055754313,45.0,STX/USDT:USDT,2000
0.27628897887202464,100.27628897887203,0.27628897887202464,9,100.0,0.0,-4.41985389204222,44.99999999999999,IMX/USDT:USDT,2000
0.27610796709142793,100.27610796709143,0.27610796709142793,8,100.0,0.0,-6.257916397741751,60.0,0G/USDT:USDT,2000
0.2747829163823139,100.2747829163823,0.2747829163823139,11,100.0,0.0,-3.4023791487971162,45.0,CKB/USDT:USDT,2000
0.27417929241601535,100.27417929241602,0.27417929241601535,5,100.0,0.0,-4.3400548094159035,45.0,POLYX/USDT:USDT,2000
0.2734839494511514,100.27348394945115,0.2734839494511514,10,100.0,0.0,-4.535657709153171,45.0,SOL/USDC:USDC,2000
0.271134734494484,100.27113473449448,0.271134734494484,12,100.0,0.0,-3.21700288197019,45.0,SUSHI/USDT:USDT,2000
0.2709159734335363,100.27091597343353,0.2709159734335363,8,100.0,0.0,-1.5351668961631788,12.5,CRO/USDT:USDT,2000
0.2706131239313012,100.2706131239313,0.2706131239313012,5,100.0,0.0,-6.207018552222948,55.0,PEOPLE/USDT:USDT,2000
0.26826722225945127,100.26826722225945,0.26826722225945127,10,100.0,0.0,-3.3766581519336745,45.0,ASR/USDT:USDT,2000
0.2680338801919053,100.26803388019191,0.2680338801919053,6,100.0,0.0,-3.2369645616089584,60.0,LSK/USDT:USDT,2000
0.26779155909852315,100.26779155909853,0.26779155909852315,11,100.0,0.0,-2.6798088184621522,27.5,DOGE/USDT:USDT,2000
0.2664525563968076,100.26645255639681,0.2664525563968076,9,100.0,0.0,-2.1290044351543105,27.500000000000004,BNB/USDT:USDT,2000
0.26605478751281436,100.26605478751281,0.26605478751281436,8,100.0,0.0,-3.9565579897238523,45.0,CFX/USDT:USDT,2000
0.2646452886626676,100.26464528866266,0.2646452886626676,11,100.0,0.0,-2.510432028430491,45.0,YFI/USDT:USDT,2000
0.26266631106430127,100.26266631106431,0.26266631106430127,10,100.0,0.0,-2.837201441088706,45.0,HIVE/USDT:USDT,2000
0.2624981035608643,100.26249810356086,0.2624981035608643,11,100.0,0.0,-4.568786814727324,45.0,SOL/USDT:USDT,2000
0.26065676150177935,100.26065676150178,0.26065676150177935,13,100.0,0.0,-4.137587685979627,54.99999999999999,HMSTR/USDT:USDT,2000
0.2584263527965261,100.25842635279652,0.2584263527965261,8,100.0,0.0,-5.037375122419133,50.0,MELANIA/USDT:USDT,2000
0.257053458107092,100.2570534581071,0.257053458107092,2,100.0,0.0,-0.9689828533540241,45.0,NCSKCOIN2USD/USDT:USDT,117
0.2549260971722662,100.25492609717227,0.2549260971722662,10,100.0,0.0,-9.430842733864274,45.0,SLP/USDT:USDT,2000
0.2543973418226672,100.25439734182267,0.2543973418226672,10,100.0,0.0,-6.9657778283897605,45.0,TLM/USDT:USDT,2000
0.25251619561048383,100.25251619561048,0.25251619561048383,9,100.0,0.0,-3.2539409706710876,45.0,KSM/USDT:USDT,2000
0.2511682832136847,100.25116828321369,0.2511682832136847,7,100.0,0.0,-2.3185857483189394,45.0,ZETA/USDT:USDT,2000
0.24812881418577032,100.24812881418578,0.2481288141857703,13,100.0,0.0,-7.611521605924562,55.0,CGPT/USDT:USDT,2000
0.24793328169647194,100.24793328169648,0.24793328169647194,11,100.0,0.0,-5.489155026129483,44.99999999999999,TAO/USDT:USDT,2000
0.24629468568122057,100.24629468568122,0.24629468568122057,8,100.0,0.0,-3.996628667492675,45.0,STRK/USDT:USDT,2000
0.24468932044345937,100.24468932044346,0.24468932044345937,8,100.0,0.0,-6.375873694054947,55.0,SUI/USDT:USDT,2000
0.24380803454169553,100.2438080345417,0.24380803454169556,4,100.0,0.0,-6.335848554265136,50.0,EIGEN/USDT:USDT,2000
0.24113626214078424,100.24113626214078,0.24113626214078426,8,100.0,0.0,-6.917854017091724,45.0,ZEN/USDT:USDT,2000
0.239039092873176,100.23903909287317,0.23903909287317598,4,100.0,0.0,-20.52485178721088,45.0,ZEC/USDC:USDC,2000
0.23690525020709832,100.2369052502071,0.23690525020709832,9,100.0,0.0,-4.528001843743063,45.0,ADA/USDC:USDC,2000
0.23654694767630902,100.2365469476763,0.23654694767630902,8,100.0,0.0,-1.7187586303353584,27.5,LTC/USDC:USDC,2000
0.23415097217505626,100.23415097217506,0.23415097217505623,9,100.0,0.0,-5.5587539297365725,45.0,ARB/USDC:USDC,2000
0.2334842979656136,100.23348429796562,0.2334842979656136,12,100.0,0.0,-4.466607330394816,50.0,COW/USDT:USDT,2000
0.23149409239660765,100.2314940923966,0.23149409239660765,10,100.0,0.0,-6.1768469155961885,45.0,S/USDT:USDT,2000
0.23123715832080705,100.23123715832081,0.23123715832080705,10,100.0,0.0,-3.0061446189841816,50.0,RUNE/USDT:USDT,2000
0.22956888768037037,100.22956888768037,0.22956888768037037,3,100.0,0.0,-0.3910641524571451,17.5,NCSKMRVL2USD/USDT:USDT,117
0.22940538926863327,100.22940538926863,0.22940538926863327,10,100.0,0.0,-2.670934959131184,45.0,VANA/USDT:USDT,2000
0.2270404050618908,100.22704040506189,0.2270404050618908,5,100.0,0.0,-3.8334121229396847,45.0,KNC/USDT:USDT,2000
0.22674959461942357,100.22674959461942,0.2267495946194236,7,100.0,0.0,-4.487186748714788,45.0,NEIROCTO/USDT:USDT,2000
0.22646617274261968,100.22646617274262,0.22646617274261968,5,100.0,0.0,-8.139059002551042,60.0,ICP/USDT:USDT,2000
0.2262661714859703,100.22626617148597,0.2262661714859703,10,100.0,0.0,-4.685603630911768,45.0,ADA/USDT:USDT,2000
0.2238828484168433,100.22388284841685,0.22388284841684333,5,100.0,0.0,-3.143242704162897,55.00000000000001,BTC/USDC:USDC,2000
0.22274492527028092,100.22274492527028,0.2227449252702809,9,100.0,0.0,-7.728848962467537,50.0,DASH/USDT:USDT,2000
0.22184376093634037,100.22184376093634,0.22184376093634037,7,100.0,0.0,-6.126644888530169,60.0,MANA/USDT:USDT,2000
0.221755277885521,100.22175527788552,0.22175527788552096,6,100.0,0.0,-6.049667325815649,50.0,ARB/USDT:USDT,2000
0.2216787856470508,100.22167878564706,0.2216787856470508,5,100.0,0.0,-3.1534927424818173,54.99999999999999,BTC/USDT:USDT,2000
0.2210024784218921,100.2210024784219,0.22100247842189213,9,100.0,0.0,-5.847824529358315,50.0,SUI/USDC:USDC,2000
0.22041277822049504,100.22041277822049,0.22041277822049504,7,100.0,0.0,-3.5445922820395124,50.0,EGLD/USDT:USDT,2000
0.2174741949928086,100.2174741949928,0.2174741949928086,8,100.0,0.0,-4.603712895096288,45.0,HBAR/USDT:USDT,2000
0.2165499232111084,100.2165499232111,0.2165499232111084,8,100.0,0.0,-5.343012821371745,55.0,SEI/USDT:USDT,2000
0.21603136598351613,100.21603136598351,0.21603136598351613,10,100.0,0.0,-3.4180576564799594,45.0,MNT/USDT:USDT,2000
0.21584839636644515,100.21584839636644,0.21584839636644512,6,100.0,0.0,-5.663684853165956,55.0,METIS/USDT:USDT,2000
0.21574661188925945,100.21574661188926,0.21574661188925945,2,100.0,0.0,-0.4614198116988307,27.5,NCSKGE2USD/USDT:USDT,117
0.21145597241995154,100.21145597241996,0.21145597241995154,6,100.0,0.0,-6.288846657890838,60.0,ILV/USDT:USDT,2000
0.2113222894631602,100.21132228946315,0.2113222894631602,11,100.0,0.0,-2.165056318250288,45.0,FF/USDT:USDT,2000
0.2111099176104245,100.21110991761043,0.2111099176104245,6,100.0,0.0,-1.9745916024235595,45.0,AUCTION/USDT:USDT,2000
0.20940303961164092,100.20940303961164,0.2094030396116409,5,100.0,0.0,-7.702932905529184,45.0,ZBT/USDT:USDT,2000
0.2091453556346027,100.2091453556346,0.2091453556346027,7,100.0,0.0,-3.9702483079061435,45.0,STRK/USDC:USDC,2000
0.2079201479085603,100.20792014790857,0.20792014790856028,7,100.0,0.0,-4.519611503602476,45.0,ORDI/USDC:USDC,2000
0.2065875054717029,100.2065875054717,0.2065875054717029,7,100.0,0.0,-1.5315619212043485,27.5,BCH/USDC:USDC,2000
0.2057970890861852,100.20579708908619,0.2057970890861852,2,100.0,0.0,-0.28328806765324704,27.5,NCSKASML2USD/USDT:USDT,117
0.20433151474865593,100.20433151474866,0.20433151474865593,13,100.0,0.0,-2.507393070793629,45.0,TAIKO/USDT:USDT,2000
0.20372419539767295,100.20372419539767,0.20372419539767295,8,100.0,0.0,-6.537654448512995,50.0,DEEP/USDT:USDT,2000
0.20205768205121846,100.20205768205122,0.20205768205121846,7,100.0,0.0,-3.397661999964443,45.0,MANTA/USDT:USDT,2000
0.20152446921746023,100.20152446921746,0.20152446921746023,4,100.0,0.0,-6.8460163376814505,50.0,UAI/USDT:USDT,2000
0.2003646227688019,100.2003646227688,0.2003646227688019,7,100.0,0.0,-5.8620530402599655,45.0,1000PEPE/USDT:USDT,2000
0.19965705844334736,100.19965705844335,0.19965705844334736,5,100.0,0.0,-10.267830044204471,59.99999999999999,TURBO/USDT:USDT,2000
0.1960560952286615,100.19605609522866,0.19605609522866152,3,100.0,0.0,-0.3107214053052082,27.5,NCSIFLKR2USD/USDT:USDT,90
0.19603482880073733,100.19603482880073,0.19603482880073733,9,100.0,0.0,-3.14273278310821,44.99999999999999,AVNT/USDT:USDT,2000
0.19533550329407692,100.19533550329407,0.19533550329407695,6,100.0,0.0,-3.5029513400484893,50.0,VANRY/USDT:USDT,2000
0.19402951144194455,100.19402951144194,0.19402951144194455,6,100.0,0.0,-3.7843806208924184,45.0,AR/USDT:USDT,2000
0.19245760503632517,100.19245760503632,0.19245760503632517,8,100.0,0.0,-3.5791280041648816,45.0,TRB/USDT:USDT,2000
0.19157193200962586,100.19157193200962,0.19157193200962586,5,100.0,0.0,-20.589861251553533,45.0,ZEC/USDT:USDT,2000
0.1910724490053664,100.19107244900536,0.1910724490053664,8,100.0,0.0,-3.784528129098093,60.0,1INCH/USDT:USDT,2000
0.18739693722664474,100.18739693722665,0.18739693722664474,4,100.0,0.0,-3.8709962270123297,59.99999999999999,NCSINIKKEI2252USD/USDT:USDT,2000
0.18566219633264444,100.18566219633264,0.18566219633264444,9,100.0,0.0,-4.890577875206761,50.00000000000001,TRUMP/USDT:USDT,2000
0.18544335538248405,100.18544335538249,0.18544335538248405,9,100.0,0.0,-4.983398296793762,60.0,SOPH/USDT:USDT,2000
0.18271643934146514,100.18271643934146,0.18271643934146514,6,100.0,0.0,-5.5831402847876435,45.0,SKL/USDT:USDT,2000
0.18228835188776946,100.18228835188776,0.18228835188776946,8,100.0,0.0,-4.956540947118627,45.0,HBAR/USDC:USDC,2000
0.181787830690115,100.18178783069011,0.181787830690115,7,100.0,0.0,-20.723708706802746,55.0,BLUR/USDT:USDT,2000
0.1807958140141603,100.18079581401416,0.1807958140141603,7,100.0,0.0,-2.079035761907667,45.0,AWE/USDT:USDT,2000
0.1804475601346539,100.18044756013465,0.1804475601346539,6,100.0,0.0,-1.3631761502594895,45.0,XAUT/USDT:USDT,2000
0.1797804584402526,100.17978045844025,0.1797804584402526,5,100.0,0.0,-9.827302507207188,60.0,PYTH/USDT:USDT,2000
0.17973112686467282,100.17973112686467,0.17973112686467282,6,100.0,0.0,-3.554843025720087,60.0,NCSKGS2USD/USDT:USDT,2000
0.1785463324616868,100.17854633246169,0.1785463324616868,8,100.0,0.0,-2.2747246694003573,45.0,NEO/USDT:USDT,2000
0.17671135591255752,100.17671135591256,0.17671135591255752,6,100.0,0.0,-9.570321654092979,60.000000000000014,COMP/USDT:USDT,2000
0.17599294528633322,100.17599294528634,0.17599294528633322,5,100.0,0.0,-3.362957235307604,45.0,KAS/USDT:USDT,2000
0.17577223329643396,100.17577223329643,0.17577223329643396,7,100.0,0.0,-2.478413787999121,45.0,NEO/USDC:USDC,2000
0.17410515121387182,100.17410515121387,0.17410515121387182,10,100.0,0.0,-3.1146410560177635,45.00000000000001,API3/USDT:USDT,2000
0.1723896780362983,100.1723896780363,0.1723896780362983,6,100.0,0.0,-2.0363342935218975,45.0,NXPC/USDT:USDT,2000
0.17199970277611698,100.17199970277612,0.17199970277611698,7,100.0,0.0,-1.9150390827907118,45.0,LQTY/USDT:USDT,2000
0.1659308054419848,100.16593080544199,0.1659308054419848,6,100.0,0.0,-6.223669439610285,45.0,1000PEPE/USDC:USDC,2000
0.16302720902451714,100.16302720902452,0.16302720902451714,4,100.0,0.0,-5.7380272602243725,50.0,ALT/USDT:USDT,2000
0.1598572223356273,100.15985722233563,0.1598572223356273,5,100.0,0.0,-1.599698641541803,45.0,NCCOGOLD2USD/USDT:USDT,2000
0.1592231794423887,100.15922317944239,0.1592231794423887,3,100.0,0.0,-4.5048403573109725,45.0,B2/USDT:USDT,2000
0.15858647162109066,100.15858647162109,0.15858647162109066,4,100.0,0.0,-0.18206376616631278,12.5,NCSIEWJ2USD/USDT:USDT,499
0.15808212010317255,100.15808212010317,0.15808212010317255,3,100.0,0.0,-6.515958131410643,45.0,AIN/USDT:USDT,2000
0.15774342063717878,100.15774342063717,0.15774342063717878,3,100.0,0.0,-0.15556247211842847,17.5,NCSKIBM2USD/USDT:USDT,117
0.1570015082776579,100.15700150827766,0.1570015082776579,8,100.0,0.0,-2.3785298404166264,45.0,PUNDIX/USDT:USDT,2000
0.1511404985418533,100.15114049854185,0.1511404985418533,6,100.0,0.0,-6.228745763686723,50.0,EIGEN/USDC:USDC,2000
0.1438662252537738,100.14386622525377,0.1438662252537738,2,100.0,0.0,-0.20572484014798892,17.5,NCSKAMZN2USD/USDT:USDT,117
0.14228136951346185,100.14228136951346,0.14228136951346185,5,100.0,0.0,-1.6954274179906363,45.0,PAXG/USDT:USDT,2000
0.13784147572626376,100.13784147572626,0.13784147572626376,4,100.0,0.0,-0.29710125723310715,27.5,NCSKORCL2USD/USDT:USDT,117
0.13723039167621254,100.13723039167621,0.13723039167621254,5,100.0,0.0,-4.207236753370737,60.0,ATOM/USDT:USDT,2000
0.13492245562693458,100.13492245562693,0.13492245562693458,4,100.0,0.0,-6.858137009425282,45.0,GOAT/USDT:USDT,2000
0.13331834513728816,100.13331834513728,0.13331834513728816,4,100.0,0.0,-6.1119141350380355,60.0,FLUX/USDT:USDT,2000
0.12471886113485517,100.12471886113485,0.12471886113485517,3,100.0,0.0,-0.7972857341342448,45.0,NCSKGME2USD/USDT:USDT,117
0.12347813460927466,100.12347813460927,0.12347813460927466,3,100.0,0.0,-0.4029167757963957,27.5,NCSKINTC2USD/USDT:USDT,117
0.12082525393180793,100.12082525393181,0.12082525393180793,7,100.0,0.0,-1.3706200406616786,45.0,NCSISP5002USD/USDT:USDT,2000
0.11815146722680295,100.11815146722681,0.11815146722680295,2,100.0,0.0,-0.09062808760882905,12.500000000000002,NCSKNVDA2USD/USDT:USDT,117
0.11606141475974388,100.11606141475974,0.11606141475974388,7,100.0,0.0,-1.3973126775885656,45.0,NCSI724SP5002USD/USDT:USDT,2000
0.11592580412368778,100.11592580412369,0.11592580412368776,5,100.0,0.0,-2.0600448544023053,59.99999999999999,NCSINASDAQ1002USD/USDT:USDT,2000
0.11531261314846505,100.11531261314846,0.11531261314846507,7,100.0,0.0,-1.596141305213691,50.0,NCSIDOWJONES2USD/USDT:USDT,2000
0.11387732372264693,100.11387732372265,0.11387732372264694,6,100.0,0.0,-2.0456926379954017,45.0,OKB/USDT:USDT,2000
0.11110124250956085,100.11110124250956,0.11110124250956087,3,100.0,0.0,-0.2886065011776565,27.5,NCSKAAPL2USD/USDT:USDT,117
0.10482654228430754,100.10482654228431,0.10482654228430754,2,100.0,0.0,-0.1316335993569146,12.5,NCSKACN2USD/USDT:USDT,117
0.10277629182273017,100.10277629182274,0.10277629182273017,5,100.0,0.0,-4.905922648683658,45.0,APEX/USDT:USDT,2000
0.097262722105355,100.09726272210536,0.097262722105355,2,100.0,0.0,-0.8234424768574105,45.0,NCSKHOOD2USD/USDT:USDT,117
0.09695475180376256,100.09695475180376,0.09695475180376256,4,100.0,0.0,-0.10156079226381863,12.5,NCSKRACE2USD/USDT:USDT,117
0.09377822583067233,100.09377822583068,0.09377822583067233,1,100.0,0.0,-0.288997338027852,27.5,NCSKGOOGL2USD/USDT:USDT,117
0.09127815122997346,100.09127815122997,0.09127815122997346,4,100.0,0.0,-2.070336281783742,60.00000000000001,NCSI724NASDAQ1002USD/USDT:USDT,2000
0.09092723278463079,100.09092723278464,0.09092723278463079,4,100.0,0.0,-8.48690025529287,45.0,KMNO/USDT:USDT,2000
0.08798270845712285,100.08798270845712,0.08798270845712285,6,100.0,0.0,-0.8500883995183027,45.0,SUN/USDT:USDT,2000
0.08577101749034252,100.08577101749034,0.08577101749034252,5,100.0,0.0,-2.542925103496892,50.0,NCSKJPM2USD/USDT:USDT,2000
0.08443979338697702,100.08443979338698,0.08443979338697702,4,100.0,0.0,-1.458269490542053,45.0,AERGO/USDT:USDT,2000
0.08424098006132802,100.08424098006132,0.08424098006132802,4,100.0,0.0,-2.0274321378486175,50.00000000000001,NCSIRUSSELL20002USD/USDT:USDT,2000
0.07463086148040088,100.0746308614804,0.07463086148040088,4,100.0,0.0,-8.833185257006882,45.0,MORPHO/USDT:USDT,2000
0.0705672837714806,100.07056728377148,0.0705672837714806,3,100.0,0.0,-5.687903705449717,45.0,ENSO/USDT:USDT,2000
0.07041785568691393,100.07041785568691,0.07041785568691393,1,100.0,0.0,-0.6192920830885306,45.0,NCSKPLTR2USD/USDT:USDT,117
0.06888112416626338,100.06888112416627,0.06888112416626338,2,100.0,0.0,-0.15510117370902707,17.5,NCSKMSFT2USD/USDT:USDT,117
0.06620464846718796,100.06620464846719,0.06620464846718796,4,100.0,0.0,-4.961116158638814,45.0,LUMIA/USDT:USDT,2000
0.06348703681268462,100.06348703681269,0.06348703681268462,4,100.0,0.0,-3.797555655947708,45.0,BERA/USDT:USDT,2000
0.0601578656785523,100.06015786567855,0.06015786567855231,1,100.0,0.0,-0.16206877596865152,5.0,NCSKXLE2USD/USDT:USDT,117
0.05759551307600126,100.057595513076,0.05759551307600126,3,100.0,0.0,-21.23652490189305,45.0,PUMPCADE/USDT:USDT,2000
0.05564880847227425,100.05564880847227,0.05564880847227424,3,100.0,0.0,-3.4522286981337476,45.0,SAHARA/USDT:USDT,2000
0.053760429047182146,100.05376042904719,0.05376042904718214,2,100.0,0.0,-0.017154163471573197,5.0,NCSIDXY2USD/USDT:USDT,907
0.05039589968981424,100.05039589968982,0.050395899689814234,3,100.0,0.0,-9.738281581559207,45.0,PIXEL/USDT:USDT,2000
0.047985295302305005,100.04798529530231,0.047985295302305005,3,100.0,0.0,-0.05319486857586494,12.5,NCFXUSD2CHF/USDT:USDT,2000
0.04713160318707427,100.04713160318707,0.04713160318707427,3,100.0,0.0,-5.994849958879211,45.0,FET/USDT:USDT,2000
0.045649391804745164,100.04564939180474,0.045649391804745164,3,100.0,0.0,-3.6584742512462647,50.0,CAKE/USDT:USDT,2000
0.043865780187880274,100.04386578018789,0.043865780187880274,3,100.0,0.0,-0.016808771407364816,5.0,NCSKMCD2USD/USDT:USDT,117
0.041287238618801375,100.0412872386188,0.041287238618801375,2,100.0,0.0,-0.15014843638832456,12.5,NCSKXOP2USD/USDT:USDT,117
0.04055685560997254,100.04055685560998,0.04055685560997254,1,100.0,0.0,-0.1969457502608915,17.5,NCSKCSCO2USD/USDT:USDT,117
0.03951224609211727,100.03951224609212,0.03951224609211727,1,100.0,0.0,-0.14000910550780662,17.5,NCSKJNJ2USD/USDT:USDT,117
0.03625481494286238,100.03625481494286,0.03625481494286238,2,100.0,0.0,-0.05090143574196474,12.5,NCSKMETA2USD/USDT:USDT,117
0.03566852946457524,100.03566852946457,0.03566852946457524,3,100.0,0.0,-0.02202279220794081,5.0,NCFXUSDSGD2USD/USDT:USDT,2000
0.03543987517659257,100.03543987517659,0.03543987517659257,2,100.0,0.0,-0.07150911554383965,12.499999999999998,NCFXUSD2JPY/USDT:USDT,2000
0.03159756807264792,100.03159756807264,0.03159756807264792,3,100.0,0.0,-0.3849992212328862,27.500000000000004,TRX/USDT:USDT,2000
0.025874934771265082,100.02587493477127,0.025874934771265085,1,100.0,0.0,-29.988597335680833,55.0,XPIN/USDT:USDT,2000
0.025295902412877914,100.02529590241288,0.025295902412877914,2,100.0,0.0,-0.3305527809992842,27.499999999999996,TRX/USDC:USDC,2000
0.01985721469880397,100.0198572146988,0.01985721469880397,1,100.0,0.0,-0.018542855935175566,5.0,NCFXUSD2CAD/USDT:USDT,2000
0.009562717150752712,100.00956271715076,0.009562717150752712,1,100.0,0.0,-0.020507538209461017,5.0,NCFXEUR2GBP/USDT:USDT,2000
0.0,100.0,0.0,0,0.0,0.0,-0.39298390910121,27.5,NCFXAUD2JPY/USDT:USDT,2000
0.0,100.0,0.0,0,0.0,0.0,-0.6423764530605064,45.0,NCFXAUD2USD/USDT:USDT,2000
0.0,100.0,0.0,0,0.0,0.0,-0.14320415726114183,17.5,NCFXEUR2CAD/USDT:USDT,2000
0.0,100.0,0.0,0,0.0,0.0,-0.05738323574648774,12.5,NCFXEUR2CHF/USDT:USDT,2000
0.0,100.0,0.0,0,0.0,0.0,-0.13362269706947796,17.5,NCFXEUR2JPY/USDT:USDT,2000
0.0,100.0,0.0,0,0.0,0.0,-0.2826944370513019,27.5,NCFXEUR2USD/USDT:USDT,2000
0.0,100.0,0.0,0,0.0,0.0,-0.06337728418150453,12.5,NCFXEURSGD2USD/USDT:USDT,2000
0.0,100.0,0.0,0,0.0,0.0,-0.06019003106222198,12.5,NCFXGBP2CHF/USDT:USDT,2000
0.0,100.0,0.0,0,0.0,0.0,-0.15662308656528137,17.5,NCFXGBP2JPY/USDT:USDT,2000
0.0,100.0,0.0,0,0.0,0.0,-0.3606481570108743,27.500000000000004,NCFXGBP2USD/USDT:USDT,2000
0.0,100.0,0.0,0,0.0,0.0,-0.10171917101362447,17.5,NCFXGBPSGD2USD/USDT:USDT,2000
0.0,100.0,0.0,0,0.0,0.0,-0.7992313707030151,45.0,NCFXNZD2USD/USDT:USDT,2000
0.0,100.0,0.0,0,0.0,0.0,-0.06136950174386194,12.5,NCFXUSDBRL2USD/USDT:USDT,157
