symbol,side,entry_time,exit_time,entry,exit,tp,sl,action,reason,gross_return,net_return,notional,fees_paid,realized_pnl
TA/USDT:USDT,LONG,2025-10-05T09:24:00+00:00,2025-10-05T09:30:00+00:00,0.0733,0.07276493276903796,0.08186107569539272,0.07276493276903796,SL,SL,-0.007299689371924165,-0.017499689371924164,4.5,0.0315,-0.07874860217365874
TA/USDT:USDT,LONG,2025-10-05T09:30:00+00:00,2025-10-05T09:33:00+00:00,0.07155,0.0710267277447317,0.07992235608429271,0.0710267277447317,SL,SL,-0.007313378829745601,-0.0175133788297456,4.5,0.0315,-0.07881020473385521
TA/USDT:USDT,LONG,2025-10-05T09:33:00+00:00,2025-10-05T09:36:00+00:00,0.07042,0.06987196147725086,0.07918861636398608,0.06987196147725086,SL,SL,-0.007782427190416591,-0.01798242719041659,4.5,0.0315,-0.08092092235687466
TA/USDT:USDT,LONG,2025-10-05T09:36:00+00:00,2025-10-05T09:42:00+00:00,0.06975,0.06919546422887582,0.07862257233798708,0.06919546422887582,SL,SL,-0.007950333636189062,-0.01815033363618906,4.5,0.0315,-0.08167650136285078
CUDIS/USDT:USDT,LONG,2025-10-05T10:06:00+00:00,2025-10-05T10:30:00+00:00,0.06236,0.06603,0.06875217867263386,0.06236,TP_PARTIAL,TP50,0.05885182809493276,0.04865182809493276,2.25,0.01575,0.1094666132135987
TA/USDT:USDT,LONG,2025-10-05T09:42:00+00:00,2025-10-05T13:24:00+00:00,0.06851,0.07339,0.07716269757714192,0.06851,TP_PARTIAL,TP50,0.0712304773025835,0.061030477302583507,2.25,0.01575,0.1373185739308129
CUDIS/USDT:USDT,LONG,2025-10-05T10:06:00+00:00,2025-10-05T14:00:00+00:00,0.06236,0.06236,0.06875217867263386,0.06236,SL,SL,0.0,-0.0102,2.25,0.01575,-0.02295
TA/USDT:USDT,LONG,2025-10-05T09:42:00+00:00,2025-10-05T15:06:00+00:00,0.06851,0.07716269757714192,0.07716269757714192,0.06851,TP,TP,0.1262983152407228,0.1160983152407228,2.25,0.01575,0.2612212092916263
NAORIS/USDT:USDT,LONG,2025-10-06T10:18:00+00:00,2025-10-06T10:21:00+00:00,0.07855,0.07795744505380685,0.08803087913909033,0.07795744505380685,SL,SL,-0.007543665769486274,-0.017743665769486276,4.5,0.0315,-0.07984649596268824
NAORIS/USDT:USDT,LONG,2025-10-06T10:21:00+00:00,2025-10-06T10:24:00+00:00,0.07354,0.0727956275499635,0.08544995920058387,0.0727956275499635,SL,SL,-0.01012200775138003,-0.02032200775138003,4.5,0.0315,-0.09144903488121015
NAORIS/USDT:USDT,LONG,2025-10-06T10:24:00+00:00,2025-10-06T10:27:00+00:00,0.06927,0.06841551129639468,0.08294181925768503,0.06841551129639468,SL,SL,-0.01233562442046071,-0.02253562442046071,4.5,0.0315,-0.10141030989207318
NAORIS/USDT:USDT,LONG,2025-10-06T10:27:00+00:00,2025-10-06T10:36:00+00:00,0.06841,0.07545,0.08218183216785038,0.06841,TP_PARTIAL,TP50,0.10290893144277159,0.09270893144277159,2.25,0.01575,0.20859509574623608
NAORIS/USDT:USDT,LONG,2025-10-06T10:27:00+00:00,2025-10-06T10:45:00+00:00,0.06841,0.08218183216785038,0.08218183216785038,0.06841,TP,TP,0.20131314380719756,0.19111314380719754,2.25,0.01575,0.4300045735661945
NAORIS/USDT:USDT,LONG,2025-10-06T10:45:00+00:00,2025-10-06T10:48:00+00:00,0.08258,0.08146384531359012,0.10043847498255801,0.08146384531359012,SL,SL,-0.013516041249816922,-0.02371604124981692,4.5,0.0315,-0.10672218562417614
NAORIS/USDT:USDT,LONG,2025-10-06T10:48:00+00:00,2025-10-06T12:06:00+00:00,0.08041,0.09082,0.09921801248380385,0.08041,TP_PARTIAL,TP50,0.1294615097624674,0.11926150976246738,2.25,0.01575,0.2683383969655516
NAORIS/USDT:USDT,LONG,2025-10-06T10:48:00+00:00,2025-10-06T12:21:00+00:00,0.08041,0.08041,0.09921801248380385,0.08041,SL,SL,0.0,-0.0102,2.25,0.01575,-0.02295
NAORIS/USDT:USDT,LONG,2025-10-06T12:21:00+00:00,2025-10-06T14:33:00+00:00,0.07425,0.08577,0.09442023210351416,0.07425,TP_PARTIAL,TP50,0.15515151515151518,0.14495151515151516,2.25,0.01575,0.3261409090909091
NAORIS/USDT:USDT,LONG,2025-10-06T12:21:00+00:00,2025-10-06T15:48:00+00:00,0.07425,0.09442023210351416,0.09442023210351416,0.07425,TP,TP,0.27165295762308644,0.26145295762308646,2.25,0.01575,0.5882691546519445
NAORIS/USDT:USDT,LONG,2025-10-06T15:48:00+00:00,2025-10-06T15:51:00+00:00,0.09562,0.09483098928382422,0.10824417145881235,0.09483098928382422,SL,SL,-0.008251523908970698,-0.018451523908970698,4.5,0.0315,-0.08303185759036814
NAORIS/USDT:USDT,LONG,2025-10-06T15:51:00+00:00,2025-10-06T16:21:00+00:00,0.09208,0.09121963290640821,0.1058458734974686,0.09121963290640821,SL,SL,-0.009343691285749217,-0.019543691285749218,4.5,0.0315,-0.08794661078587149
NAORIS/USDT:USDT,LONG,2025-10-06T16:21:00+00:00,2025-10-06T16:24:00+00:00,0.08672,0.0854839737634745,0.10649641978440813,0.0854839737634745,SL,SL,-0.014253070070635478,-0.024453070070635477,4.5,0.0315,-0.11003881531785964
NAORIS/USDT:USDT,LONG,2025-10-06T16:24:00+00:00,2025-10-06T16:27:00+00:00,0.08322,0.08194797563751204,0.10357238979980754,0.08194797563751204,SL,SL,-0.015285080058735481,-0.025485080058735482,4.5,0.0315,-0.11468286026430967
NAORIS/USDT:USDT,LONG,2025-10-06T16:27:00+00:00,2025-10-06T23:00:00+00:00,0.08165,0.09297,0.10313721909982129,0.08165,TP_PARTIAL,TP50,0.1386405388854868,0.1284405388854868,2.25,0.01575,0.2889912124923453
NAORIS/USDT:USDT,LONG,2025-10-06T16:27:00+00:00,2025-10-07T02:45:00+00:00,0.08165,0.08618,0.10313721909982129,0.08165,EXIT,mom_reverse,0.0554807103490509,0.0452807103490509,2.25,0.01575,0.10188159828536453
BROCCOLI/USDT:USDT,LONG,2025-10-07T09:00:00+00:00,2025-10-07T09:09:00+00:00,0.0471,0.05204,0.052948328213948986,0.0471,TP_PARTIAL,TP50,0.1048832271762208,0.0946832271762208,2.25,0.01575,0.2130372611464968
BROCCOLI/USDT:USDT,LONG,2025-10-07T09:00:00+00:00,2025-10-07T09:12:00+00:00,0.0471,0.052948328213948986,0.052948328213948986,0.0471,TP,TP,0.12416832726006333,0.11396832726006333,2.25,0.01575,0.25642873633514246
BROCCOLI/USDT:USDT,LONG,2025-10-07T09:12:00+00:00,2025-10-07T09:30:00+00:00,0.0532,0.05267691192777977,0.061569409155523655,0.05267691192777977,SL,SL,-0.009832482560530598,-0.0200324825605306,4.5,0.0315,-0.09014617152238769
BROCCOLI/USDT:USDT,LONG,2025-10-07T09:30:00+00:00,2025-10-07T09:54:00+00:00,0.05194,0.05918,0.06387938933561962,0.05194,TP_PARTIAL,TP50,0.1393916056988834,0.12919160569888338,2.25,0.01575,0.2906811128224876
BROCCOLI/USDT:USDT,LONG,2025-10-07T09:30:00+00:00,2025-10-07T11:12:00+00:00,0.05194,0.06387938933561962,0.06387938933561962,0.05194,TP,TP,0.22986887438620762,0.2196688743862076,2.25,0.01575,0.4942549673689671
BROCCOLI/USDT:USDT,LONG,2025-10-07T11:12:00+00:00,2025-10-07T11:15:00+00:00,0.0654,0.06463377900313999,0.07765953594976005,0.06463377900313999,SL,SL,-0.01171591738318057,-0.02191591738318057,4.5,0.0315,-0.09862162822431257
BROCCOLI/USDT:USDT,LONG,2025-10-07T11:15:00+00:00,2025-10-07T11:36:00+00:00,0.06353,0.06276429478862999,0.07578128338192006,0.06276429478862999,SL,SL,-0.012052655617346296,-0.022252655617346295,4.5,0.0315,-0.10013695027805833
BROCCOLI/USDT:USDT,LONG,2025-10-07T11:36:00+00:00,2025-10-07T12:03:00+00:00,0.0606,0.06812,0.075155456543198,0.0606,TP_PARTIAL,TP50,0.12409240924092407,0.11389240924092407,2.25,0.01575,0.25625792079207915
BROCCOLI/USDT:USDT,LONG,2025-10-07T11:36:00+00:00,2025-10-07T12:42:00+00:00,0.0606,0.0606,0.075155456543198,0.0606,SL,SL,0.0,-0.0102,2.25,0.01575,-0.02295
BROCCOLI/USDT:USDT,LONG,2025-10-07T12:42:00+00:00,2025-10-07T12:51:00+00:00,0.05984,0.0590919013559409,0.0718095783049456,0.0590919013559409,SL,SL,-0.012501648463554484,-0.022701648463554484,4.5,0.0315,-0.10215741808599518
BROCCOLI/USDT:USDT,LONG,2025-10-07T12:51:00+00:00,2025-10-07T13:24:00+00:00,0.05697,0.05621610396465093,0.06903233656558509,0.05621610396465093,SL,SL,-0.013233211082132138,-0.023433211082132137,4.5,0.0315,-0.10544944986959462
BROCCOLI/USDT:USDT,LONG,2025-10-07T13:24:00+00:00,2025-10-07T13:45:00+00:00,0.05587,0.05532266396462804,0.06462737656595138,0.05532266396462804,SL,SL,-0.009796599881366828,-0.019996599881366827,4.5,0.0315,-0.08998469946615072
BROCCOLI/USDT:USDT,LONG,2025-10-07T13:45:00+00:00,2025-10-07T14:12:00+00:00,0.05371,0.05317789029843605,0.06222375522502318,0.05317789029843605,SL,SL,-0.009907088094655533,-0.020107088094655532,4.5,0.0315,-0.09048189642594989
BROCCOLI/USDT:USDT,LONG,2025-10-07T14:12:00+00:00,2025-10-07T14:36:00+00:00,0.0528,0.05235227661185344,0.059963574210345,0.05235227661185344,SL,SL,-0.00847960962398789,-0.01867960962398789,4.5,0.0315,-0.08405824330794551
BROCCOLI/USDT:USDT,LONG,2025-10-07T14:36:00+00:00,2025-10-07T14:39:00+00:00,0.05193,0.05154061828661347,0.058160107414184356,0.05154061828661347,SL,SL,-0.007498203608444534,-0.017698203608444533,4.5,0.0315,-0.0796419162380004
BROCCOLI/USDT:USDT,LONG,2025-10-07T14:39:00+00:00,2025-10-07T15:12:00+00:00,0.05096,0.050564359837569656,0.057290242598885474,0.050564359837569656,SL,SL,-0.007763739451144872,-0.01796373945114487,4.5,0.0315,-0.08083682753015192
BROCCOLI/USDT:USDT,LONG,2025-10-07T15:12:00+00:00,2025-10-07T15:48:00+00:00,0.04921,0.04885198176172262,0.05493829181243803,0.04885198176172262,SL,SL,-0.007275314738414522,-0.017475314738414523,4.5,0.0315,-0.07863891632286535
BROCCOLI/USDT:USDT,LONG,2025-10-07T15:48:00+00:00,2025-10-07T16:24:00+00:00,0.0488,0.04848162431310299,0.05389401099035225,0.04848162431310299,SL,SL,-0.006524091944610946,-0.016724091944610945,4.5,0.0315,-0.07525841375074925
BROCCOLI/USDT:USDT,LONG,2025-10-07T16:24:00+00:00,2025-10-07T19:57:00+00:00,0.04836,0.05128,0.05411975744219464,0.04836,TP_PARTIAL,TP50,0.060380479735318425,0.050180479735318424,2.25,0.01575,0.11290607940446645
BROCCOLI/USDT:USDT,LONG,2025-10-07T16:24:00+00:00,2025-10-07T21:15:00+00:00,0.04836,0.0527,0.05411975744219464,0.04836,EXIT,mom_reverse,0.08974358974358967,0.07954358974358967,2.25,0.01575,0.17897307692307676
BROCCOLI/USDT:USDT,SHORT,2025-10-07T21:51:00+00:00,2025-10-08T00:12:00+00:00,0.04912,0.04912,0.04396318739554115,0.04912,SL,SL,0.0,-0.0102,4.5,0.0315,-0.0459
BROCCOLI/USDT:USDT,LONG,2025-10-08T07:15:00+00:00,2025-10-08T07:18:00+00:00,0.05408,0.05373304240008033,0.05963132159871475,0.05373304240008033,SL,SL,-0.00641563609318919,-0.01661563609318919,4.5,0.0315,-0.07477036241935135
BROCCOLI/USDT:USDT,LONG,2025-10-08T07:18:00+00:00,2025-10-08T07:21:00+00:00,0.05278,0.05241346794293173,0.058644512913092264,0.05241346794293173,SL,SL,-0.0069445255223241666,-0.017144525522324167,4.5,0.0315,-0.07715036485045876
ASP/USDT:USDT,LONG,2025-10-08T07:27:00+00:00,2025-10-08T07:33:00+00:00,0.1189,0.1259,0.13141202594748888,0.1189,TP_PARTIAL,TP50,0.05887300252312873,0.04867300252312873,2.25,0.01575,0.10951425567703964
BROCCOLI/USDT:USDT,LONG,2025-10-08T07:21:00+00:00,2025-10-08T07:48:00+00:00,0.05234,0.05197822023272232,0.05812847627644282,0.05197822023272232,SL,SL,-0.0069121086602536965,-0.017112108660253696,4.5,0.0315,-0.07700448897114164
ASP/USDT:USDT,LONG,2025-10-08T07:27:00+00:00,2025-10-08T07:48:00+00:00,0.1189,0.13141202594748888,0.13141202594748888,0.1189,TP,TP,0.10523150502513771,0.09503150502513771,2.25,0.01575,0.21382088630655985
ASP/USDT:USDT,LONG,2025-10-08T07:48:00+00:00,2025-10-08T07:51:00+00:00,0.14,0.1516,0.16073149173667967,0.14,TP_PARTIAL,TP50,0.08285714285714284,0.07265714285714284,2.25,0.01575,0.1634785714285714
ASP/USDT:USDT,LONG,2025-10-08T07:48:00+00:00,2025-10-08T07:54:00+00:00,0.14,0.16073149173667967,0.16073149173667967,0.14,TP,TP,0.14808208383342608,0.13788208383342607,2.25,0.01575,0.31023468862520864
ASP/USDT:USDT,LONG,2025-10-08T07:54:00+00:00,2025-10-08T08:00:00+00:00,0.1637,0.16188037560475166,0.19281399032397378,0.16188037560475166,SL,SL,-0.011115604124913584,-0.021315604124913585,4.5,0.0315,-0.09592021856211114
ASP/USDT:USDT,LONG,2025-10-08T08:00:00+00:00,2025-10-08T08:03:00+00:00,0.1591,0.15697098712858687,0.19316420594261002,0.15697098712858687,SL,SL,-0.013381601957342061,-0.02358160195734206,4.5,0.0315,-0.10611720880803927
ASP/USDT:USDT,LONG,2025-10-08T08:03:00+00:00,2025-10-08T08:12:00+00:00,0.1392,0.1692,0.17888819123242358,0.1392,TP_PARTIAL,TP50,0.21551724137931036,0.20531724137931034,2.25,0.01575,0.46196379310344826
ASP/USDT:USDT,LONG,2025-10-08T08:03:00+00:00,2025-10-08T08:24:00+00:00,0.1392,0.17888819123242358,0.17888819123242358,0.1392,TP,TP,0.28511631632488216,0.27491631632488217,2.25,0.01575,0.6185617117309848
ASP/USDT:USDT,LONG,2025-10-08T08:24:00+00:00,2025-10-08T08:30:00+00:00,0.1897,0.1861426393066259,0.24661777109398608,0.1861426393066259,SL,SL,-0.01875256032353251,-0.028952560323532512,4.5,0.0315,-0.1302865214558963
BROCCOLI/USDT:USDT,LONG,2025-10-08T07:48:00+00:00,2025-10-08T08:42:00+00:00,0.05152,0.05589,0.056780808902137145,0.05152,TP_PARTIAL,TP50,0.08482142857142855,0.07462142857142855,2.25,0.01575,0.16789821428571422
ASP/USDT:USDT,LONG,2025-10-08T08:30:00+00:00,2025-10-08T08:45:00+00:00,0.1843,0.180341867565407,0.247630118953488,0.180341867565407,SL,SL,-0.02147657316653827,-0.031676573166538276,4.5,0.0315,-0.14254457924942224
ASP/USDT:USDT,LONG,2025-10-08T08:45:00+00:00,2025-10-08T08:48:00+00:00,0.1718,0.1677667433471966,0.23633210644485447,0.1677667433471966,SL,SL,-0.023476464800951148,-0.03367646480095115,4.5,0.0315,-0.15154409160428017
ASP/USDT:USDT,LONG,2025-10-08T08:48:00+00:00,2025-10-08T08:51:00+00:00,0.1613,0.157211975965254,0.22670838455593628,0.157211975965254,SL,SL,-0.025344228361723543,-0.035544228361723544,4.5,0.0315,-0.15994902762775595
BROCCOLI/USDT:USDT,LONG,2025-10-08T07:48:00+00:00,2025-10-08T08:54:00+00:00,0.05152,0.056780808902137145,0.056780808902137145,0.05152,TP,TP,0.102111974032165,0.091911974032165,2.25,0.01575,0.20680194157237125
ASP/USDT:USDT,LONG,2025-10-08T08:51:00+00:00,2025-10-08T09:00:00+00:00,0.1514,0.14723969196773584,0.21796492851622656,0.14723969196773584,SL,SL,-0.02747891698985578,-0.03767891698985578,4.5,0.0315,-0.169555126454351
BROCCOLI/USDT:USDT,LONG,2025-10-08T09:03:00+00:00,2025-10-08T09:06:00+00:00,0.05843,0.05805550325792193,0.0644219478732492,0.05805550325792193,SL,SL,-0.006409322986104304,-0.016609322986104305,4.5,0.0315,-0.07474195343746937
BROCCOLI/USDT:USDT,LONG,2025-10-08T09:06:00+00:00,2025-10-08T09:09:00+00:00,0.05738,0.057006324453784646,0.06335880873944569,0.057006324453784646,SL,SL,-0.006512296030243196,-0.016712296030243195,4.5,0.0315,-0.07520533213609437
ASP/USDT:USDT,LONG,2025-10-08T09:00:00+00:00,2025-10-08T09:12:00+00:00,0.1435,0.1396390281534678,0.2052755495445152,0.1396390281534678,SL,SL,-0.02690572715353447,-0.037105727153534475,4.5,0.0315,-0.16697577219090515
BROCCOLI/USDT:USDT,LONG,2025-10-08T09:09:00+00:00,2025-10-08T09:15:00+00:00,0.05693,0.0565530155642286,0.06296175097234243,0.0565530155642286,SL,SL,-0.006621894181826839,-0.01682189418182684,4.5,0.0315,-0.07569852381822077
ASP/USDT:USDT,LONG,2025-10-08T09:12:00+00:00,2025-10-08T09:21:00+00:00,0.135,0.13142189095926682,0.19224974465173106,0.13142189095926682,SL,SL,-0.026504511412838445,-0.036704511412838446,4.5,0.0315,-0.165170301357773
BROCCOLI/USDT:USDT,LONG,2025-10-08T09:15:00+00:00,2025-10-08T09:24:00+00:00,0.05625,0.05588010015487058,0.06216839752207076,0.05588010015487058,SL,SL,-0.006575997246745327,-0.016775997246745326,4.5,0.0315,-0.07549198761035397
BROCCOLI/USDT:USDT,LONG,2025-10-08T09:27:00+00:00,2025-10-08T10:09:00+00:00,0.05429,0.053935191053812434,0.059966943139001014,0.053935191053812434,SL,SL,-0.006535438316219634,-0.016735438316219636,4.5,0.0315,-0.07530947242298835
ASP/USDT:USDT,LONG,2025-10-08T09:21:00+00:00,2025-10-08T14:21:00+00:00,0.1305,0.1353,0.18364248141394066,0.12717859491162872,EXIT,mom_reverse,0.036781609195402284,0.026581609195402284,4.5,0.0315,0.11961724137931028
NAORIS/USDT:USDT,LONG,2025-10-08T17:33:00+00:00,2025-10-08T17:36:00+00:00,0.09726,0.09660873627799606,0.107680219552063,0.09660873627799606,SL,SL,-0.0066961106519015205,-0.01689611065190152,4.5,0.0315,-0.07603249793355685
NAORIS/USDT:USDT,LONG,2025-10-08T17:36:00+00:00,2025-10-08T17:42:00+00:00,0.09404,0.09329618368671062,0.10594106101262993,0.09329618368671062,SL,SL,-0.007909573727024404,-0.018109573727024403,4.5,0.0315,-0.08149308177160981
NAORIS/USDT:USDT,LONG,2025-10-08T17:42:00+00:00,2025-10-08T17:45:00+00:00,0.0927,0.09169137777068417,0.10883795566905337,0.09169137777068417,SL,SL,-0.010880498698121152,-0.02108049869812115,4.5,0.0315,-0.09486224414154518
NAORIS/USDT:USDT,LONG,2025-10-08T17:45:00+00:00,2025-10-08T18:18:00+00:00,0.08852,0.08736420792992101,0.10701267312126383,0.08736420792992101,SL,SL,-0.013056846702202744,-0.023256846702202745,4.5,0.0315,-0.10465581015991235
NAORIS/USDT:USDT,LONG,2025-10-08T18:18:00+00:00,2025-10-08T18:33:00+00:00,0.08521,0.08427943679552004,0.10009901127167932,0.08427943679552004,SL,SL,-0.01092082155239944,-0.02112082155239944,4.5,0.0315,-0.09504369698579748
NAORIS/USDT:USDT,LONG,2025-10-08T18:33:00+00:00,2025-10-08T22:45:00+00:00,0.08421,0.09147,0.09730126348786151,0.08421,TP_PARTIAL,TP50,0.08621303883149273,0.07601303883149273,2.25,0.01575,0.17102933737085863
GPS/USDT:USDT,LONG,2025-10-09T02:33:00+00:00,2025-10-09T02:36:00+00:00,0.01482,0.014706146122691893,0.016641662036929718,0.014706146122691893,SL,SL,-0.007682447861545677,-0.017882447861545678,4.5,0.0315,-0.08047101537695556
NAORIS/USDT:USDT,LONG,2025-10-08T18:33:00+00:00,2025-10-09T02:45:00+00:00,0.08421,0.08421,0.09730126348786151,0.08421,SL,SL,0.0,-0.0102,2.25,0.01575,-0.02295
GPS/USDT:USDT,LONG,2025-10-09T02:36:00+00:00,2025-10-09T03:00:00+00:00,0.01405,0.01536,0.016101543320006167,0.01405,TP_PARTIAL,TP50,0.09323843416370109,0.08303843416370109,2.25,0.01575,0.18683647686832744
GPS/USDT:USDT,LONG,2025-10-09T02:36:00+00:00,2025-10-09T03:36:00+00:00,0.01405,0.016101543320006167,0.016101543320006167,0.01405,TP,TP,0.14601731814990512,0.1358173181499051,2.25,0.01575,0.3055889658372865
GPS/USDT:USDT,LONG,2025-10-09T03:36:00+00:00,2025-10-09T03:42:00+00:00,0.01612,0.016010929027267938,0.017865135563712994,0.016010929027267938,SL,SL,-0.00676618937543802,-0.01696618937543802,4.5,0.0315,-0.0763478521894711
GPS/USDT:USDT,LONG,2025-10-09T03:42:00+00:00,2025-10-09T04:00:00+00:00,0.01601,0.015907964314327967,0.01764257097075253,0.015907964314327967,SL,SL,-0.00637324707508016,-0.01657324707508016,4.5,0.0315,-0.07457961183786072
GPS/USDT:USDT,LONG,2025-10-09T04:03:00+00:00,2025-10-09T04:06:00+00:00,0.01546,0.015359059671225821,0.017075045260386865,0.015359059671225821,SL,SL,-0.006529128639985691,-0.016729128639985692,4.5,0.0315,-0.07528107887993561
GPS/USDT:USDT,LONG,2025-10-09T04:06:00+00:00,2025-10-09T04:18:00+00:00,0.01502,0.01491234112328112,0.016742542027502087,0.01491234112328112,SL,SL,-0.007167701512575222,-0.01736770151257522,4.5,0.0315,-0.0781546568065885
GPS/USDT:USDT,LONG,2025-10-09T04:18:00+00:00,2025-10-09T04:30:00+00:00,0.01483,0.014726692779623907,0.01648291552601747,0.014726692779623907,SL,SL,-0.006966097125832285,-0.017166097125832284,4.5,0.0315,-0.07724743706624528
GPS/USDT:USDT,LONG,2025-10-09T04:30:00+00:00,2025-10-09T04:33:00+00:00,0.01459,0.014491913980602834,0.01615937631035467,0.014491913980602834,SL,SL,-0.006722825181437071,-0.016922825181437073,4.5,0.0315,-0.07615271331646682
ASP/USDT:USDT,LONG,2025-10-09T04:24:00+00:00,2025-10-09T04:39:00+00:00,0.158,0.15699504227615016,0.17407932358159758,0.15699504227615016,SL,SL,-0.006360491923100266,-0.016560491923100266,4.5,0.0315,-0.0745222136539512
ASP/USDT:USDT,LONG,2025-10-09T04:42:00+00:00,2025-10-09T05:09:00+00:00,0.1503,0.14925167417273813,0.1670732132361898,0.14925167417273813,SL,SL,-0.00697488907027185,-0.01717488907027185,4.5,0.0315,-0.07728700081622332
ASP/USDT:USDT,LONG,2025-10-09T05:09:00+00:00,2025-10-09T05:39:00+00:00,0.1468,0.1565,0.16303859640043156,0.1468,TP_PARTIAL,TP50,0.06607629427792906,0.05587629427792907,2.25,0.01575,0.12572166212534042
ASP/USDT:USDT,LONG,2025-10-09T05:09:00+00:00,2025-10-09T06:15:00+00:00,0.1468,0.16303859640043156,0.16303859640043156,0.1468,TP,TP,0.11061714169231296,0.10041714169231296,2.25,0.01575,0.22593856880770416
ASP/USDT:USDT,LONG,2025-10-09T06:18:00+00:00,2025-10-09T06:45:00+00:00,0.1573,0.1562460137330613,0.17416378027101936,0.1562460137330613,SL,SL,-0.0067004848502142415,-0.016900484850214243,4.5,0.0315,-0.0760521818259641
ASP/USDT:USDT,LONG,2025-10-09T06:45:00+00:00,2025-10-09T06:48:00+00:00,0.156,0.15492058761382443,0.17327059817880885,0.15492058761382443,SL,SL,-0.006919310167792087,-0.017119310167792088,4.5,0.0315,-0.0770368957550644
ASP/USDT:USDT,LONG,2025-10-09T06:48:00+00:00,2025-10-09T07:30:00+00:00,0.1508,0.14966268849855127,0.16899698402317964,0.14966268849855127,SL,SL,-0.007541853457882745,-0.017741853457882744,4.5,0.0315,-0.07983834056047234
ASP/USDT:USDT,LONG,2025-10-09T07:30:00+00:00,2025-10-09T07:33:00+00:00,0.1488,0.14784082062760834,0.16414686995826638,0.14784082062760834,SL,SL,-0.006446097932739582,-0.016646097932739582,4.5,0.0315,-0.07490744069732812
ASP/USDT:USDT,LONG,2025-10-09T07:33:00+00:00,2025-10-09T07:36:00+00:00,0.1478,0.1468364762970649,0.16321637924696164,0.1468364762970649,SL,SL,-0.006519104891306448,-0.016719104891306447,4.5,0.0315,-0.07523597201087902
ASP/USDT:USDT,SHORT,2025-10-09T07:48:00+00:00,2025-10-09T08:42:00+00:00,0.1424,0.12732059748218352,0.12732059748218352,0.1424,TP,TP,0.10589468060264379,0.09569468060264379,4.5,0.0315,0.430626062711897
ASP/USDT:USDT,SHORT,2025-10-09T08:42:00+00:00,2025-10-09T08:48:00+00:00,0.1271,0.1279809348007247,0.11300504318840443,0.1279809348007247,SL,SL,-0.006931036984458763,-0.017131036984458763,4.5,0.0315,-0.07708966643006443
ASP/USDT:USDT,SHORT,2025-10-09T08:48:00+00:00,2025-10-09T09:00:00+00:00,0.128,0.12887407133327794,0.11401485866755282,0.12887407133327794,SL,SL,-0.006828682291233883,-0.017028682291233884,4.5,0.0315,-0.07662907031055248
ASP/USDT:USDT,SHORT,2025-10-09T09:00:00+00:00,2025-10-09T09:09:00+00:00,0.1298,0.13061822239040377,0.11670844175353956,0.13061822239040377,SL,SL,-0.006303716412972051,-0.01650371641297205,4.5,0.0315,-0.07426672385837423
NAORIS/USDT:USDT,LONG,2025-10-09T15:00:00+00:00,2025-10-09T15:18:00+00:00,0.08699,0.08642154429395053,0.09608529129679141,0.08642154429395053,SL,SL,-0.006534724750539882,-0.016734724750539883,4.5,0.0315,-0.07530626137742948
NAORIS/USDT:USDT,LONG,2025-10-09T15:21:00+00:00,2025-10-09T15:27:00+00:00,0.08665,0.08601535793545208,0.09680427303276692,0.08601535793545208,SL,SL,-0.007324201552774694,-0.017524201552774694,4.5,0.0315,-0.07885890698748613
ACE/USDT:USDT,LONG,2025-10-09T18:30:00+00:00,2025-10-09T18:42:00+00:00,0.5188,0.5155150915805017,0.5713585347119735,0.5155150915805017,SL,SL,-0.006331743291245867,-0.016531743291245866,4.5,0.0315,-0.0743928448106064
ACE/USDT:USDT,LONG,2025-10-09T18:42:00+00:00,2025-10-09T18:48:00+00:00,0.5147,0.5109269788793916,0.5750683379297343,0.5109269788793916,SL,SL,-0.00733052481175131,-0.01753052481175131,4.5,0.0315,-0.0788873616528809
ACE/USDT:USDT,LONG,2025-10-09T18:48:00+00:00,2025-10-09T18:54:00+00:00,0.5014,0.4973247930133529,0.5666033117863525,0.4973247930133529,SL,SL,-0.008127656534996091,-0.01832765653499609,4.5,0.0315,-0.08247445440748241
ACE/USDT:USDT,LONG,2025-10-09T18:54:00+00:00,2025-10-09T18:57:00+00:00,0.4907,0.48671321438396253,0.5544885698565999,0.48671321438396253,SL,SL,-0.008124690474908276,-0.018324690474908277,4.5,0.0315,-0.08246110713708725
ACE/USDT:USDT,LONG,2025-10-09T18:57:00+00:00,2025-10-09T19:00:00+00:00,0.4847,0.4806915562136795,0.5488351005811285,0.4806915562136795,SL,SL,-0.008269947980855244,-0.018469947980855245,4.5,0.0315,-0.0831147659138486
ACE/USDT:USDT,LONG,2025-10-09T19:00:00+00:00,2025-10-09T19:06:00+00:00,0.4771,0.47315501648413094,0.5402197362539051,0.47315501648413094,SL,SL,-0.008268672219386045,-0.018468672219386046,4.5,0.0315,-0.08310902498723721
ACE/USDT:USDT,LONG,2025-10-09T19:06:00+00:00,2025-10-09T19:12:00+00:00,0.4693,0.46550493768274553,0.5300209970760712,0.46550493768274553,SL,SL,-0.008086644613795995,-0.018286644613795994,4.5,0.0315,-0.08228990076208198
ACE/USDT:USDT,LONG,2025-10-09T19:12:00+00:00,2025-10-09T19:18:00+00:00,0.4654,0.46174691055297956,0.5238494311523267,0.46174691055297956,SL,SL,-0.007849354205028834,-0.018049354205028834,4.5,0.0315,-0.08122209392262976
ACE/USDT:USDT,LONG,2025-10-09T19:18:00+00:00,2025-10-09T20:48:00+00:00,0.4596,0.487,0.5135560911466491,0.4596,TP_PARTIAL,TP50,0.05961705831157524,0.04941705831157524,2.25,0.01575,0.11118838120104428
ACE/USDT:USDT,LONG,2025-10-09T19:18:00+00:00,2025-10-10T00:33:00+00:00,0.4596,0.4731,0.5135560911466491,0.4596,EXIT,mom_reverse,0.029373368146214125,0.019173368146214124,2.25,0.01575,0.04314007832898178
ASP/USDT:USDT,LONG,2025-10-10T11:18:00+00:00,2025-10-10T11:21:00+00:00,0.1283,0.12742228174935355,0.14234349201034335,0.12742228174935355,SL,SL,-0.006841139911507776,-0.017041139911507776,4.5,0.0315,-0.07668512960178499
ASP/USDT:USDT,LONG,2025-10-10T11:21:00+00:00,2025-10-10T11:24:00+00:00,0.1271,0.126224975910114,0.14110038543817596,0.126224975910114,SL,SL,-0.0068845325718803274,-0.017084532571880327,4.5,0.0315,-0.07688039657346148
ASP/USDT:USDT,LONG,2025-10-10T11:27:00+00:00,2025-10-10T12:30:00+00:00,0.1286,0.1366,0.14247665887271294,0.1286,TP_PARTIAL,TP50,0.062208398133748115,0.052008398133748114,2.25,0.01575,0.11701889580093326
ASP/USDT:USDT,LONG,2025-10-10T11:27:00+00:00,2025-10-10T13:48:00+00:00,0.1286,0.1286,0.14247665887271294,0.1286,SL,SL,0.0,-0.0102,2.25,0.01575,-0.02295
CUDIS/USDT:USDT,LONG,2025-10-10T15:27:00+00:00,2025-10-10T17:06:00+00:00,0.06405,0.06765,0.07062514695205714,0.06405,TP_PARTIAL,TP50,0.056206088992974336,0.046006088992974335,2.25,0.01575,0.10351370023419225
CUDIS/USDT:USDT,LONG,2025-10-10T15:27:00+00:00,2025-10-10T20:51:00+00:00,0.06405,0.06405,0.07062514695205714,0.06405,SL,SL,0.0,-0.0102,2.25,0.01575,-0.02295
TA/USDT:USDT,SHORT,2025-10-10T20:57:00+00:00,2025-10-10T21:00:00+00:00,0.04657,0.046972843872616646,0.04012449803813368,0.046972843872616646,SL,SL,-0.00865028715088352,-0.01885028715088352,4.5,0.0315,-0.08482629217897585
PUMPBTC/USDT:USDT,SHORT,2025-10-10T20:57:00+00:00,2025-10-10T21:00:00+00:00,0.043,0.0432912946331544,0.03833928586952956,0.0432912946331544,SL,SL,-0.006774293794288406,-0.016974293794288407,4.5,0.0315,-0.07638432207429784
PUMPBTC/USDT:USDT,SHORT,2025-10-10T21:00:00+00:00,2025-10-10T21:03:00+00:00,0.04456,0.044877202159357664,0.03948476545027745,0.044877202159357664,SL,SL,-0.007118540380557934,-0.017318540380557933,4.5,0.0315,-0.0779334317125107
TA/USDT:USDT,SHORT,2025-10-10T21:00:00+00:00,2025-10-10T21:06:00+00:00,0.04825,0.04877814073885831,0.03979974817826699,0.04877814073885831,SL,SL,-0.010945922048876915,-0.021145922048876914,4.5,0.0315,-0.09515664921994611
PUMPBTC/USDT:USDT,SHORT,2025-10-10T21:03:00+00:00,2025-10-10T21:06:00+00:00,0.04496,0.04526740200511783,0.04004156791811478,0.04526740200511783,SL,SL,-0.006837233209916104,-0.017037233209916104,4.5,0.0315,-0.07666754944462247
TA/USDT:USDT,SHORT,2025-10-10T21:06:00+00:00,2025-10-10T21:09:00+00:00,0.04927,0.049784835637076814,0.041032629806771026,0.049784835637076814,SL,SL,-0.010449272114406598,-0.0206492721144066,4.5,0.0315,-0.09292172451482969
BROCCOLI/USDT:USDT,SHORT,2025-10-10T21:00:00+00:00,2025-10-10T21:12:00+00:00,0.03037,0.02726058173358661,0.02726058173358661,0.030564338641650837,TP,TP,0.10238453297376986,0.09218453297376986,4.5,0.0315,0.41483039838196434
TST/USDT:USDT,SHORT,2025-10-10T21:00:00+00:00,2025-10-10T21:12:00+00:00,0.02665,0.02386892182523271,0.02386892182523271,0.026823817385922957,TP,TP,0.10435565383742178,0.09415565383742178,4.5,0.0315,0.423700442268398
PUMPBTC/USDT:USDT,SHORT,2025-10-10T21:06:00+00:00,2025-10-10T21:12:00+00:00,0.04543,0.04055431306682086,0.04055431306682086,0.0457347304333237,TP,TP,0.10732306698611348,0.09712306698611348,4.5,0.0315,0.43705380143751066
TA/USDT:USDT,SHORT,2025-10-10T21:09:00+00:00,2025-10-10T21:15:00+00:00,0.05124,0.04256244196343024,0.04256244196343024,0.05124,TP,TP,0.16935124973789545,0.15915124973789543,4.5,0.0315,0.7161806238205295
CUDIS/USDT:USDT,SHORT,2025-10-10T21:09:00+00:00,2025-10-10T21:15:00+00:00,0.05951,0.05348497279299671,0.05348497279299671,0.059886564200437704,TP,TP,0.10124394567305145,0.09104394567305145,4.5,0.0315,0.4096977555287315
PUMPBTC/USDT:USDT,SHORT,2025-10-10T21:12:00+00:00,2025-10-10T21:15:00+00:00,0.03798,0.038437354302202575,0.030662331164758805,0.038437354302202575,SL,SL,-0.01204197741449646,-0.02224197741449646,4.5,0.0315,-0.10008889836523407
TST/USDT:USDT,SHORT,2025-10-10T21:12:00+00:00,2025-10-10T21:18:00+00:00,0.02131,0.016644835752042675,0.016644835752042675,0.02131,TP,TP,0.218919016797622,0.20871901679762198,4.5,0.0315,0.9392355755892989
BROCCOLI/USDT:USDT,SHORT,2025-10-10T21:12:00+00:00,2025-10-10T21:18:00+00:00,0.0255,0.0210297867787632,0.0210297867787632,0.0255,TP,TP,0.17530247926418813,0.1651024792641881,4.5,0.0315,0.7429611566888465
NMR/USDT:USDT,SHORT,2025-10-10T21:15:00+00:00,2025-10-10T21:18:00+00:00,9.166,6.4579180241121055,6.4579180241121055,9.335255123492994,TP,TP,0.2954486118140841,0.2852486118140841,4.5,0.0315,1.2836187531633785
NAORIS/USDT:USDT,SHORT,2025-10-10T21:15:00+00:00,2025-10-10T21:21:00+00:00,0.0371,0.01102615221057605,0.01102615221057605,0.0371,TP,TP,0.702799131790403,0.692599131790403,4.5,0.0315,3.1166960930568135
ACE/USDT:USDT,SHORT,2025-10-10T21:18:00+00:00,2025-10-10T21:21:00+00:00,0.122,0.1301705483374496,-0.008728773399193451,0.1301705483374496,SL,SL,-0.06697170768401309,-0.07717170768401309,4.5,0.0315,-0.3472726845780589
NMR/USDT:USDT,SHORT,2025-10-10T21:18:00+00:00,2025-10-10T21:21:00+00:00,4.506,4.76385832895778,0.38026673667552746,4.76385832895778,SL,SL,-0.05722555014597865,-0.06742555014597866,4.5,0.0315,-0.30341497565690395
TST/USDT:USDT,SHORT,2025-10-10T21:18:00+00:00,2025-10-10T21:24:00+00:00,0.00848,0.00848,-0.0005577793770652449,0.00848,SL,SL,0.0,-0.0102,4.5,0.0315,-0.0459
NAORIS/USDT:USDT,SHORT,2025-10-10T21:21:00+00:00,2025-10-10T21:24:00+00:00,0.00912,0.011353632741203013,-0.026618123859248204,0.011353632741203013,SL,SL,-0.24491587074594443,-0.25511587074594444,4.5,0.0315,-1.14802141835675
NMR/USDT:USDT,SHORT,2025-10-10T21:21:00+00:00,2025-10-10T21:24:00+00:00,4.967,5.222039876889366,0.8863619697701317,5.222039876889366,SL,SL,-0.05134686468479293,-0.06154686468479293,4.5,0.0315,-0.2769608910815682
BROCCOLI/USDT:USDT,SHORT,2025-10-10T21:21:00+00:00,2025-10-10T21:27:00+00:00,0.00775,0.00837321324815637,-0.002221411970501911,0.00837321324815637,SL,SL,-0.08041461266533802,-0.09061461266533802,4.5,0.0315,-0.40776575699402107
ACE/USDT:USDT,SHORT,2025-10-10T21:24:00+00:00,2025-10-10T21:27:00+00:00,0.1507,0.1592826666787193,0.013377333140491388,0.1592826666787193,SL,SL,-0.05695200184949762,-0.06715200184949763,4.5,0.0315,-0.30218400832273934
VOXEL/USDT:USDT,SHORT,2025-10-10T21:24:00+00:00,2025-10-10T21:27:00+00:00,0.01625,0.01721291122346369,0.0008434204245809686,0.01721291122346369,SL,SL,-0.05925607529007316,-0.06945607529007317,4.5,0.0315,-0.31255233880532923
NAORIS/USDT:USDT,SHORT,2025-10-10T21:24:00+00:00,2025-10-10T21:30:00+00:00,0.01731,0.01960287325968851,-0.019375972155016193,0.01960287325968851,SL,SL,-0.13245946040950382,-0.14265946040950384,4.5,0.0315,-0.6419675718427673
VOXEL/USDT:USDT,SHORT,2025-10-10T21:27:00+00:00,2025-10-10T21:30:00+00:00,0.01791,0.018901203278930568,0.002050747537110896,0.018901203278930568,SL,SL,-0.055343566662790014,-0.06554356666279001,4.5,0.0315,-0.2949460499825551
ACE/USDT:USDT,SHORT,2025-10-10T21:27:00+00:00,2025-10-10T21:30:00+00:00,0.1783,0.18690604763023932,0.04060323791617054,0.18690604763023932,SL,SL,-0.04826723292338384,-0.05846723292338384,4.5,0.0315,-0.26310254815522727
NAORIS/USDT:USDT,SHORT,2025-10-10T21:30:00+00:00,2025-10-10T21:33:00+00:00,0.02434,0.026627502963711015,-0.012260047419376204,0.026627502963711015,SL,SL,-0.09398122283118382,-0.10418122283118382,4.5,0.0315,-0.4688155027403272
BROCCOLI/USDT:USDT,SHORT,2025-10-10T21:30:00+00:00,2025-10-10T21:33:00+00:00,0.01234,0.013082076715087298,0.00046677255860324424,0.013082076715087298,SL,SL,-0.060135876425226734,-0.07033587642522673,4.5,0.0315,-0.3165114439135203
TST/USDT:USDT,SHORT,2025-10-10T21:30:00+00:00,2025-10-10T21:33:00+00:00,0.01149,0.012242379712861113,-0.0005480754057778144,0.012242379712861113,SL,SL,-0.06548126308625875,-0.07568126308625875,4.5,0.0315,-0.3405656838881644
TST/USDT:USDT,SHORT,2025-10-10T21:33:00+00:00,2025-10-10T21:36:00+00:00,0.0123,0.013133852590513891,-0.0010416414482222556,0.013133852590513891,SL,SL,-0.0677928935377147,-0.0779928935377147,4.5,0.0315,-0.35096802091971613
GPS/USDT:USDT,SHORT,2025-10-10T21:36:00+00:00,2025-10-10T21:39:00+00:00,0.00576,0.006011295902266224,0.0017392655637404166,0.006011295902266224,SL,SL,-0.04362776081010831,-0.05382776081010831,4.5,0.0315,-0.2422249236454874
NAORIS/USDT:USDT,SHORT,2025-10-10T21:33:00+00:00,2025-10-10T21:42:00+00:00,0.0321,0.03442896703773165,-0.005163472603706483,0.03442896703773165,SL,SL,-0.0725534902720141,-0.0827534902720141,4.5,0.0315,-0.37239070622406345
TST/USDT:USDT,SHORT,2025-10-10T21:39:00+00:00,2025-10-10T21:42:00+00:00,0.01527,0.0161352504479431,0.001425992832910403,0.0161352504479431,SL,SL,-0.05666342160727564,-0.06686342160727564,4.5,0.0315,-0.3008853972327404
TA/USDT:USDT,SHORT,2025-10-10T21:15:00+00:00,2025-10-10T21:45:00+00:00,0.03454,0.03454,0.019526717815406686,0.03454,SL,SL,0.0,-0.0102,4.5,0.0315,-0.0459
BROCCOLI/USDT:USDT,SHORT,2025-10-10T21:33:00+00:00,2025-10-10T21:45:00+00:00,0.01596,0.016796928378295346,0.002569145947274438,0.016796928378295346,SL,SL,-0.052439121447076895,-0.0626391214470769,4.5,0.0315,-0.28187604651184606
NAORIS/USDT:USDT,SHORT,2025-10-10T21:42:00+00:00,2025-10-10T21:45:00+00:00,0.0386,0.04123217878348996,-0.0035148605358393398,0.04123217878348996,SL,SL,-0.0681911601940404,-0.0783911601940404,4.5,0.0315,-0.35276022087318176
NAORIS/USDT:USDT,SHORT,2025-10-10T21:45:00+00:00,2025-10-10T21:48:00+00:00,0.04185,0.04440666601324068,0.0009433437881491771,0.04440666601324068,SL,SL,-0.06109118311208312,-0.07129118311208313,4.5,0.0315,-0.3208103240043741
TST/USDT:USDT,SHORT,2025-10-10T21:42:00+00:00,2025-10-10T21:51:00+00:00,0.01757,0.018435803987375734,0.0037171362019882293,0.018435803987375734,SL,SL,-0.04927740394853359,-0.05947740394853359,4.5,0.0315,-0.26764831776840114
BROCCOLI/USDT:USDT,SHORT,2025-10-10T21:45:00+00:00,2025-10-10T21:51:00+00:00,0.01739,0.018164184074669236,0.005003054805292204,0.018164184074669236,SL,SL,-0.04451892321272207,-0.05471892321272207,4.5,0.0315,-0.24623515445724933
BROCCOLI/USDT:USDT,SHORT,2025-10-10T21:51:00+00:00,2025-10-10T21:54:00+00:00,0.01834,0.01906667912560766,0.006713133990277457,0.01906667912560766,SL,SL,-0.03962263498406001,-0.04982263498406001,4.5,0.0315,-0.22420185742827006
ACE/USDT:USDT,SHORT,2025-10-10T21:51:00+00:00,2025-10-10T21:54:00+00:00,0.2783,0.28637256015911633,0.1491390374541389,0.28637256015911633,SL,SL,-0.02900668400688587,-0.03920668400688587,4.5,0.0315,-0.17643007803098643
NAORIS/USDT:USDT,SHORT,2025-10-10T21:48:00+00:00,2025-10-10T22:00:00+00:00,0.04643,0.04894761844086634,0.006148104946138523,0.04894761844086634,SL,SL,-0.0542239595275973,-0.0644239595275973,4.5,0.0315,-0.28990781787418785
TST/USDT:USDT,SHORT,2025-10-10T21:57:00+00:00,2025-10-10T22:06:00+00:00,0.01877,0.019631312120479374,0.004989006072330009,0.019631312120479374,SL,SL,-0.04588769954605094,-0.05608769954605094,4.5,0.0315,-0.2523946479572292
BROCCOLI/USDT:USDT,SHORT,2025-10-10T21:54:00+00:00,2025-10-10T22:15:00+00:00,0.01928,0.02002077347377854,0.007427624419543352,0.02002077347377854,SL,SL,-0.038421860673160835,-0.048621860673160835,4.5,0.0315,-0.21879837302922375
TST/USDT:USDT,SHORT,2025-10-10T22:18:00+00:00,2025-10-10T22:42:00+00:00,0.01794,0.018728572435114256,0.005322841038171948,0.018728572435114256,SL,SL,-0.043956100062110086,-0.05415610006211009,4.5,0.0315,-0.2437024502794954
ACE/USDT:USDT,SHORT,2025-10-10T22:00:00+00:00,2025-10-10T22:45:00+00:00,0.2871,0.29426626627900093,0.17243973953598515,0.29426626627900093,SL,SL,-0.024960871748522847,-0.03516087174852285,4.5,0.0315,-0.15822392286835282
PUMPBTC/USDT:USDT,SHORT,2025-10-10T22:42:00+00:00,2025-10-10T22:51:00+00:00,0.03074,0.03205406081285356,0.009715026994343071,0.03205406081285356,SL,SL,-0.0427475866250344,-0.052947586625034404,4.5,0.0315,-0.23826413981265482
NAORIS/USDT:USDT,SHORT,2025-10-10T22:00:00+00:00,2025-10-10T22:54:00+00:00,0.05104,0.0534092994140354,0.01313120937543373,0.0534092994140354,SL,SL,-0.04642044306495679,-0.05662044306495679,4.5,0.0315,-0.25479199379230555
BROCCOLI/USDT:USDT,SHORT,2025-10-10T22:15:00+00:00,2025-10-10T22:54:00+00:00,0.02079,0.021460680317244192,0.01005911492409294,0.021460680317244192,SL,SL,-0.03225975551920118,-0.042459755519201184,4.5,0.0315,-0.19106889983640532
BROCCOLI/USDT:USDT,SHORT,2025-10-10T22:54:00+00:00,2025-10-10T22:57:00+00:00,0.02156,0.021945320541116257,0.015394871342139883,0.021945320541116257,SL,SL,-0.017872010255856097,-0.028072010255856098,4.5,0.0315,-0.12632404615135245
PUMPBTC/USDT:USDT,SHORT,2025-10-10T22:54:00+00:00,2025-10-10T22:57:00+00:00,0.03201,0.033160361460743186,0.013604216628108918,0.033160361460743186,SL,SL,-0.03593756515911244,-0.046137565159112444,4.5,0.0315,-0.207619043216006
BROCCOLI/USDT:USDT,SHORT,2025-10-10T22:57:00+00:00,2025-10-10T23:15:00+00:00,0.02245,0.022829440502465097,0.016378951960558465,0.022829440502465097,SL,SL,-0.016901581401563275,-0.027101581401563275,4.5,0.0315,-0.12195711630703474
ACE/USDT:USDT,SHORT,2025-10-10T23:15:00+00:00,2025-10-10T23:21:00+00:00,0.2965,0.2994075577245527,0.24997907640715689,0.2994075577245527,SL,SL,-0.009806265512825298,-0.0200062655128253,4.5,0.0315,-0.09002819480771385
GPS/USDT:USDT,SHORT,2025-10-10T21:45:00+00:00,2025-10-10T23:33:00+00:00,0.00801,0.008270759875101638,0.003837841998373795,0.008270759875101638,SL,SL,-0.03255429152330063,-0.04275429152330063,4.5,0.0315,-0.19239431185485284
BROCCOLI/USDT:USDT,SHORT,2025-10-10T23:18:00+00:00,2025-10-10T23:33:00+00:00,0.02316,0.023454396496965128,0.018449656048557934,0.023454396496965128,SL,SL,-0.012711420421637636,-0.022911420421637636,4.5,0.0315,-0.10310139189736936
TA/USDT:USDT,SHORT,2025-10-10T21:48:00+00:00,2025-10-10T23:36:00+00:00,0.03565,0.03693033536069462,0.015164634228886024,0.03693033536069462,SL,SL,-0.03591403536310296,-0.04611403536310296,4.5,0.0315,-0.20751315913396334
NAORIS/USDT:USDT,SHORT,2025-10-10T22:57:00+00:00,2025-10-10T23:36:00+00:00,0.05319,0.05480694032090058,0.02731895486559074,0.05480694032090058,SL,SL,-0.03039932921414892,-0.04059932921414892,4.5,0.0315,-0.18269698146367014
GPS/USDT:USDT,SHORT,2025-10-10T23:33:00+00:00,2025-10-10T23:36:00+00:00,0.00828,0.008350002584327793,0.007159958650755286,0.008350002584327793,SL,SL,-0.008454418397076576,-0.018654418397076575,4.5,0.0315,-0.08394488278684459
NAORIS/USDT:USDT,SHORT,2025-10-10T23:36:00+00:00,2025-10-11T00:21:00+00:00,0.05493,0.05590676010980597,0.03930183824310448,0.05590676010980597,SL,SL,-0.017781906240778626,-0.027981906240778627,4.5,0.0315,-0.12591857808350382
TST/USDT:USDT,SHORT,2025-10-11T00:18:00+00:00,2025-10-11T00:21:00+00:00,0.01925,0.019509220407312733,0.015102473482996261,0.019509220407312733,SL,SL,-0.013465995185077045,-0.023665995185077046,4.5,0.0315,-0.10649697833284671
TST/USDT:USDT,SHORT,2025-10-11T00:21:00+00:00,2025-10-11T00:27:00+00:00,0.01958,0.019830990378218966,0.015564153948496529,0.019830990378218966,SL,SL,-0.012818711860008483,-0.023018711860008482,4.5,0.0315,-0.10358420337003817
NAORIS/USDT:USDT,SHORT,2025-10-11T00:21:00+00:00,2025-10-11T00:27:00+00:00,0.05966,0.06087766573602516,0.040177348223597406,0.06087766573602516,SL,SL,-0.020410086088252836,-0.030610086088252837,4.5,0.0315,-0.13774538739713776
TST/USDT:USDT,SHORT,2025-10-11T00:27:00+00:00,2025-10-11T00:45:00+00:00,0.02043,0.020668149866933702,0.01661960212906078,0.020668149866933702,SL,SL,-0.011656870628179241,-0.02185687062817924,4.5,0.0315,-0.09835591782680658
NAORIS/USDT:USDT,SHORT,2025-10-11T00:27:00+00:00,2025-10-11T00:48:00+00:00,0.06122,0.06244461484381761,0.041626162498918165,0.06244461484381761,SL,SL,-0.020003509373041684,-0.030203509373041684,4.5,0.0315,-0.13591579217868757
NAORIS/USDT:USDT,SHORT,2025-10-11T00:48:00+00:00,2025-10-11T00:54:00+00:00,0.06332,0.06429367552664544,0.047741191573672855,0.06429367552664544,SL,SL,-0.015377061381008255,-0.025577061381008254,4.5,0.0315,-0.11509677621453715
GPS/USDT:USDT,SHORT,2025-10-10T23:36:00+00:00,2025-10-11T01:12:00+00:00,0.00838,0.008450573828304381,0.007250818747129909,0.008450573828304381,SL,SL,-0.008421697888350932,-0.01862169788835093,4.5,0.0315,-0.08379764049757919
BROCCOLI/USDT:USDT,SHORT,2025-10-10T23:33:00+00:00,2025-10-11T01:30:00+00:00,0.02351,0.02351,0.01983374488166616,0.02351,SL,SL,0.0,-0.0102,4.5,0.0315,-0.0459
BROCCOLI/USDT:USDT,SHORT,2025-10-11T02:03:00+00:00,2025-10-11T02:06:00+00:00,0.02322,0.023366782949302348,0.020871472811162455,0.023366782949302348,SL,SL,-0.006321401778740164,-0.016521401778740164,4.5,0.0315,-0.07434630800433074
BROCCOLI/USDT:USDT,SHORT,2025-10-11T02:06:00+00:00,2025-10-11T02:12:00+00:00,0.02384,0.02399215559578075,0.021405510467507993,0.02399215559578075,SL,SL,-0.006382365594830063,-0.016582365594830062,4.5,0.0315,-0.07462064517673528
TST/USDT:USDT,SHORT,2025-10-11T00:45:00+00:00,2025-10-11T02:18:00+00:00,0.0208,0.020991575237845252,0.01773479619447596,0.020991575237845252,SL,SL,-0.009210347973329485,-0.019410347973329484,4.5,0.0315,-0.08734656587998268
NAORIS/USDT:USDT,SHORT,2025-10-11T00:54:00+00:00,2025-10-11T02:21:00+00:00,0.06542,0.06641905185715857,0.04943517028546282,0.06641905185715857,SL,SL,-0.015271352142442175,-0.025471352142442175,4.5,0.0315,-0.11462108464098979
NAORIS/USDT:USDT,SHORT,2025-10-11T02:21:00+00:00,2025-10-11T02:24:00+00:00,0.06685,0.06740312711145711,0.05799996621668633,0.06740312711145711,SL,SL,-0.008274152751789197,-0.018474152751789197,4.5,0.0315,-0.0831336873830514
NAORIS/USDT:USDT,SHORT,2025-10-11T02:24:00+00:00,2025-10-11T02:27:00+00:00,0.06745,0.06798376088921017,0.0589098257726373,0.06798376088921017,SL,SL,-0.007913430529431756,-0.018113430529431755,4.5,0.0315,-0.0815104373824429
TA/USDT:USDT,SHORT,2025-10-10T23:36:00+00:00,2025-10-11T02:30:00+00:00,0.03775,0.03847550248107117,0.026141960302861207,0.03847550248107117,SL,SL,-0.01921860877009727,-0.02941860877009727,4.5,0.0315,-0.13238373946543772
TA/USDT:USDT,SHORT,2025-10-11T02:30:00+00:00,2025-10-11T02:33:00+00:00,0.03915,0.03941594874640883,0.03489482005745873,0.03941594874640883,SL,SL,-0.006793071428067243,-0.016993071428067243,4.5,0.0315,-0.0764688214263026
NAORIS/USDT:USDT,SHORT,2025-10-11T02:27:00+00:00,2025-10-11T02:42:00+00:00,0.0684,0.0689247779685523,0.06000355250316321,0.0689247779685523,SL,SL,-0.007672192522694414,-0.017872192522694414,4.5,0.0315,-0.08042486635212487
NAORIS/USDT:USDT,SHORT,2025-10-11T02:42:00+00:00,2025-10-11T03:15:00+00:00,0.0691,0.06495,0.059458743937713776,0.06970257850389289,EXIT,mom_reverse,0.06005788712011579,0.04985788712011579,4.5,0.0315,0.22436049204052105
CUDIS/USDT:USDT,SHORT,2025-10-11T01:06:00+00:00,2025-10-11T03:18:00+00:00,0.04642,0.04554,0.040896733589632084,0.04642,EXIT,mom_reverse,0.018957345971564104,0.008757345971564103,4.5,0.0315,0.039408056872038466
TA/USDT:USDT,SHORT,2025-10-11T02:33:00+00:00,2025-10-11T03:18:00+00:00,0.04029,0.04004,0.03548504719621168,0.04059030955023677,EXIT,mom_reverse,0.006205013651030038,-0.003994986348969963,4.5,0.0315,-0.017977438570364834
NAORIS/USDT:USDT,LONG,2025-10-11T03:15:00+00:00,2025-10-11T03:27:00+00:00,0.06495,0.06449718551194457,0.07219503180888691,0.06449718551194457,SL,SL,-0.006971739615941883,-0.017171739615941883,4.5,0.0315,-0.07727282827173847
NAORIS/USDT:USDT,LONG,2025-10-11T03:27:00+00:00,2025-10-11T03:30:00+00:00,0.06413,0.06371699889126013,0.07073801773983808,0.06371699889126013,SL,SL,-0.00644006095025533,-0.01664006095025533,4.5,0.0315,-0.07488027427614899
NAORIS/USDT:USDT,LONG,2025-10-11T03:30:00+00:00,2025-10-11T03:33:00+00:00,0.06347,0.06306057039902725,0.07002087361556392,0.06306057039902725,SL,SL,-0.006450757853674912,-0.01665075785367491,4.5,0.0315,-0.0749284103415371
NAORIS/USDT:USDT,LONG,2025-10-11T03:33:00+00:00,2025-10-11T03:36:00+00:00,0.06299,0.06258238679909674,0.06951181121445221,0.06258238679909674,SL,SL,-0.006471077963220628,-0.016671077963220628,4.5,0.0315,-0.07501985083449282
VELVET/USDT:USDT,LONG,2025-10-11T07:27:00+00:00,2025-10-11T07:30:00+00:00,0.18402,0.18271551073259956,0.20489182827840682,0.18271551073259956,SL,SL,-0.007088845057061337,-0.01728884505706134,4.5,0.0315,-0.07779980275677603
VELVET/USDT:USDT,LONG,2025-10-11T07:30:00+00:00,2025-10-11T07:36:00+00:00,0.18034,0.17902775996598533,0.20133584054423492,0.17902775996598533,SL,SL,-0.007276477952837265,-0.017476477952837265,4.5,0.0315,-0.0786441507877677
VELVET/USDT:USDT,LONG,2025-10-11T07:36:00+00:00,2025-10-11T09:00:00+00:00,0.1773,0.18916,0.19784225026518215,0.1773,TP_PARTIAL,TP50,0.06689227298364343,0.05669227298364344,2.25,0.01575,0.12755761421319775
VELVET/USDT:USDT,LONG,2025-10-11T07:36:00+00:00,2025-10-11T13:30:00+00:00,0.1773,0.1773,0.19784225026518215,0.1773,SL,SL,0.0,-0.0102,2.25,0.01575,-0.02295
