error,elapsed_sec,score,param,value,stage_idx,stage_mode
"ValueError(""could not convert string to float: ''"")",0.016332626342773438,-1e+30,baseline,baseline,,
"ValueError(""could not convert string to float: ''"")",0.07117748260498047,-1e+30,strategy_params_long.tpPercent,0.28,1,rays
"ValueError(""could not convert string to float: ''"")",0.00034880638122558594,-1e+30,strategy_params_long.tpPercent,0.30000000000000004,1,rays
"ValueError(""could not convert string to float: ''"")",0.00021338462829589844,-1e+30,strategy_params_long.tpPercent,0.32,1,rays
"ValueError(""could not convert string to float: ''"")",9.870529174804688e-05,-1e+30,strategy_params_long.tpPercent,0.34,1,rays
"ValueError(""could not convert string to float: ''"")",0.00010561943054199219,-1e+30,strategy_params_long.tpPercent,0.36000000000000004,1,rays
"ValueError(""could not convert string to float: ''"")",8.630752563476562e-05,-1e+30,strategy_params_long.tpPercent,0.38,1,rays
"ValueError(""could not convert string to float: ''"")",8.58306884765625e-05,-1e+30,strategy_params_long.tpPercent,0.4,1,rays
"ValueError(""could not convert string to float: ''"")",0.00021386146545410156,-1e+30,strategy_params_short.tpPercent,0.17,2,rays
"ValueError(""could not convert string to float: ''"")",0.0001614093780517578,-1e+30,strategy_params_short.tpPercent,0.19,2,rays
"ValueError(""could not convert string to float: ''"")",0.00015425682067871094,-1e+30,strategy_params_short.tpPercent,0.21000000000000002,2,rays
"ValueError(""could not convert string to float: ''"")",0.00026488304138183594,-1e+30,strategy_params_short.tpPercent,0.23,2,rays
"ValueError(""could not convert string to float: ''"")",0.00013685226440429688,-1e+30,strategy_params_short.tpPercent,0.25,2,rays
"ValueError(""could not convert string to float: ''"")",9.107589721679688e-05,-1e+30,strategy_params_short.tpPercent,0.27,2,rays
"ValueError(""could not convert string to float: ''"")",0.00012612342834472656,-1e+30,strategy_params_short.tpPercent,0.29000000000000004,2,rays
"ValueError(""could not convert string to float: ''"")",0.00020313262939453125,-1e+30,strategy_params_long.subSellTPPercent,0.41000000000000003,3,rays
"ValueError(""could not convert string to float: ''"")",0.0001552104949951172,-1e+30,strategy_params_long.subSellTPPercent,0.45,3,rays
"ValueError(""could not convert string to float: ''"")",0.00015926361083984375,-1e+30,strategy_params_long.subSellTPPercent,0.49000000000000005,3,rays
"ValueError(""could not convert string to float: ''"")",0.00021910667419433594,-1e+30,strategy_params_long.subSellTPPercent,0.51,3,rays
"ValueError(""could not convert string to float: ''"")",0.0002219676971435547,-1e+30,strategy_params_long.subSellTPPercent,0.53,3,rays
"ValueError(""could not convert string to float: ''"")",0.00023555755615234375,-1e+30,strategy_params_long.subSellTPPercent,0.55,3,rays
"ValueError(""could not convert string to float: ''"")",0.00015616416931152344,-1e+30,strategy_params_long.subSellTPPercent,0.5700000000000001,3,rays
"ValueError(""could not convert string to float: ''"")",0.00017714500427246094,-1e+30,strategy_params_long.subSellTPPercent,0.61,3,rays
"ValueError(""could not convert string to float: ''"")",9.393692016601562e-05,-1e+30,strategy_params_long.subSellTPPercent,0.65,3,rays
"ValueError(""could not convert string to float: ''"")",0.0003135204315185547,-1e+30,strategy_params_short.subSellTPPercent,0.5,4,rays
"ValueError(""could not convert string to float: ''"")",0.0002567768096923828,-1e+30,strategy_params_short.subSellTPPercent,0.54,4,rays
"ValueError(""could not convert string to float: ''"")",9.369850158691406e-05,-1e+30,strategy_params_short.subSellTPPercent,0.58,4,rays
"ValueError(""could not convert string to float: ''"")",9.489059448242188e-05,-1e+30,strategy_params_short.subSellTPPercent,0.6,4,rays
"ValueError(""could not convert string to float: ''"")",0.0001423358917236328,-1e+30,strategy_params_short.subSellTPPercent,0.62,4,rays
"ValueError(""could not convert string to float: ''"")",0.00014400482177734375,-1e+30,strategy_params_short.subSellTPPercent,0.64,4,rays
"ValueError(""could not convert string to float: ''"")",0.0002391338348388672,-1e+30,strategy_params_short.subSellTPPercent,0.66,4,rays
"ValueError(""could not convert string to float: ''"")",9.250640869140625e-05,-1e+30,strategy_params_short.subSellTPPercent,0.7,4,rays
"ValueError(""could not convert string to float: ''"")",0.00012183189392089844,-1e+30,strategy_params_short.subSellTPPercent,0.74,4,rays
"ValueError(""could not convert string to float: ''"")",0.00019359588623046875,-1e+30,strategy_params_long.callbackPercent,0.024999999999999994,5,rays
"ValueError(""could not convert string to float: ''"")",0.0001862049102783203,-1e+30,strategy_params_long.callbackPercent,0.034999999999999996,5,rays
"ValueError(""could not convert string to float: ''"")",0.00017547607421875,-1e+30,strategy_params_long.callbackPercent,0.045,5,rays
"ValueError(""could not convert string to float: ''"")",0.00017571449279785156,-1e+30,strategy_params_long.callbackPercent,0.0525,5,rays
"ValueError(""could not convert string to float: ''"")",9.131431579589844e-05,-1e+30,strategy_params_long.callbackPercent,0.06,5,rays
"ValueError(""could not convert string to float: ''"")",0.00010442733764648438,-1e+30,strategy_params_long.callbackPercent,0.0675,5,rays
"ValueError(""could not convert string to float: ''"")",8.940696716308594e-05,-1e+30,strategy_params_long.callbackPercent,0.075,5,rays
"ValueError(""could not convert string to float: ''"")",8.654594421386719e-05,-1e+30,strategy_params_long.callbackPercent,0.08499999999999999,5,rays
"ValueError(""could not convert string to float: ''"")",8.606910705566406e-05,-1e+30,strategy_params_long.callbackPercent,0.095,5,rays
"ValueError(""could not convert string to float: ''"")",0.0003476142883300781,-1e+30,strategy_params_short.callbackPercent,0.075,6,rays
"ValueError(""could not convert string to float: ''"")",0.0003674030303955078,-1e+30,strategy_params_short.callbackPercent,0.08499999999999999,6,rays
"ValueError(""could not convert string to float: ''"")",0.0003981590270996094,-1e+30,strategy_params_short.callbackPercent,0.095,6,rays
"ValueError(""could not convert string to float: ''"")",0.00035452842712402344,-1e+30,strategy_params_short.callbackPercent,0.10250000000000001,6,rays
"ValueError(""could not convert string to float: ''"")",0.0002899169921875,-1e+30,strategy_params_short.callbackPercent,0.11,6,rays
"ValueError(""could not convert string to float: ''"")",0.0002484321594238281,-1e+30,strategy_params_short.callbackPercent,0.1175,6,rays
"ValueError(""could not convert string to float: ''"")",0.00029778480529785156,-1e+30,strategy_params_short.callbackPercent,0.125,6,rays
"ValueError(""could not convert string to float: ''"")",0.0003495216369628906,-1e+30,strategy_params_short.callbackPercent,0.135,6,rays
"ValueError(""could not convert string to float: ''"")",0.000278472900390625,-1e+30,strategy_params_short.callbackPercent,0.14500000000000002,6,rays
"ValueError(""could not convert string to float: ''"")",0.00019621849060058594,-1e+30,strategy_params_long.linearDropPercent,0.024614999999999998,7,rays
"ValueError(""could not convert string to float: ''"")",9.202957153320312e-05,-1e+30,strategy_params_long.linearDropPercent,0.034615,7,rays
"ValueError(""could not convert string to float: ''"")",8.869171142578125e-05,-1e+30,strategy_params_long.linearDropPercent,0.039615,7,rays
"ValueError(""could not convert string to float: ''"")",8.797645568847656e-05,-1e+30,strategy_params_long.linearDropPercent,0.044615,7,rays
"ValueError(""could not convert string to float: ''"")",9.202957153320312e-05,-1e+30,strategy_params_long.linearDropPercent,0.049615,7,rays
"ValueError(""could not convert string to float: ''"")",8.606910705566406e-05,-1e+30,strategy_params_long.linearDropPercent,0.054615,7,rays
"ValueError(""could not convert string to float: ''"")",8.606910705566406e-05,-1e+30,strategy_params_long.linearDropPercent,0.059615,7,rays
"ValueError(""could not convert string to float: ''"")",0.00019598007202148438,-1e+30,strategy_params_long.linearDropPercent,0.064615,7,rays
"ValueError(""could not convert string to float: ''"")",0.0002067089080810547,-1e+30,strategy_params_long.linearDropPercent,0.074615,7,rays
"ValueError(""could not convert string to float: ''"")",0.0002002716064453125,-1e+30,strategy_params_short.linearRisePercent,0.183706,8,rays
"ValueError(""could not convert string to float: ''"")",9.5367431640625e-05,-1e+30,strategy_params_short.linearRisePercent,0.193706,8,rays
"ValueError(""could not convert string to float: ''"")",9.34600830078125e-05,-1e+30,strategy_params_short.linearRisePercent,0.198706,8,rays
"ValueError(""could not convert string to float: ''"")",8.606910705566406e-05,-1e+30,strategy_params_short.linearRisePercent,0.203706,8,rays
"ValueError(""could not convert string to float: ''"")",8.726119995117188e-05,-1e+30,strategy_params_short.linearRisePercent,0.208706,8,rays
"ValueError(""could not convert string to float: ''"")",8.487701416015625e-05,-1e+30,strategy_params_short.linearRisePercent,0.213706,8,rays
"ValueError(""could not convert string to float: ''"")",8.392333984375e-05,-1e+30,strategy_params_short.linearRisePercent,0.218706,8,rays
"ValueError(""could not convert string to float: ''"")",8.463859558105469e-05,-1e+30,strategy_params_short.linearRisePercent,0.22370600000000002,8,rays
"ValueError(""could not convert string to float: ''"")",8.463859558105469e-05,-1e+30,strategy_params_short.linearRisePercent,0.233706,8,rays
"ValueError(""could not convert string to float: ''"")",0.00020432472229003906,-1e+30,strategy_params_long.trendMaLen,12.0,9,rays
"ValueError(""could not convert string to float: ''"")",9.34600830078125e-05,-1e+30,strategy_params_long.trendMaLen,14.0,9,rays
"ValueError(""could not convert string to float: ''"")",0.0001087188720703125,-1e+30,strategy_params_long.trendMaLen,16.0,9,rays
"ValueError(""could not convert string to float: ''"")",8.893013000488281e-05,-1e+30,strategy_params_long.trendMaLen,18.0,9,rays
"ValueError(""could not convert string to float: ''"")",8.654594421386719e-05,-1e+30,strategy_params_long.trendMaLen,20.0,9,rays
"ValueError(""could not convert string to float: ''"")",8.440017700195312e-05,-1e+30,strategy_params_long.trendMaLen,22.0,9,rays
"ValueError(""could not convert string to float: ''"")",8.606910705566406e-05,-1e+30,strategy_params_long.trendMaLen,24.0,9,rays
"ValueError(""could not convert string to float: ''"")",8.392333984375e-05,-1e+30,strategy_params_long.trendMaLen,26.0,9,rays
"ValueError(""could not convert string to float: ''"")",8.535385131835938e-05,-1e+30,strategy_params_long.trendMaLen,28.0,9,rays
"ValueError(""could not convert string to float: ''"")",8.463859558105469e-05,-1e+30,strategy_params_long.trendMaLen,32.0,9,rays
"ValueError(""could not convert string to float: ''"")",0.00020575523376464844,-1e+30,strategy_params_short.trendMaLen,12.0,10,rays
"ValueError(""could not convert string to float: ''"")",0.00019216537475585938,-1e+30,strategy_params_short.trendMaLen,14.0,10,rays
"ValueError(""could not convert string to float: ''"")",9.846687316894531e-05,-1e+30,strategy_params_short.trendMaLen,16.0,10,rays
"ValueError(""could not convert string to float: ''"")",8.821487426757812e-05,-1e+30,strategy_params_short.trendMaLen,18.0,10,rays
"ValueError(""could not convert string to float: ''"")",8.869171142578125e-05,-1e+30,strategy_params_short.trendMaLen,20.0,10,rays
"ValueError(""could not convert string to float: ''"")",0.00021076202392578125,-1e+30,strategy_params_short.trendMaLen,22.0,10,rays
"ValueError(""could not convert string to float: ''"")",0.00018596649169921875,-1e+30,strategy_params_short.trendMaLen,24.0,10,rays
"ValueError(""could not convert string to float: ''"")",9.059906005859375e-05,-1e+30,strategy_params_short.trendMaLen,26.0,10,rays
"ValueError(""could not convert string to float: ''"")",0.0001952648162841797,-1e+30,strategy_params_short.trendMaLen,28.0,10,rays
"ValueError(""could not convert string to float: ''"")",9.202957153320312e-05,-1e+30,strategy_params_short.trendMaLen,32.0,10,rays
"ValueError(""could not convert string to float: ''"")",0.016746997833251953,-1e+30,strategy_params_long.tpPercent|strategy_params_long.subSellTPPercent|strategy_params_long.callbackPercent|strategy_params_long.linearDropPercent|strategy_params_long.trendMaLen,0.26|0.37|0.0125|0.017115|8.0,11,grid
"ValueError(""could not convert string to float: ''"")",0.15881633758544922,-1e+30,strategy_params_long.tpPercent|strategy_params_long.subSellTPPercent|strategy_params_long.callbackPercent|strategy_params_long.linearDropPercent|strategy_params_long.trendMaLen,0.26|0.37|0.0125|0.017115|12.0,11,grid
"ValueError(""could not convert string to float: ''"")",0.11328887939453125,-1e+30,strategy_params_long.tpPercent|strategy_params_long.subSellTPPercent|strategy_params_long.callbackPercent|strategy_params_long.linearDropPercent|strategy_params_long.trendMaLen,0.26|0.37|0.0125|0.017115|16.0,11,grid
"ValueError(""could not convert string to float: ''"")",0.10632562637329102,-1e+30,strategy_params_long.tpPercent|strategy_params_long.subSellTPPercent|strategy_params_long.callbackPercent|strategy_params_long.linearDropPercent|strategy_params_long.trendMaLen,0.26|0.37|0.0125|0.024614999999999998|8.0,11,grid
"ValueError(""could not convert string to float: ''"")",0.025779008865356445,-1e+30,strategy_params_long.tpPercent|strategy_params_long.subSellTPPercent|strategy_params_long.callbackPercent|strategy_params_long.linearDropPercent|strategy_params_long.trendMaLen,0.26|0.37|0.0125|0.024614999999999998|12.0,11,grid
"ValueError(""could not convert string to float: ''"")",0.016985177993774414,-1e+30,strategy_params_long.tpPercent|strategy_params_long.subSellTPPercent|strategy_params_long.callbackPercent|strategy_params_long.linearDropPercent|strategy_params_long.trendMaLen,0.26|0.37|0.0125|0.024614999999999998|16.0,11,grid
"ValueError(""could not convert string to float: ''"")",0.007230281829833984,-1e+30,strategy_params_long.tpPercent|strategy_params_long.subSellTPPercent|strategy_params_long.callbackPercent|strategy_params_long.linearDropPercent|strategy_params_long.trendMaLen,0.26|0.37|0.0125|0.032115|8.0,11,grid
"ValueError(""could not convert string to float: ''"")",0.0381779670715332,-1e+30,strategy_params_long.tpPercent|strategy_params_long.subSellTPPercent|strategy_params_long.callbackPercent|strategy_params_long.linearDropPercent|strategy_params_long.trendMaLen,0.26|0.37|0.0125|0.032115|12.0,11,grid
"ValueError(""could not convert string to float: ''"")",0.01954507827758789,-1e+30,strategy_params_long.tpPercent|strategy_params_long.subSellTPPercent|strategy_params_long.callbackPercent|strategy_params_long.linearDropPercent|strategy_params_long.trendMaLen,0.26|0.37|0.0125|0.032115|16.0,11,grid
"ValueError(""could not convert string to float: ''"")",0.015684843063354492,-1e+30,strategy_params_long.tpPercent|strategy_params_long.subSellTPPercent|strategy_params_long.callbackPercent|strategy_params_long.linearDropPercent|strategy_params_long.trendMaLen,0.26|0.37|0.024999999999999994|0.017115|8.0,11,grid
"ValueError(""could not convert string to float: ''"")",0.020557641983032227,-1e+30,strategy_params_long.tpPercent|strategy_params_long.subSellTPPercent|strategy_params_long.callbackPercent|strategy_params_long.linearDropPercent|strategy_params_long.trendMaLen,0.26|0.37|0.024999999999999994|0.017115|12.0,11,grid
"ValueError(""could not convert string to float: ''"")",0.07007551193237305,-1e+30,strategy_params_long.tpPercent|strategy_params_long.subSellTPPercent|strategy_params_long.callbackPercent|strategy_params_long.linearDropPercent|strategy_params_long.trendMaLen,0.26|0.37|0.024999999999999994|0.017115|16.0,11,grid
"ValueError(""could not convert string to float: ''"")",0.04311704635620117,-1e+30,strategy_params_long.tpPercent|strategy_params_long.subSellTPPercent|strategy_params_long.callbackPercent|strategy_params_long.linearDropPercent|strategy_params_long.trendMaLen,0.26|0.37|0.024999999999999994|0.024614999999999998|8.0,11,grid
"ValueError(""could not convert string to float: ''"")",0.000530242919921875,-1e+30,strategy_params_long.tpPercent|strategy_params_long.subSellTPPercent|strategy_params_long.callbackPercent|strategy_params_long.linearDropPercent|strategy_params_long.trendMaLen,0.26|0.37|0.024999999999999994|0.024614999999999998|12.0,11,grid
"ValueError(""could not convert string to float: ''"")",0.00021314620971679688,-1e+30,strategy_params_long.tpPercent|strategy_params_long.subSellTPPercent|strategy_params_long.callbackPercent|strategy_params_long.linearDropPercent|strategy_params_long.trendMaLen,0.26|0.37|0.024999999999999994|0.024614999999999998|16.0,11,grid
"ValueError(""could not convert string to float: ''"")",0.00018739700317382812,-1e+30,strategy_params_long.tpPercent|strategy_params_long.subSellTPPercent|strategy_params_long.callbackPercent|strategy_params_long.linearDropPercent|strategy_params_long.trendMaLen,0.26|0.37|0.024999999999999994|0.032115|8.0,11,grid
"ValueError(""could not convert string to float: ''"")",0.00010442733764648438,-1e+30,strategy_params_long.tpPercent|strategy_params_long.subSellTPPercent|strategy_params_long.callbackPercent|strategy_params_long.linearDropPercent|strategy_params_long.trendMaLen,0.26|0.37|0.024999999999999994|0.032115|12.0,11,grid
"ValueError(""could not convert string to float: ''"")",9.584426879882812e-05,-1e+30,strategy_params_long.tpPercent|strategy_params_long.subSellTPPercent|strategy_params_long.callbackPercent|strategy_params_long.linearDropPercent|strategy_params_long.trendMaLen,0.26|0.37|0.024999999999999994|0.032115|16.0,11,grid
"ValueError(""could not convert string to float: ''"")",0.00010991096496582031,-1e+30,strategy_params_long.tpPercent|strategy_params_long.subSellTPPercent|strategy_params_long.callbackPercent|strategy_params_long.linearDropPercent|strategy_params_long.trendMaLen,0.26|0.37|0.0375|0.017115|8.0,11,grid
"ValueError(""could not convert string to float: ''"")",0.00010037422180175781,-1e+30,strategy_params_long.tpPercent|strategy_params_long.subSellTPPercent|strategy_params_long.callbackPercent|strategy_params_long.linearDropPercent|strategy_params_long.trendMaLen,0.26|0.37|0.0375|0.017115|12.0,11,grid
"ValueError(""could not convert string to float: ''"")",9.751319885253906e-05,-1e+30,strategy_params_long.tpPercent|strategy_params_long.subSellTPPercent|strategy_params_long.callbackPercent|strategy_params_long.linearDropPercent|strategy_params_long.trendMaLen,0.26|0.37|0.0375|0.017115|16.0,11,grid
"ValueError(""could not convert string to float: ''"")",9.584426879882812e-05,-1e+30,strategy_params_long.tpPercent|strategy_params_long.subSellTPPercent|strategy_params_long.callbackPercent|strategy_params_long.linearDropPercent|strategy_params_long.trendMaLen,0.26|0.37|0.0375|0.024614999999999998|8.0,11,grid
"ValueError(""could not convert string to float: ''"")",0.00011610984802246094,-1e+30,strategy_params_long.tpPercent|strategy_params_long.subSellTPPercent|strategy_params_long.callbackPercent|strategy_params_long.linearDropPercent|strategy_params_long.trendMaLen,0.26|0.37|0.0375|0.024614999999999998|12.0,11,grid
"ValueError(""could not convert string to float: ''"")",0.00012636184692382812,-1e+30,strategy_params_long.tpPercent|strategy_params_long.subSellTPPercent|strategy_params_long.callbackPercent|strategy_params_long.linearDropPercent|strategy_params_long.trendMaLen,0.26|0.37|0.0375|0.024614999999999998|16.0,11,grid
"ValueError(""could not convert string to float: ''"")",8.606910705566406e-05,-1e+30,strategy_params_long.tpPercent|strategy_params_long.subSellTPPercent|strategy_params_long.callbackPercent|strategy_params_long.linearDropPercent|strategy_params_long.trendMaLen,0.26|0.37|0.0375|0.032115|8.0,11,grid
"ValueError(""could not convert string to float: ''"")",0.00024008750915527344,-1e+30,strategy_params_long.tpPercent|strategy_params_long.subSellTPPercent|strategy_params_long.callbackPercent|strategy_params_long.linearDropPercent|strategy_params_long.trendMaLen,0.26|0.37|0.0375|0.032115|12.0,11,grid
"ValueError(""could not convert string to float: ''"")",0.00035834312438964844,-1e+30,strategy_params_long.tpPercent|strategy_params_long.subSellTPPercent|strategy_params_long.callbackPercent|strategy_params_long.linearDropPercent|strategy_params_long.trendMaLen,0.26|0.37|0.0375|0.032115|16.0,11,grid
"ValueError(""could not convert string to float: ''"")",0.004339694976806641,-1e+30,strategy_params_long.tpPercent|strategy_params_long.subSellTPPercent|strategy_params_long.callbackPercent|strategy_params_long.linearDropPercent|strategy_params_long.trendMaLen,0.26|0.41000000000000003|0.0125|0.017115|8.0,11,grid
"ValueError(""could not convert string to float: ''"")",0.0002617835998535156,-1e+30,strategy_params_long.tpPercent|strategy_params_long.subSellTPPercent|strategy_params_long.callbackPercent|strategy_params_long.linearDropPercent|strategy_params_long.trendMaLen,0.26|0.41000000000000003|0.0125|0.017115|12.0,11,grid
"ValueError(""could not convert string to float: ''"")",0.0001685619354248047,-1e+30,strategy_params_long.tpPercent|strategy_params_long.subSellTPPercent|strategy_params_long.callbackPercent|strategy_params_long.linearDropPercent|strategy_params_long.trendMaLen,0.26|0.41000000000000003|0.0125|0.017115|16.0,11,grid
"ValueError(""could not convert string to float: ''"")",0.0002460479736328125,-1e+30,strategy_params_long.tpPercent|strategy_params_long.subSellTPPercent|strategy_params_long.callbackPercent|strategy_params_long.linearDropPercent|strategy_params_long.trendMaLen,0.26|0.41000000000000003|0.0125|0.024614999999999998|8.0,11,grid
"ValueError(""could not convert string to float: ''"")",9.632110595703125e-05,-1e+30,strategy_params_long.tpPercent|strategy_params_long.subSellTPPercent|strategy_params_long.callbackPercent|strategy_params_long.linearDropPercent|strategy_params_long.trendMaLen,0.26|0.41000000000000003|0.0125|0.024614999999999998|12.0,11,grid
"ValueError(""could not convert string to float: ''"")",8.845329284667969e-05,-1e+30,strategy_params_long.tpPercent|strategy_params_long.subSellTPPercent|strategy_params_long.callbackPercent|strategy_params_long.linearDropPercent|strategy_params_long.trendMaLen,0.26|0.41000000000000003|0.0125|0.024614999999999998|16.0,11,grid
"ValueError(""could not convert string to float: ''"")",0.0002589225769042969,-1e+30,strategy_params_long.tpPercent|strategy_params_long.subSellTPPercent|strategy_params_long.callbackPercent|strategy_params_long.linearDropPercent|strategy_params_long.trendMaLen,0.26|0.41000000000000003|0.0125|0.032115|8.0,11,grid
"ValueError(""could not convert string to float: ''"")",0.000194549560546875,-1e+30,strategy_params_long.tpPercent|strategy_params_long.subSellTPPercent|strategy_params_long.callbackPercent|strategy_params_long.linearDropPercent|strategy_params_long.trendMaLen,0.26|0.41000000000000003|0.0125|0.032115|12.0,11,grid
"ValueError(""could not convert string to float: ''"")",9.34600830078125e-05,-1e+30,strategy_params_long.tpPercent|strategy_params_long.subSellTPPercent|strategy_params_long.callbackPercent|strategy_params_long.linearDropPercent|strategy_params_long.trendMaLen,0.26|0.41000000000000003|0.0125|0.032115|16.0,11,grid
"ValueError(""could not convert string to float: ''"")",9.655952453613281e-05,-1e+30,strategy_params_long.tpPercent|strategy_params_long.subSellTPPercent|strategy_params_long.callbackPercent|strategy_params_long.linearDropPercent|strategy_params_long.trendMaLen,0.26|0.41000000000000003|0.024999999999999994|0.017115|8.0,11,grid
"ValueError(""could not convert string to float: ''"")",0.00012922286987304688,-1e+30,strategy_params_long.tpPercent|strategy_params_long.subSellTPPercent|strategy_params_long.callbackPercent|strategy_params_long.linearDropPercent|strategy_params_long.trendMaLen,0.26|0.41000000000000003|0.024999999999999994|0.017115|12.0,11,grid
"ValueError(""could not convert string to float: ''"")",0.0002903938293457031,-1e+30,strategy_params_long.tpPercent|strategy_params_long.subSellTPPercent|strategy_params_long.callbackPercent|strategy_params_long.linearDropPercent|strategy_params_long.trendMaLen,0.26|0.41000000000000003|0.024999999999999994|0.017115|16.0,11,grid
"ValueError(""could not convert string to float: ''"")",0.00016927719116210938,-1e+30,strategy_params_long.tpPercent|strategy_params_long.subSellTPPercent|strategy_params_long.callbackPercent|strategy_params_long.linearDropPercent|strategy_params_long.trendMaLen,0.26|0.41000000000000003|0.024999999999999994|0.024614999999999998|8.0,11,grid
"ValueError(""could not convert string to float: ''"")",0.00017309188842773438,-1e+30,strategy_params_long.tpPercent|strategy_params_long.subSellTPPercent|strategy_params_long.callbackPercent|strategy_params_long.linearDropPercent|strategy_params_long.trendMaLen,0.26|0.41000000000000003|0.024999999999999994|0.024614999999999998|12.0,11,grid
"ValueError(""could not convert string to float: ''"")",9.393692016601562e-05,-1e+30,strategy_params_long.tpPercent|strategy_params_long.subSellTPPercent|strategy_params_long.callbackPercent|strategy_params_long.linearDropPercent|strategy_params_long.trendMaLen,0.26|0.41000000000000003|0.024999999999999994|0.024614999999999998|16.0,11,grid
"ValueError(""could not convert string to float: ''"")",0.0002682209014892578,-1e+30,strategy_params_long.tpPercent|strategy_params_long.subSellTPPercent|strategy_params_long.callbackPercent|strategy_params_long.linearDropPercent|strategy_params_long.trendMaLen,0.26|0.41000000000000003|0.024999999999999994|0.032115|8.0,11,grid
"ValueError(""could not convert string to float: ''"")",0.00023412704467773438,-1e+30,strategy_params_long.tpPercent|strategy_params_long.subSellTPPercent|strategy_params_long.callbackPercent|strategy_params_long.linearDropPercent|strategy_params_long.trendMaLen,0.26|0.41000000000000003|0.024999999999999994|0.032115|12.0,11,grid
"ValueError(""could not convert string to float: ''"")",0.00017452239990234375,-1e+30,strategy_params_long.tpPercent|strategy_params_long.subSellTPPercent|strategy_params_long.callbackPercent|strategy_params_long.linearDropPercent|strategy_params_long.trendMaLen,0.26|0.41000000000000003|0.024999999999999994|0.032115|16.0,11,grid
"ValueError(""could not convert string to float: ''"")",0.002749204635620117,-1e+30,strategy_params_long.tpPercent|strategy_params_long.subSellTPPercent|strategy_params_long.callbackPercent|strategy_params_long.linearDropPercent|strategy_params_long.trendMaLen,0.26|0.41000000000000003|0.0375|0.017115|8.0,11,grid
"ValueError(""could not convert string to float: ''"")",0.0002923011779785156,-1e+30,strategy_params_long.tpPercent|strategy_params_long.subSellTPPercent|strategy_params_long.callbackPercent|strategy_params_long.linearDropPercent|strategy_params_long.trendMaLen,0.26|0.41000000000000003|0.0375|0.017115|12.0,11,grid
"ValueError(""could not convert string to float: ''"")",0.00014472007751464844,-1e+30,strategy_params_long.tpPercent|strategy_params_long.subSellTPPercent|strategy_params_long.callbackPercent|strategy_params_long.linearDropPercent|strategy_params_long.trendMaLen,0.26|0.41000000000000003|0.0375|0.017115|16.0,11,grid
"ValueError(""could not convert string to float: ''"")",9.059906005859375e-05,-1e+30,strategy_params_long.tpPercent|strategy_params_long.subSellTPPercent|strategy_params_long.callbackPercent|strategy_params_long.linearDropPercent|strategy_params_long.trendMaLen,0.26|0.41000000000000003|0.0375|0.024614999999999998|8.0,11,grid
"ValueError(""could not convert string to float: ''"")",8.749961853027344e-05,-1e+30,strategy_params_long.tpPercent|strategy_params_long.subSellTPPercent|strategy_params_long.callbackPercent|strategy_params_long.linearDropPercent|strategy_params_long.trendMaLen,0.26|0.41000000000000003|0.0375|0.024614999999999998|12.0,11,grid
"ValueError(""could not convert string to float: ''"")",0.0003390312194824219,-1e+30,strategy_params_long.tpPercent|strategy_params_long.subSellTPPercent|strategy_params_long.callbackPercent|strategy_params_long.linearDropPercent|strategy_params_long.trendMaLen,0.26|0.41000000000000003|0.0375|0.024614999999999998|16.0,11,grid
"ValueError(""could not convert string to float: ''"")",0.0011987686157226562,-1e+30,strategy_params_long.tpPercent|strategy_params_long.subSellTPPercent|strategy_params_long.callbackPercent|strategy_params_long.linearDropPercent|strategy_params_long.trendMaLen,0.26|0.41000000000000003|0.0375|0.032115|8.0,11,grid
"ValueError(""could not convert string to float: ''"")",0.0002276897430419922,-1e+30,strategy_params_long.tpPercent|strategy_params_long.subSellTPPercent|strategy_params_long.callbackPercent|strategy_params_long.linearDropPercent|strategy_params_long.trendMaLen,0.26|0.41000000000000003|0.0375|0.032115|12.0,11,grid
"ValueError(""could not convert string to float: ''"")",0.0003409385681152344,-1e+30,strategy_params_long.tpPercent|strategy_params_long.subSellTPPercent|strategy_params_long.callbackPercent|strategy_params_long.linearDropPercent|strategy_params_long.trendMaLen,0.26|0.41000000000000003|0.0375|0.032115|16.0,11,grid
"ValueError(""could not convert string to float: ''"")",0.0019314289093017578,-1e+30,strategy_params_long.tpPercent|strategy_params_long.subSellTPPercent|strategy_params_long.callbackPercent|strategy_params_long.linearDropPercent|strategy_params_long.trendMaLen,0.26|0.45|0.0125|0.017115|8.0,11,grid
"ValueError(""could not convert string to float: ''"")",0.0008816719055175781,-1e+30,strategy_params_long.tpPercent|strategy_params_long.subSellTPPercent|strategy_params_long.callbackPercent|strategy_params_long.linearDropPercent|strategy_params_long.trendMaLen,0.26|0.45|0.0125|0.017115|12.0,11,grid
"ValueError(""could not convert string to float: ''"")",0.0002186298370361328,-1e+30,strategy_params_long.tpPercent|strategy_params_long.subSellTPPercent|strategy_params_long.callbackPercent|strategy_params_long.linearDropPercent|strategy_params_long.trendMaLen,0.26|0.45|0.0125|0.017115|16.0,11,grid
"ValueError(""could not convert string to float: ''"")",9.846687316894531e-05,-1e+30,strategy_params_long.tpPercent|strategy_params_long.subSellTPPercent|strategy_params_long.callbackPercent|strategy_params_long.linearDropPercent|strategy_params_long.trendMaLen,0.26|0.45|0.0125|0.024614999999999998|8.0,11,grid
"ValueError(""could not convert string to float: ''"")",9.274482727050781e-05,-1e+30,strategy_params_long.tpPercent|strategy_params_long.subSellTPPercent|strategy_params_long.callbackPercent|strategy_params_long.linearDropPercent|strategy_params_long.trendMaLen,0.26|0.45|0.0125|0.024614999999999998|12.0,11,grid
"ValueError(""could not convert string to float: ''"")",9.012222290039062e-05,-1e+30,strategy_params_long.tpPercent|strategy_params_long.subSellTPPercent|strategy_params_long.callbackPercent|strategy_params_long.linearDropPercent|strategy_params_long.trendMaLen,0.26|0.45|0.0125|0.024614999999999998|16.0,11,grid
"ValueError(""could not convert string to float: ''"")",0.00010919570922851562,-1e+30,strategy_params_long.tpPercent|strategy_params_long.subSellTPPercent|strategy_params_long.callbackPercent|strategy_params_long.linearDropPercent|strategy_params_long.trendMaLen,0.26|0.45|0.0125|0.032115|8.0,11,grid
"ValueError(""could not convert string to float: ''"")",8.893013000488281e-05,-1e+30,strategy_params_long.tpPercent|strategy_params_long.subSellTPPercent|strategy_params_long.callbackPercent|strategy_params_long.linearDropPercent|strategy_params_long.trendMaLen,0.26|0.45|0.0125|0.032115|12.0,11,grid
"ValueError(""could not convert string to float: ''"")",0.0003666877746582031,-1e+30,strategy_params_long.tpPercent|strategy_params_long.subSellTPPercent|strategy_params_long.callbackPercent|strategy_params_long.linearDropPercent|strategy_params_long.trendMaLen,0.26|0.45|0.0125|0.032115|16.0,11,grid
"ValueError(""could not convert string to float: ''"")",0.00027298927307128906,-1e+30,strategy_params_long.tpPercent|strategy_params_long.subSellTPPercent|strategy_params_long.callbackPercent|strategy_params_long.linearDropPercent|strategy_params_long.trendMaLen,0.26|0.45|0.024999999999999994|0.017115|8.0,11,grid
"ValueError(""could not convert string to float: ''"")",0.00025916099548339844,-1e+30,strategy_params_long.tpPercent|strategy_params_long.subSellTPPercent|strategy_params_long.callbackPercent|strategy_params_long.linearDropPercent|strategy_params_long.trendMaLen,0.26|0.45|0.024999999999999994|0.017115|12.0,11,grid
"ValueError(""could not convert string to float: ''"")",0.00020384788513183594,-1e+30,strategy_params_long.tpPercent|strategy_params_long.subSellTPPercent|strategy_params_long.callbackPercent|strategy_params_long.linearDropPercent|strategy_params_long.trendMaLen,0.26|0.45|0.024999999999999994|0.017115|16.0,11,grid
"ValueError(""could not convert string to float: ''"")",0.0002474784851074219,-1e+30,strategy_params_long.tpPercent|strategy_params_long.subSellTPPercent|strategy_params_long.callbackPercent|strategy_params_long.linearDropPercent|strategy_params_long.trendMaLen,0.26|0.45|0.024999999999999994|0.024614999999999998|8.0,11,grid
"ValueError(""could not convert string to float: ''"")",0.00021648406982421875,-1e+30,strategy_params_long.tpPercent|strategy_params_long.subSellTPPercent|strategy_params_long.callbackPercent|strategy_params_long.linearDropPercent|strategy_params_long.trendMaLen,0.26|0.45|0.024999999999999994|0.024614999999999998|12.0,11,grid
"ValueError(""could not convert string to float: ''"")",0.00027298927307128906,-1e+30,strategy_params_long.tpPercent|strategy_params_long.subSellTPPercent|strategy_params_long.callbackPercent|strategy_params_long.linearDropPercent|strategy_params_long.trendMaLen,0.26|0.45|0.024999999999999994|0.024614999999999998|16.0,11,grid
"ValueError(""could not convert string to float: ''"")",0.0003228187561035156,-1e+30,strategy_params_long.tpPercent|strategy_params_long.subSellTPPercent|strategy_params_long.callbackPercent|strategy_params_long.linearDropPercent|strategy_params_long.trendMaLen,0.26|0.45|0.024999999999999994|0.032115|8.0,11,grid
"ValueError(""could not convert string to float: ''"")",0.0045778751373291016,-1e+30,strategy_params_long.tpPercent|strategy_params_long.subSellTPPercent|strategy_params_long.callbackPercent|strategy_params_long.linearDropPercent|strategy_params_long.trendMaLen,0.26|0.45|0.024999999999999994|0.032115|12.0,11,grid
"ValueError(""could not convert string to float: ''"")",0.00027680397033691406,-1e+30,strategy_params_long.tpPercent|strategy_params_long.subSellTPPercent|strategy_params_long.callbackPercent|strategy_params_long.linearDropPercent|strategy_params_long.trendMaLen,0.26|0.45|0.024999999999999994|0.032115|16.0,11,grid
"ValueError(""could not convert string to float: ''"")",0.00029730796813964844,-1e+30,strategy_params_long.tpPercent|strategy_params_long.subSellTPPercent|strategy_params_long.callbackPercent|strategy_params_long.linearDropPercent|strategy_params_long.trendMaLen,0.26|0.45|0.0375|0.017115|8.0,11,grid
"ValueError(""could not convert string to float: ''"")",0.0002968311309814453,-1e+30,strategy_params_long.tpPercent|strategy_params_long.subSellTPPercent|strategy_params_long.callbackPercent|strategy_params_long.linearDropPercent|strategy_params_long.trendMaLen,0.26|0.45|0.0375|0.017115|12.0,11,grid
"ValueError(""could not convert string to float: ''"")",0.002151012420654297,-1e+30,strategy_params_long.tpPercent|strategy_params_long.subSellTPPercent|strategy_params_long.callbackPercent|strategy_params_long.linearDropPercent|strategy_params_long.trendMaLen,0.26|0.45|0.0375|0.017115|16.0,11,grid
"ValueError(""could not convert string to float: ''"")",0.0003540515899658203,-1e+30,strategy_params_long.tpPercent|strategy_params_long.subSellTPPercent|strategy_params_long.callbackPercent|strategy_params_long.linearDropPercent|strategy_params_long.trendMaLen,0.26|0.45|0.0375|0.024614999999999998|8.0,11,grid
"ValueError(""could not convert string to float: ''"")",0.00022673606872558594,-1e+30,strategy_params_long.tpPercent|strategy_params_long.subSellTPPercent|strategy_params_long.callbackPercent|strategy_params_long.linearDropPercent|strategy_params_long.trendMaLen,0.26|0.45|0.0375|0.024614999999999998|12.0,11,grid
"ValueError(""could not convert string to float: ''"")",0.0002675056457519531,-1e+30,strategy_params_long.tpPercent|strategy_params_long.subSellTPPercent|strategy_params_long.callbackPercent|strategy_params_long.linearDropPercent|strategy_params_long.trendMaLen,0.26|0.45|0.0375|0.024614999999999998|16.0,11,grid
"ValueError(""could not convert string to float: ''"")",0.00027751922607421875,-1e+30,strategy_params_long.tpPercent|strategy_params_long.subSellTPPercent|strategy_params_long.callbackPercent|strategy_params_long.linearDropPercent|strategy_params_long.trendMaLen,0.26|0.45|0.0375|0.032115|8.0,11,grid
"ValueError(""could not convert string to float: ''"")",0.0002841949462890625,-1e+30,strategy_params_long.tpPercent|strategy_params_long.subSellTPPercent|strategy_params_long.callbackPercent|strategy_params_long.linearDropPercent|strategy_params_long.trendMaLen,0.26|0.45|0.0375|0.032115|12.0,11,grid
"ValueError(""could not convert string to float: ''"")",0.0002675056457519531,-1e+30,strategy_params_long.tpPercent|strategy_params_long.subSellTPPercent|strategy_params_long.callbackPercent|strategy_params_long.linearDropPercent|strategy_params_long.trendMaLen,0.26|0.45|0.0375|0.032115|16.0,11,grid
"ValueError(""could not convert string to float: ''"")",0.0003185272216796875,-1e+30,strategy_params_long.tpPercent|strategy_params_long.subSellTPPercent|strategy_params_long.callbackPercent|strategy_params_long.linearDropPercent|strategy_params_long.trendMaLen,0.28|0.37|0.0125|0.017115|8.0,11,grid
"ValueError(""could not convert string to float: ''"")",0.0003006458282470703,-1e+30,strategy_params_long.tpPercent|strategy_params_long.subSellTPPercent|strategy_params_long.callbackPercent|strategy_params_long.linearDropPercent|strategy_params_long.trendMaLen,0.28|0.37|0.0125|0.017115|12.0,11,grid
"ValueError(""could not convert string to float: ''"")",0.00038123130798339844,-1e+30,strategy_params_long.tpPercent|strategy_params_long.subSellTPPercent|strategy_params_long.callbackPercent|strategy_params_long.linearDropPercent|strategy_params_long.trendMaLen,0.28|0.37|0.0125|0.017115|16.0,11,grid
"ValueError(""could not convert string to float: ''"")",0.0027627944946289062,-1e+30,strategy_params_long.tpPercent|strategy_params_long.subSellTPPercent|strategy_params_long.callbackPercent|strategy_params_long.linearDropPercent|strategy_params_long.trendMaLen,0.28|0.37|0.0125|0.024614999999999998|8.0,11,grid
"ValueError(""could not convert string to float: ''"")",0.00027823448181152344,-1e+30,strategy_params_long.tpPercent|strategy_params_long.subSellTPPercent|strategy_params_long.callbackPercent|strategy_params_long.linearDropPercent|strategy_params_long.trendMaLen,0.28|0.37|0.0125|0.024614999999999998|12.0,11,grid
"ValueError(""could not convert string to float: ''"")",0.00023126602172851562,-1e+30,strategy_params_long.tpPercent|strategy_params_long.subSellTPPercent|strategy_params_long.callbackPercent|strategy_params_long.linearDropPercent|strategy_params_long.trendMaLen,0.28|0.37|0.0125|0.024614999999999998|16.0,11,grid
"ValueError(""could not convert string to float: ''"")",0.0002543926239013672,-1e+30,strategy_params_long.tpPercent|strategy_params_long.subSellTPPercent|strategy_params_long.callbackPercent|strategy_params_long.linearDropPercent|strategy_params_long.trendMaLen,0.28|0.37|0.0125|0.032115|8.0,11,grid
"ValueError(""could not convert string to float: ''"")",0.0020067691802978516,-1e+30,strategy_params_long.tpPercent|strategy_params_long.subSellTPPercent|strategy_params_long.callbackPercent|strategy_params_long.linearDropPercent|strategy_params_long.trendMaLen,0.28|0.37|0.0125|0.032115|12.0,11,grid
"ValueError(""could not convert string to float: ''"")",0.0002560615539550781,-1e+30,strategy_params_long.tpPercent|strategy_params_long.subSellTPPercent|strategy_params_long.callbackPercent|strategy_params_long.linearDropPercent|strategy_params_long.trendMaLen,0.28|0.37|0.0125|0.032115|16.0,11,grid
"ValueError(""could not convert string to float: ''"")",0.002215147018432617,-1e+30,strategy_params_long.tpPercent|strategy_params_long.subSellTPPercent|strategy_params_long.callbackPercent|strategy_params_long.linearDropPercent|strategy_params_long.trendMaLen,0.28|0.37|0.024999999999999994|0.017115|8.0,11,grid
"ValueError(""could not convert string to float: ''"")",0.0003173351287841797,-1e+30,strategy_params_long.tpPercent|strategy_params_long.subSellTPPercent|strategy_params_long.callbackPercent|strategy_params_long.linearDropPercent|strategy_params_long.trendMaLen,0.28|0.37|0.024999999999999994|0.017115|12.0,11,grid
"ValueError(""could not convert string to float: ''"")",0.0002512931823730469,-1e+30,strategy_params_long.tpPercent|strategy_params_long.subSellTPPercent|strategy_params_long.callbackPercent|strategy_params_long.linearDropPercent|strategy_params_long.trendMaLen,0.28|0.37|0.024999999999999994|0.017115|16.0,11,grid
"ValueError(""could not convert string to float: ''"")",0.00024127960205078125,-1e+30,strategy_params_long.tpPercent|strategy_params_long.subSellTPPercent|strategy_params_long.callbackPercent|strategy_params_long.linearDropPercent|strategy_params_long.trendMaLen,0.28|0.37|0.024999999999999994|0.024614999999999998|8.0,11,grid
"ValueError(""could not convert string to float: ''"")",9.34600830078125e-05,-1e+30,strategy_params_long.tpPercent|strategy_params_long.subSellTPPercent|strategy_params_long.callbackPercent|strategy_params_long.linearDropPercent|strategy_params_long.trendMaLen,0.28|0.37|0.024999999999999994|0.024614999999999998|12.0,11,grid
"ValueError(""could not convert string to float: ''"")",9.584426879882812e-05,-1e+30,strategy_params_long.tpPercent|strategy_params_long.subSellTPPercent|strategy_params_long.callbackPercent|strategy_params_long.linearDropPercent|strategy_params_long.trendMaLen,0.28|0.37|0.024999999999999994|0.024614999999999998|16.0,11,grid
"ValueError(""could not convert string to float: ''"")",0.00036144256591796875,-1e+30,strategy_params_long.tpPercent|strategy_params_long.subSellTPPercent|strategy_params_long.callbackPercent|strategy_params_long.linearDropPercent|strategy_params_long.trendMaLen,0.28|0.37|0.024999999999999994|0.032115|8.0,11,grid
"ValueError(""could not convert string to float: ''"")",0.0003256797790527344,-1e+30,strategy_params_long.tpPercent|strategy_params_long.subSellTPPercent|strategy_params_long.callbackPercent|strategy_params_long.linearDropPercent|strategy_params_long.trendMaLen,0.28|0.37|0.024999999999999994|0.032115|12.0,11,grid
"ValueError(""could not convert string to float: ''"")",0.00025272369384765625,-1e+30,strategy_params_long.tpPercent|strategy_params_long.subSellTPPercent|strategy_params_long.callbackPercent|strategy_params_long.linearDropPercent|strategy_params_long.trendMaLen,0.28|0.37|0.024999999999999994|0.032115|16.0,11,grid
"ValueError(""could not convert string to float: ''"")",0.00018596649169921875,-1e+30,strategy_params_long.tpPercent|strategy_params_long.subSellTPPercent|strategy_params_long.callbackPercent|strategy_params_long.linearDropPercent|strategy_params_long.trendMaLen,0.28|0.37|0.0375|0.017115|8.0,11,grid
"ValueError(""could not convert string to float: ''"")",0.000308990478515625,-1e+30,strategy_params_long.tpPercent|strategy_params_long.subSellTPPercent|strategy_params_long.callbackPercent|strategy_params_long.linearDropPercent|strategy_params_long.trendMaLen,0.28|0.37|0.0375|0.017115|12.0,11,grid
"ValueError(""could not convert string to float: ''"")",0.0002448558807373047,-1e+30,strategy_params_long.tpPercent|strategy_params_long.subSellTPPercent|strategy_params_long.callbackPercent|strategy_params_long.linearDropPercent|strategy_params_long.trendMaLen,0.28|0.37|0.0375|0.017115|16.0,11,grid
"ValueError(""could not convert string to float: ''"")",0.00017023086547851562,-1e+30,strategy_params_long.tpPercent|strategy_params_long.subSellTPPercent|strategy_params_long.callbackPercent|strategy_params_long.linearDropPercent|strategy_params_long.trendMaLen,0.28|0.37|0.0375|0.024614999999999998|8.0,11,grid
"ValueError(""could not convert string to float: ''"")",0.005669593811035156,-1e+30,strategy_params_long.tpPercent|strategy_params_long.subSellTPPercent|strategy_params_long.callbackPercent|strategy_params_long.linearDropPercent|strategy_params_long.trendMaLen,0.28|0.37|0.0375|0.024614999999999998|12.0,11,grid
"ValueError(""could not convert string to float: ''"")",9.72747802734375e-05,-1e+30,strategy_params_long.tpPercent|strategy_params_long.subSellTPPercent|strategy_params_long.callbackPercent|strategy_params_long.linearDropPercent|strategy_params_long.trendMaLen,0.28|0.37|0.0375|0.024614999999999998|16.0,11,grid
"ValueError(""could not convert string to float: ''"")",0.00012803077697753906,-1e+30,strategy_params_long.tpPercent|strategy_params_long.subSellTPPercent|strategy_params_long.callbackPercent|strategy_params_long.linearDropPercent|strategy_params_long.trendMaLen,0.28|0.37|0.0375|0.032115|8.0,11,grid
"ValueError(""could not convert string to float: ''"")",0.00012350082397460938,-1e+30,strategy_params_long.tpPercent|strategy_params_long.subSellTPPercent|strategy_params_long.callbackPercent|strategy_params_long.linearDropPercent|strategy_params_long.trendMaLen,0.28|0.37|0.0375|0.032115|12.0,11,grid
"ValueError(""could not convert string to float: ''"")",0.0003597736358642578,-1e+30,strategy_params_long.tpPercent|strategy_params_long.subSellTPPercent|strategy_params_long.callbackPercent|strategy_params_long.linearDropPercent|strategy_params_long.trendMaLen,0.28|0.37|0.0375|0.032115|16.0,11,grid
"ValueError(""could not convert string to float: ''"")",0.0002281665802001953,-1e+30,strategy_params_long.tpPercent|strategy_params_long.subSellTPPercent|strategy_params_long.callbackPercent|strategy_params_long.linearDropPercent|strategy_params_long.trendMaLen,0.28|0.41000000000000003|0.0125|0.017115|8.0,11,grid
"ValueError(""could not convert string to float: ''"")",0.00028228759765625,-1e+30,strategy_params_long.tpPercent|strategy_params_long.subSellTPPercent|strategy_params_long.callbackPercent|strategy_params_long.linearDropPercent|strategy_params_long.trendMaLen,0.28|0.41000000000000003|0.0125|0.017115|12.0,11,grid
"ValueError(""could not convert string to float: ''"")",9.632110595703125e-05,-1e+30,strategy_params_long.tpPercent|strategy_params_long.subSellTPPercent|strategy_params_long.callbackPercent|strategy_params_long.linearDropPercent|strategy_params_long.trendMaLen,0.28|0.41000000000000003|0.0125|0.017115|16.0,11,grid
"ValueError(""could not convert string to float: ''"")",0.00010395050048828125,-1e+30,strategy_params_long.tpPercent|strategy_params_long.subSellTPPercent|strategy_params_long.callbackPercent|strategy_params_long.linearDropPercent|strategy_params_long.trendMaLen,0.28|0.41000000000000003|0.0125|0.024614999999999998|8.0,11,grid
"ValueError(""could not convert string to float: ''"")",9.202957153320312e-05,-1e+30,strategy_params_long.tpPercent|strategy_params_long.subSellTPPercent|strategy_params_long.callbackPercent|strategy_params_long.linearDropPercent|strategy_params_long.trendMaLen,0.28|0.41000000000000003|0.0125|0.024614999999999998|12.0,11,grid
"ValueError(""could not convert string to float: ''"")",0.0001895427703857422,-1e+30,strategy_params_long.tpPercent|strategy_params_long.subSellTPPercent|strategy_params_long.callbackPercent|strategy_params_long.linearDropPercent|strategy_params_long.trendMaLen,0.28|0.41000000000000003|0.0125|0.024614999999999998|16.0,11,grid
"ValueError(""could not convert string to float: ''"")",0.0001964569091796875,-1e+30,strategy_params_long.tpPercent|strategy_params_long.subSellTPPercent|strategy_params_long.callbackPercent|strategy_params_long.linearDropPercent|strategy_params_long.trendMaLen,0.28|0.41000000000000003|0.0125|0.032115|8.0,11,grid
"ValueError(""could not convert string to float: ''"")",9.179115295410156e-05,-1e+30,strategy_params_long.tpPercent|strategy_params_long.subSellTPPercent|strategy_params_long.callbackPercent|strategy_params_long.linearDropPercent|strategy_params_long.trendMaLen,0.28|0.41000000000000003|0.0125|0.032115|12.0,11,grid
"ValueError(""could not convert string to float: ''"")",9.1552734375e-05,-1e+30,strategy_params_long.tpPercent|strategy_params_long.subSellTPPercent|strategy_params_long.callbackPercent|strategy_params_long.linearDropPercent|strategy_params_long.trendMaLen,0.28|0.41000000000000003|0.0125|0.032115|16.0,11,grid
"ValueError(""could not convert string to float: ''"")",9.107589721679688e-05,-1e+30,strategy_params_long.tpPercent|strategy_params_long.subSellTPPercent|strategy_params_long.callbackPercent|strategy_params_long.linearDropPercent|strategy_params_long.trendMaLen,0.28|0.41000000000000003|0.024999999999999994|0.017115|8.0,11,grid
"ValueError(""could not convert string to float: ''"")",0.0001575946807861328,-1e+30,strategy_params_long.tpPercent|strategy_params_long.subSellTPPercent|strategy_params_long.callbackPercent|strategy_params_long.linearDropPercent|strategy_params_long.trendMaLen,0.28|0.41000000000000003|0.024999999999999994|0.017115|12.0,11,grid
"ValueError(""could not convert string to float: ''"")",0.00014853477478027344,-1e+30,strategy_params_long.tpPercent|strategy_params_long.subSellTPPercent|strategy_params_long.callbackPercent|strategy_params_long.linearDropPercent|strategy_params_long.trendMaLen,0.28|0.41000000000000003|0.024999999999999994|0.017115|16.0,11,grid
"ValueError(""could not convert string to float: ''"")",0.0001125335693359375,-1e+30,strategy_params_long.tpPercent|strategy_params_long.subSellTPPercent|strategy_params_long.callbackPercent|strategy_params_long.linearDropPercent|strategy_params_long.trendMaLen,0.28|0.41000000000000003|0.024999999999999994|0.024614999999999998|8.0,11,grid
"ValueError(""could not convert string to float: ''"")",0.0001780986785888672,-1e+30,strategy_params_long.tpPercent|strategy_params_long.subSellTPPercent|strategy_params_long.callbackPercent|strategy_params_long.linearDropPercent|strategy_params_long.trendMaLen,0.28|0.41000000000000003|0.024999999999999994|0.024614999999999998|12.0,11,grid
"ValueError(""could not convert string to float: ''"")",8.96453857421875e-05,-1e+30,strategy_params_long.tpPercent|strategy_params_long.subSellTPPercent|strategy_params_long.callbackPercent|strategy_params_long.linearDropPercent|strategy_params_long.trendMaLen,0.28|0.41000000000000003|0.024999999999999994|0.024614999999999998|16.0,11,grid
"ValueError(""could not convert string to float: ''"")",8.7738037109375e-05,-1e+30,strategy_params_long.tpPercent|strategy_params_long.subSellTPPercent|strategy_params_long.callbackPercent|strategy_params_long.linearDropPercent|strategy_params_long.trendMaLen,0.28|0.41000000000000003|0.024999999999999994|0.032115|8.0,11,grid
"ValueError(""could not convert string to float: ''"")",0.00010156631469726562,-1e+30,strategy_params_long.tpPercent|strategy_params_long.subSellTPPercent|strategy_params_long.callbackPercent|strategy_params_long.linearDropPercent|strategy_params_long.trendMaLen,0.28|0.41000000000000003|0.024999999999999994|0.032115|12.0,11,grid
"ValueError(""could not convert string to float: ''"")",8.511543273925781e-05,-1e+30,strategy_params_long.tpPercent|strategy_params_long.subSellTPPercent|strategy_params_long.callbackPercent|strategy_params_long.linearDropPercent|strategy_params_long.trendMaLen,0.28|0.41000000000000003|0.024999999999999994|0.032115|16.0,11,grid
"ValueError(""could not convert string to float: ''"")",0.00011277198791503906,-1e+30,strategy_params_long.tpPercent|strategy_params_long.subSellTPPercent|strategy_params_long.callbackPercent|strategy_params_long.linearDropPercent|strategy_params_long.trendMaLen,0.28|0.41000000000000003|0.0375|0.017115|8.0,11,grid
"ValueError(""could not convert string to float: ''"")",9.226799011230469e-05,-1e+30,strategy_params_long.tpPercent|strategy_params_long.subSellTPPercent|strategy_params_long.callbackPercent|strategy_params_long.linearDropPercent|strategy_params_long.trendMaLen,0.28|0.41000000000000003|0.0375|0.017115|12.0,11,grid
"ValueError(""could not convert string to float: ''"")",8.392333984375e-05,-1e+30,strategy_params_long.tpPercent|strategy_params_long.subSellTPPercent|strategy_params_long.callbackPercent|strategy_params_long.linearDropPercent|strategy_params_long.trendMaLen,0.28|0.41000000000000003|0.0375|0.017115|16.0,11,grid
"ValueError(""could not convert string to float: ''"")",0.00015163421630859375,-1e+30,strategy_params_long.tpPercent|strategy_params_long.subSellTPPercent|strategy_params_long.callbackPercent|strategy_params_long.linearDropPercent|strategy_params_long.trendMaLen,0.28|0.41000000000000003|0.0375|0.024614999999999998|8.0,11,grid
"ValueError(""could not convert string to float: ''"")",9.632110595703125e-05,-1e+30,strategy_params_long.tpPercent|strategy_params_long.subSellTPPercent|strategy_params_long.callbackPercent|strategy_params_long.linearDropPercent|strategy_params_long.trendMaLen,0.28|0.41000000000000003|0.0375|0.024614999999999998|12.0,11,grid
"ValueError(""could not convert string to float: ''"")",0.0002148151397705078,-1e+30,strategy_params_long.tpPercent|strategy_params_long.subSellTPPercent|strategy_params_long.callbackPercent|strategy_params_long.linearDropPercent|strategy_params_long.trendMaLen,0.28|0.41000000000000003|0.0375|0.024614999999999998|16.0,11,grid
"ValueError(""could not convert string to float: ''"")",0.00019931793212890625,-1e+30,strategy_params_long.tpPercent|strategy_params_long.subSellTPPercent|strategy_params_long.callbackPercent|strategy_params_long.linearDropPercent|strategy_params_long.trendMaLen,0.28|0.41000000000000003|0.0375|0.032115|8.0,11,grid
"ValueError(""could not convert string to float: ''"")",9.250640869140625e-05,-1e+30,strategy_params_long.tpPercent|strategy_params_long.subSellTPPercent|strategy_params_long.callbackPercent|strategy_params_long.linearDropPercent|strategy_params_long.trendMaLen,0.28|0.41000000000000003|0.0375|0.032115|12.0,11,grid
"ValueError(""could not convert string to float: ''"")",9.489059448242188e-05,-1e+30,strategy_params_long.tpPercent|strategy_params_long.subSellTPPercent|strategy_params_long.callbackPercent|strategy_params_long.linearDropPercent|strategy_params_long.trendMaLen,0.28|0.41000000000000003|0.0375|0.032115|16.0,11,grid
"ValueError(""could not convert string to float: ''"")",0.0011377334594726562,-1e+30,strategy_params_long.tpPercent|strategy_params_long.subSellTPPercent|strategy_params_long.callbackPercent|strategy_params_long.linearDropPercent|strategy_params_long.trendMaLen,0.28|0.45|0.0125|0.017115|8.0,11,grid
"ValueError(""could not convert string to float: ''"")",0.00010180473327636719,-1e+30,strategy_params_long.tpPercent|strategy_params_long.subSellTPPercent|strategy_params_long.callbackPercent|strategy_params_long.linearDropPercent|strategy_params_long.trendMaLen,0.28|0.45|0.0125|0.017115|12.0,11,grid
"ValueError(""could not convert string to float: ''"")",8.940696716308594e-05,-1e+30,strategy_params_long.tpPercent|strategy_params_long.subSellTPPercent|strategy_params_long.callbackPercent|strategy_params_long.linearDropPercent|strategy_params_long.trendMaLen,0.28|0.45|0.0125|0.017115|16.0,11,grid
"ValueError(""could not convert string to float: ''"")",0.00011014938354492188,-1e+30,strategy_params_long.tpPercent|strategy_params_long.subSellTPPercent|strategy_params_long.callbackPercent|strategy_params_long.linearDropPercent|strategy_params_long.trendMaLen,0.28|0.45|0.0125|0.024614999999999998|8.0,11,grid
"ValueError(""could not convert string to float: ''"")",8.893013000488281e-05,-1e+30,strategy_params_long.tpPercent|strategy_params_long.subSellTPPercent|strategy_params_long.callbackPercent|strategy_params_long.linearDropPercent|strategy_params_long.trendMaLen,0.28|0.45|0.0125|0.024614999999999998|12.0,11,grid
"ValueError(""could not convert string to float: ''"")",9.965896606445312e-05,-1e+30,strategy_params_long.tpPercent|strategy_params_long.subSellTPPercent|strategy_params_long.callbackPercent|strategy_params_long.linearDropPercent|strategy_params_long.trendMaLen,0.28|0.45|0.0125|0.024614999999999998|16.0,11,grid
"ValueError(""could not convert string to float: ''"")",0.00020933151245117188,-1e+30,strategy_params_long.tpPercent|strategy_params_long.subSellTPPercent|strategy_params_long.callbackPercent|strategy_params_long.linearDropPercent|strategy_params_long.trendMaLen,0.28|0.45|0.0125|0.032115|8.0,11,grid
"ValueError(""could not convert string to float: ''"")",0.0001513957977294922,-1e+30,strategy_params_long.tpPercent|strategy_params_long.subSellTPPercent|strategy_params_long.callbackPercent|strategy_params_long.linearDropPercent|strategy_params_long.trendMaLen,0.28|0.45|0.0125|0.032115|12.0,11,grid
"ValueError(""could not convert string to float: ''"")",0.0001633167266845703,-1e+30,strategy_params_long.tpPercent|strategy_params_long.subSellTPPercent|strategy_params_long.callbackPercent|strategy_params_long.linearDropPercent|strategy_params_long.trendMaLen,0.28|0.45|0.0125|0.032115|16.0,11,grid
"ValueError(""could not convert string to float: ''"")",0.0002105236053466797,-1e+30,strategy_params_long.tpPercent|strategy_params_long.subSellTPPercent|strategy_params_long.callbackPercent|strategy_params_long.linearDropPercent|strategy_params_long.trendMaLen,0.28|0.45|0.024999999999999994|0.017115|8.0,11,grid
"ValueError(""could not convert string to float: ''"")",0.004591703414916992,-1e+30,strategy_params_long.tpPercent|strategy_params_long.subSellTPPercent|strategy_params_long.callbackPercent|strategy_params_long.linearDropPercent|strategy_params_long.trendMaLen,0.28|0.45|0.024999999999999994|0.017115|12.0,11,grid
"ValueError(""could not convert string to float: ''"")",0.00011372566223144531,-1e+30,strategy_params_long.tpPercent|strategy_params_long.subSellTPPercent|strategy_params_long.callbackPercent|strategy_params_long.linearDropPercent|strategy_params_long.trendMaLen,0.28|0.45|0.024999999999999994|0.017115|16.0,11,grid
"ValueError(""could not convert string to float: ''"")",0.00022840499877929688,-1e+30,strategy_params_long.tpPercent|strategy_params_long.subSellTPPercent|strategy_params_long.callbackPercent|strategy_params_long.linearDropPercent|strategy_params_long.trendMaLen,0.28|0.45|0.024999999999999994|0.024614999999999998|8.0,11,grid
"ValueError(""could not convert string to float: ''"")",0.00010633468627929688,-1e+30,strategy_params_long.tpPercent|strategy_params_long.subSellTPPercent|strategy_params_long.callbackPercent|strategy_params_long.linearDropPercent|strategy_params_long.trendMaLen,0.28|0.45|0.024999999999999994|0.024614999999999998|12.0,11,grid
"ValueError(""could not convert string to float: ''"")",0.000232696533203125,-1e+30,strategy_params_long.tpPercent|strategy_params_long.subSellTPPercent|strategy_params_long.callbackPercent|strategy_params_long.linearDropPercent|strategy_params_long.trendMaLen,0.28|0.45|0.024999999999999994|0.024614999999999998|16.0,11,grid
"ValueError(""could not convert string to float: ''"")",0.00018072128295898438,-1e+30,strategy_params_long.tpPercent|strategy_params_long.subSellTPPercent|strategy_params_long.callbackPercent|strategy_params_long.linearDropPercent|strategy_params_long.trendMaLen,0.28|0.45|0.024999999999999994|0.032115|8.0,11,grid
"ValueError(""could not convert string to float: ''"")",0.0001888275146484375,-1e+30,strategy_params_long.tpPercent|strategy_params_long.subSellTPPercent|strategy_params_long.callbackPercent|strategy_params_long.linearDropPercent|strategy_params_long.trendMaLen,0.28|0.45|0.024999999999999994|0.032115|12.0,11,grid
"ValueError(""could not convert string to float: ''"")",0.00012493133544921875,-1e+30,strategy_params_long.tpPercent|strategy_params_long.subSellTPPercent|strategy_params_long.callbackPercent|strategy_params_long.linearDropPercent|strategy_params_long.trendMaLen,0.28|0.45|0.024999999999999994|0.032115|16.0,11,grid
"ValueError(""could not convert string to float: ''"")",0.00011682510375976562,-1e+30,strategy_params_long.tpPercent|strategy_params_long.subSellTPPercent|strategy_params_long.callbackPercent|strategy_params_long.linearDropPercent|strategy_params_long.trendMaLen,0.28|0.45|0.0375|0.017115|8.0,11,grid
"ValueError(""could not convert string to float: ''"")",0.011044979095458984,-1e+30,strategy_params_long.tpPercent|strategy_params_long.subSellTPPercent|strategy_params_long.callbackPercent|strategy_params_long.linearDropPercent|strategy_params_long.trendMaLen,0.28|0.45|0.0375|0.017115|12.0,11,grid
"ValueError(""could not convert string to float: ''"")",0.010508537292480469,-1e+30,strategy_params_long.tpPercent|strategy_params_long.subSellTPPercent|strategy_params_long.callbackPercent|strategy_params_long.linearDropPercent|strategy_params_long.trendMaLen,0.28|0.45|0.0375|0.017115|16.0,11,grid
"ValueError(""could not convert string to float: ''"")",0.00022220611572265625,-1e+30,strategy_params_long.tpPercent|strategy_params_long.subSellTPPercent|strategy_params_long.callbackPercent|strategy_params_long.linearDropPercent|strategy_params_long.trendMaLen,0.28|0.45|0.0375|0.024614999999999998|8.0,11,grid
"ValueError(""could not convert string to float: ''"")",0.00010895729064941406,-1e+30,strategy_params_long.tpPercent|strategy_params_long.subSellTPPercent|strategy_params_long.callbackPercent|strategy_params_long.linearDropPercent|strategy_params_long.trendMaLen,0.28|0.45|0.0375|0.024614999999999998|12.0,11,grid
"ValueError(""could not convert string to float: ''"")",0.00010848045349121094,-1e+30,strategy_params_long.tpPercent|strategy_params_long.subSellTPPercent|strategy_params_long.callbackPercent|strategy_params_long.linearDropPercent|strategy_params_long.trendMaLen,0.28|0.45|0.0375|0.024614999999999998|16.0,11,grid
"ValueError(""could not convert string to float: ''"")",0.00011467933654785156,-1e+30,strategy_params_long.tpPercent|strategy_params_long.subSellTPPercent|strategy_params_long.callbackPercent|strategy_params_long.linearDropPercent|strategy_params_long.trendMaLen,0.28|0.45|0.0375|0.032115|8.0,11,grid
"ValueError(""could not convert string to float: ''"")",8.797645568847656e-05,-1e+30,strategy_params_long.tpPercent|strategy_params_long.subSellTPPercent|strategy_params_long.callbackPercent|strategy_params_long.linearDropPercent|strategy_params_long.trendMaLen,0.28|0.45|0.0375|0.032115|12.0,11,grid
"ValueError(""could not convert string to float: ''"")",9.298324584960938e-05,-1e+30,strategy_params_long.tpPercent|strategy_params_long.subSellTPPercent|strategy_params_long.callbackPercent|strategy_params_long.linearDropPercent|strategy_params_long.trendMaLen,0.28|0.45|0.0375|0.032115|16.0,11,grid
"ValueError(""could not convert string to float: ''"")",0.00010561943054199219,-1e+30,strategy_params_long.tpPercent|strategy_params_long.subSellTPPercent|strategy_params_long.callbackPercent|strategy_params_long.linearDropPercent|strategy_params_long.trendMaLen,0.3|0.37|0.0125|0.017115|8.0,11,grid
"ValueError(""could not convert string to float: ''"")",8.606910705566406e-05,-1e+30,strategy_params_long.tpPercent|strategy_params_long.subSellTPPercent|strategy_params_long.callbackPercent|strategy_params_long.linearDropPercent|strategy_params_long.trendMaLen,0.3|0.37|0.0125|0.017115|12.0,11,grid
"ValueError(""could not convert string to float: ''"")",0.00037217140197753906,-1e+30,strategy_params_long.tpPercent|strategy_params_long.subSellTPPercent|strategy_params_long.callbackPercent|strategy_params_long.linearDropPercent|strategy_params_long.trendMaLen,0.3|0.37|0.0125|0.017115|16.0,11,grid
"ValueError(""could not convert string to float: ''"")",0.0003657341003417969,-1e+30,strategy_params_long.tpPercent|strategy_params_long.subSellTPPercent|strategy_params_long.callbackPercent|strategy_params_long.linearDropPercent|strategy_params_long.trendMaLen,0.3|0.37|0.0125|0.024614999999999998|8.0,11,grid
"ValueError(""could not convert string to float: ''"")",0.0003120899200439453,-1e+30,strategy_params_long.tpPercent|strategy_params_long.subSellTPPercent|strategy_params_long.callbackPercent|strategy_params_long.linearDropPercent|strategy_params_long.trendMaLen,0.3|0.37|0.0125|0.024614999999999998|12.0,11,grid
"ValueError(""could not convert string to float: ''"")",0.0003685951232910156,-1e+30,strategy_params_long.tpPercent|strategy_params_long.subSellTPPercent|strategy_params_long.callbackPercent|strategy_params_long.linearDropPercent|strategy_params_long.trendMaLen,0.3|0.37|0.0125|0.024614999999999998|16.0,11,grid
"ValueError(""could not convert string to float: ''"")",0.00024819374084472656,-1e+30,strategy_params_long.tpPercent|strategy_params_long.subSellTPPercent|strategy_params_long.callbackPercent|strategy_params_long.linearDropPercent|strategy_params_long.trendMaLen,0.3|0.37|0.0125|0.032115|8.0,11,grid
"ValueError(""could not convert string to float: ''"")",0.0001366138458251953,-1e+30,strategy_params_long.tpPercent|strategy_params_long.subSellTPPercent|strategy_params_long.callbackPercent|strategy_params_long.linearDropPercent|strategy_params_long.trendMaLen,0.3|0.37|0.0125|0.032115|12.0,11,grid
"ValueError(""could not convert string to float: ''"")",0.0021371841430664062,-1e+30,strategy_params_long.tpPercent|strategy_params_long.subSellTPPercent|strategy_params_long.callbackPercent|strategy_params_long.linearDropPercent|strategy_params_long.trendMaLen,0.3|0.37|0.0125|0.032115|16.0,11,grid
"ValueError(""could not convert string to float: ''"")",0.00019097328186035156,-1e+30,strategy_params_long.tpPercent|strategy_params_long.subSellTPPercent|strategy_params_long.callbackPercent|strategy_params_long.linearDropPercent|strategy_params_long.trendMaLen,0.3|0.37|0.024999999999999994|0.017115|8.0,11,grid
"ValueError(""could not convert string to float: ''"")",9.250640869140625e-05,-1e+30,strategy_params_long.tpPercent|strategy_params_long.subSellTPPercent|strategy_params_long.callbackPercent|strategy_params_long.linearDropPercent|strategy_params_long.trendMaLen,0.3|0.37|0.024999999999999994|0.017115|12.0,11,grid
"ValueError(""could not convert string to float: ''"")",0.00011515617370605469,-1e+30,strategy_params_long.tpPercent|strategy_params_long.subSellTPPercent|strategy_params_long.callbackPercent|strategy_params_long.linearDropPercent|strategy_params_long.trendMaLen,0.3|0.37|0.024999999999999994|0.017115|16.0,11,grid
"ValueError(""could not convert string to float: ''"")",9.608268737792969e-05,-1e+30,strategy_params_long.tpPercent|strategy_params_long.subSellTPPercent|strategy_params_long.callbackPercent|strategy_params_long.linearDropPercent|strategy_params_long.trendMaLen,0.3|0.37|0.024999999999999994|0.024614999999999998|8.0,11,grid
"ValueError(""could not convert string to float: ''"")",8.869171142578125e-05,-1e+30,strategy_params_long.tpPercent|strategy_params_long.subSellTPPercent|strategy_params_long.callbackPercent|strategy_params_long.linearDropPercent|strategy_params_long.trendMaLen,0.3|0.37|0.024999999999999994|0.024614999999999998|12.0,11,grid
"ValueError(""could not convert string to float: ''"")",0.00015997886657714844,-1e+30,strategy_params_long.tpPercent|strategy_params_long.subSellTPPercent|strategy_params_long.callbackPercent|strategy_params_long.linearDropPercent|strategy_params_long.trendMaLen,0.3|0.37|0.024999999999999994|0.024614999999999998|16.0,11,grid
"ValueError(""could not convert string to float: ''"")",0.00011491775512695312,-1e+30,strategy_params_long.tpPercent|strategy_params_long.subSellTPPercent|strategy_params_long.callbackPercent|strategy_params_long.linearDropPercent|strategy_params_long.trendMaLen,0.3|0.37|0.024999999999999994|0.032115|8.0,11,grid
"ValueError(""could not convert string to float: ''"")",0.00010514259338378906,-1e+30,strategy_params_long.tpPercent|strategy_params_long.subSellTPPercent|strategy_params_long.callbackPercent|strategy_params_long.linearDropPercent|strategy_params_long.trendMaLen,0.3|0.37|0.024999999999999994|0.032115|12.0,11,grid
"ValueError(""could not convert string to float: ''"")",9.846687316894531e-05,-1e+30,strategy_params_long.tpPercent|strategy_params_long.subSellTPPercent|strategy_params_long.callbackPercent|strategy_params_long.linearDropPercent|strategy_params_long.trendMaLen,0.3|0.37|0.024999999999999994|0.032115|16.0,11,grid
"ValueError(""could not convert string to float: ''"")",0.00034046173095703125,-1e+30,strategy_params_long.tpPercent|strategy_params_long.subSellTPPercent|strategy_params_long.callbackPercent|strategy_params_long.linearDropPercent|strategy_params_long.trendMaLen,0.3|0.37|0.0375|0.017115|8.0,11,grid
"ValueError(""could not convert string to float: ''"")",0.00035119056701660156,-1e+30,strategy_params_long.tpPercent|strategy_params_long.subSellTPPercent|strategy_params_long.callbackPercent|strategy_params_long.linearDropPercent|strategy_params_long.trendMaLen,0.3|0.37|0.0375|0.017115|12.0,11,grid
"ValueError(""could not convert string to float: ''"")",0.00022125244140625,-1e+30,strategy_params_long.tpPercent|strategy_params_long.subSellTPPercent|strategy_params_long.callbackPercent|strategy_params_long.linearDropPercent|strategy_params_long.trendMaLen,0.3|0.37|0.0375|0.017115|16.0,11,grid
"ValueError(""could not convert string to float: ''"")",0.0004355907440185547,-1e+30,strategy_params_long.tpPercent|strategy_params_long.subSellTPPercent|strategy_params_long.callbackPercent|strategy_params_long.linearDropPercent|strategy_params_long.trendMaLen,0.3|0.37|0.0375|0.024614999999999998|8.0,11,grid
"ValueError(""could not convert string to float: ''"")",0.0002684593200683594,-1e+30,strategy_params_long.tpPercent|strategy_params_long.subSellTPPercent|strategy_params_long.callbackPercent|strategy_params_long.linearDropPercent|strategy_params_long.trendMaLen,0.3|0.37|0.0375|0.024614999999999998|12.0,11,grid
"ValueError(""could not convert string to float: ''"")",0.00024199485778808594,-1e+30,strategy_params_long.tpPercent|strategy_params_long.subSellTPPercent|strategy_params_long.callbackPercent|strategy_params_long.linearDropPercent|strategy_params_long.trendMaLen,0.3|0.37|0.0375|0.024614999999999998|16.0,11,grid
"ValueError(""could not convert string to float: ''"")",0.00019598007202148438,-1e+30,strategy_params_long.tpPercent|strategy_params_long.subSellTPPercent|strategy_params_long.callbackPercent|strategy_params_long.linearDropPercent|strategy_params_long.trendMaLen,0.3|0.37|0.0375|0.032115|8.0,11,grid
"ValueError(""could not convert string to float: ''"")",0.0001990795135498047,-1e+30,strategy_params_long.tpPercent|strategy_params_long.subSellTPPercent|strategy_params_long.callbackPercent|strategy_params_long.linearDropPercent|strategy_params_long.trendMaLen,0.3|0.37|0.0375|0.032115|12.0,11,grid
"ValueError(""could not convert string to float: ''"")",9.274482727050781e-05,-1e+30,strategy_params_long.tpPercent|strategy_params_long.subSellTPPercent|strategy_params_long.callbackPercent|strategy_params_long.linearDropPercent|strategy_params_long.trendMaLen,0.3|0.37|0.0375|0.032115|16.0,11,grid
"ValueError(""could not convert string to float: ''"")",0.00020360946655273438,-1e+30,strategy_params_long.tpPercent|strategy_params_long.subSellTPPercent|strategy_params_long.callbackPercent|strategy_params_long.linearDropPercent|strategy_params_long.trendMaLen,0.3|0.41000000000000003|0.0125|0.017115|8.0,11,grid
"ValueError(""could not convert string to float: ''"")",0.00020456314086914062,-1e+30,strategy_params_long.tpPercent|strategy_params_long.subSellTPPercent|strategy_params_long.callbackPercent|strategy_params_long.linearDropPercent|strategy_params_long.trendMaLen,0.3|0.41000000000000003|0.0125|0.017115|12.0,11,grid
"ValueError(""could not convert string to float: ''"")",8.869171142578125e-05,-1e+30,strategy_params_long.tpPercent|strategy_params_long.subSellTPPercent|strategy_params_long.callbackPercent|strategy_params_long.linearDropPercent|strategy_params_long.trendMaLen,0.3|0.41000000000000003|0.0125|0.017115|16.0,11,grid
"ValueError(""could not convert string to float: ''"")",0.00029587745666503906,-1e+30,strategy_params_long.tpPercent|strategy_params_long.subSellTPPercent|strategy_params_long.callbackPercent|strategy_params_long.linearDropPercent|strategy_params_long.trendMaLen,0.3|0.41000000000000003|0.0125|0.024614999999999998|8.0,11,grid
"ValueError(""could not convert string to float: ''"")",0.00010037422180175781,-1e+30,strategy_params_long.tpPercent|strategy_params_long.subSellTPPercent|strategy_params_long.callbackPercent|strategy_params_long.linearDropPercent|strategy_params_long.trendMaLen,0.3|0.41000000000000003|0.0125|0.024614999999999998|12.0,11,grid
"ValueError(""could not convert string to float: ''"")",9.322166442871094e-05,-1e+30,strategy_params_long.tpPercent|strategy_params_long.subSellTPPercent|strategy_params_long.callbackPercent|strategy_params_long.linearDropPercent|strategy_params_long.trendMaLen,0.3|0.41000000000000003|0.0125|0.024614999999999998|16.0,11,grid
"ValueError(""could not convert string to float: ''"")",0.00013518333435058594,-1e+30,strategy_params_long.tpPercent|strategy_params_long.subSellTPPercent|strategy_params_long.callbackPercent|strategy_params_long.linearDropPercent|strategy_params_long.trendMaLen,0.3|0.41000000000000003|0.0125|0.032115|8.0,11,grid
"ValueError(""could not convert string to float: ''"")",9.131431579589844e-05,-1e+30,strategy_params_long.tpPercent|strategy_params_long.subSellTPPercent|strategy_params_long.callbackPercent|strategy_params_long.linearDropPercent|strategy_params_long.trendMaLen,0.3|0.41000000000000003|0.0125|0.032115|12.0,11,grid
"ValueError(""could not convert string to float: ''"")",9.584426879882812e-05,-1e+30,strategy_params_long.tpPercent|strategy_params_long.subSellTPPercent|strategy_params_long.callbackPercent|strategy_params_long.linearDropPercent|strategy_params_long.trendMaLen,0.3|0.41000000000000003|0.0125|0.032115|16.0,11,grid
"ValueError(""could not convert string to float: ''"")",8.7738037109375e-05,-1e+30,strategy_params_long.tpPercent|strategy_params_long.subSellTPPercent|strategy_params_long.callbackPercent|strategy_params_long.linearDropPercent|strategy_params_long.trendMaLen,0.3|0.41000000000000003|0.024999999999999994|0.017115|8.0,11,grid
"ValueError(""could not convert string to float: ''"")",9.512901306152344e-05,-1e+30,strategy_params_long.tpPercent|strategy_params_long.subSellTPPercent|strategy_params_long.callbackPercent|strategy_params_long.linearDropPercent|strategy_params_long.trendMaLen,0.3|0.41000000000000003|0.024999999999999994|0.017115|12.0,11,grid
"ValueError(""could not convert string to float: ''"")",0.000324249267578125,-1e+30,strategy_params_long.tpPercent|strategy_params_long.subSellTPPercent|strategy_params_long.callbackPercent|strategy_params_long.linearDropPercent|strategy_params_long.trendMaLen,0.3|0.41000000000000003|0.024999999999999994|0.017115|16.0,11,grid
"ValueError(""could not convert string to float: ''"")",0.00022149085998535156,-1e+30,strategy_params_long.tpPercent|strategy_params_long.subSellTPPercent|strategy_params_long.callbackPercent|strategy_params_long.linearDropPercent|strategy_params_long.trendMaLen,0.3|0.41000000000000003|0.024999999999999994|0.024614999999999998|8.0,11,grid
"ValueError(""could not convert string to float: ''"")",0.00010514259338378906,-1e+30,strategy_params_long.tpPercent|strategy_params_long.subSellTPPercent|strategy_params_long.callbackPercent|strategy_params_long.linearDropPercent|strategy_params_long.trendMaLen,0.3|0.41000000000000003|0.024999999999999994|0.024614999999999998|12.0,11,grid
"ValueError(""could not convert string to float: ''"")",9.989738464355469e-05,-1e+30,strategy_params_long.tpPercent|strategy_params_long.subSellTPPercent|strategy_params_long.callbackPercent|strategy_params_long.linearDropPercent|strategy_params_long.trendMaLen,0.3|0.41000000000000003|0.024999999999999994|0.024614999999999998|16.0,11,grid
"ValueError(""could not convert string to float: ''"")",9.703636169433594e-05,-1e+30,strategy_params_long.tpPercent|strategy_params_long.subSellTPPercent|strategy_params_long.callbackPercent|strategy_params_long.linearDropPercent|strategy_params_long.trendMaLen,0.3|0.41000000000000003|0.024999999999999994|0.032115|8.0,11,grid
"ValueError(""could not convert string to float: ''"")",0.00022745132446289062,-1e+30,strategy_params_long.tpPercent|strategy_params_long.subSellTPPercent|strategy_params_long.callbackPercent|strategy_params_long.linearDropPercent|strategy_params_long.trendMaLen,0.3|0.41000000000000003|0.024999999999999994|0.032115|12.0,11,grid
"ValueError(""could not convert string to float: ''"")",0.00029754638671875,-1e+30,strategy_params_long.tpPercent|strategy_params_long.subSellTPPercent|strategy_params_long.callbackPercent|strategy_params_long.linearDropPercent|strategy_params_long.trendMaLen,0.3|0.41000000000000003|0.024999999999999994|0.032115|16.0,11,grid
"ValueError(""could not convert string to float: ''"")",0.00013446807861328125,-1e+30,strategy_params_long.tpPercent|strategy_params_long.subSellTPPercent|strategy_params_long.callbackPercent|strategy_params_long.linearDropPercent|strategy_params_long.trendMaLen,0.3|0.41000000000000003|0.0375|0.017115|8.0,11,grid
"ValueError(""could not convert string to float: ''"")",0.00013065338134765625,-1e+30,strategy_params_long.tpPercent|strategy_params_long.subSellTPPercent|strategy_params_long.callbackPercent|strategy_params_long.linearDropPercent|strategy_params_long.trendMaLen,0.3|0.41000000000000003|0.0375|0.017115|12.0,11,grid
"ValueError(""could not convert string to float: ''"")",0.00010919570922851562,-1e+30,strategy_params_long.tpPercent|strategy_params_long.subSellTPPercent|strategy_params_long.callbackPercent|strategy_params_long.linearDropPercent|strategy_params_long.trendMaLen,0.3|0.41000000000000003|0.0375|0.017115|16.0,11,grid
"ValueError(""could not convert string to float: ''"")",0.00013184547424316406,-1e+30,strategy_params_long.tpPercent|strategy_params_long.subSellTPPercent|strategy_params_long.callbackPercent|strategy_params_long.linearDropPercent|strategy_params_long.trendMaLen,0.3|0.41000000000000003|0.0375|0.024614999999999998|8.0,11,grid
"ValueError(""could not convert string to float: ''"")",0.00019311904907226562,-1e+30,strategy_params_long.tpPercent|strategy_params_long.subSellTPPercent|strategy_params_long.callbackPercent|strategy_params_long.linearDropPercent|strategy_params_long.trendMaLen,0.3|0.41000000000000003|0.0375|0.024614999999999998|12.0,11,grid
"ValueError(""could not convert string to float: ''"")",0.00034737586975097656,-1e+30,strategy_params_long.tpPercent|strategy_params_long.subSellTPPercent|strategy_params_long.callbackPercent|strategy_params_long.linearDropPercent|strategy_params_long.trendMaLen,0.3|0.41000000000000003|0.0375|0.024614999999999998|16.0,11,grid
"ValueError(""could not convert string to float: ''"")",0.003437042236328125,-1e+30,strategy_params_long.tpPercent|strategy_params_long.subSellTPPercent|strategy_params_long.callbackPercent|strategy_params_long.linearDropPercent|strategy_params_long.trendMaLen,0.3|0.41000000000000003|0.0375|0.032115|8.0,11,grid
"ValueError(""could not convert string to float: ''"")",0.0002841949462890625,-1e+30,strategy_params_long.tpPercent|strategy_params_long.subSellTPPercent|strategy_params_long.callbackPercent|strategy_params_long.linearDropPercent|strategy_params_long.trendMaLen,0.3|0.41000000000000003|0.0375|0.032115|12.0,11,grid
"ValueError(""could not convert string to float: ''"")",0.0001761913299560547,-1e+30,strategy_params_long.tpPercent|strategy_params_long.subSellTPPercent|strategy_params_long.callbackPercent|strategy_params_long.linearDropPercent|strategy_params_long.trendMaLen,0.3|0.41000000000000003|0.0375|0.032115|16.0,11,grid
"ValueError(""could not convert string to float: ''"")",0.00010991096496582031,-1e+30,strategy_params_long.tpPercent|strategy_params_long.subSellTPPercent|strategy_params_long.callbackPercent|strategy_params_long.linearDropPercent|strategy_params_long.trendMaLen,0.3|0.45|0.0125|0.017115|8.0,11,grid
"ValueError(""could not convert string to float: ''"")",9.34600830078125e-05,-1e+30,strategy_params_long.tpPercent|strategy_params_long.subSellTPPercent|strategy_params_long.callbackPercent|strategy_params_long.linearDropPercent|strategy_params_long.trendMaLen,0.3|0.45|0.0125|0.017115|12.0,11,grid
"ValueError(""could not convert string to float: ''"")",9.107589721679688e-05,-1e+30,strategy_params_long.tpPercent|strategy_params_long.subSellTPPercent|strategy_params_long.callbackPercent|strategy_params_long.linearDropPercent|strategy_params_long.trendMaLen,0.3|0.45|0.0125|0.017115|16.0,11,grid
"ValueError(""could not convert string to float: ''"")",8.7738037109375e-05,-1e+30,strategy_params_long.tpPercent|strategy_params_long.subSellTPPercent|strategy_params_long.callbackPercent|strategy_params_long.linearDropPercent|strategy_params_long.trendMaLen,0.3|0.45|0.0125|0.024614999999999998|8.0,11,grid
"ValueError(""could not convert string to float: ''"")",8.702278137207031e-05,-1e+30,strategy_params_long.tpPercent|strategy_params_long.subSellTPPercent|strategy_params_long.callbackPercent|strategy_params_long.linearDropPercent|strategy_params_long.trendMaLen,0.3|0.45|0.0125|0.024614999999999998|12.0,11,grid
"ValueError(""could not convert string to float: ''"")",0.0007956027984619141,-1e+30,strategy_params_long.tpPercent|strategy_params_long.subSellTPPercent|strategy_params_long.callbackPercent|strategy_params_long.linearDropPercent|strategy_params_long.trendMaLen,0.3|0.45|0.0125|0.024614999999999998|16.0,11,grid
"ValueError(""could not convert string to float: ''"")",0.0001881122589111328,-1e+30,strategy_params_long.tpPercent|strategy_params_long.subSellTPPercent|strategy_params_long.callbackPercent|strategy_params_long.linearDropPercent|strategy_params_long.trendMaLen,0.3|0.45|0.0125|0.032115|8.0,11,grid
"ValueError(""could not convert string to float: ''"")",0.0002319812774658203,-1e+30,strategy_params_long.tpPercent|strategy_params_long.subSellTPPercent|strategy_params_long.callbackPercent|strategy_params_long.linearDropPercent|strategy_params_long.trendMaLen,0.3|0.45|0.0125|0.032115|12.0,11,grid
"ValueError(""could not convert string to float: ''"")",0.00034999847412109375,-1e+30,strategy_params_long.tpPercent|strategy_params_long.subSellTPPercent|strategy_params_long.callbackPercent|strategy_params_long.linearDropPercent|strategy_params_long.trendMaLen,0.3|0.45|0.0125|0.032115|16.0,11,grid
"ValueError(""could not convert string to float: ''"")",0.00017142295837402344,-1e+30,strategy_params_long.tpPercent|strategy_params_long.subSellTPPercent|strategy_params_long.callbackPercent|strategy_params_long.linearDropPercent|strategy_params_long.trendMaLen,0.3|0.45|0.024999999999999994|0.017115|8.0,11,grid
"ValueError(""could not convert string to float: ''"")",0.0002772808074951172,-1e+30,strategy_params_long.tpPercent|strategy_params_long.subSellTPPercent|strategy_params_long.callbackPercent|strategy_params_long.linearDropPercent|strategy_params_long.trendMaLen,0.3|0.45|0.024999999999999994|0.017115|12.0,11,grid
"ValueError(""could not convert string to float: ''"")",0.00012135505676269531,-1e+30,strategy_params_long.tpPercent|strategy_params_long.subSellTPPercent|strategy_params_long.callbackPercent|strategy_params_long.linearDropPercent|strategy_params_long.trendMaLen,0.3|0.45|0.024999999999999994|0.017115|16.0,11,grid
"ValueError(""could not convert string to float: ''"")",0.00014281272888183594,-1e+30,strategy_params_long.tpPercent|strategy_params_long.subSellTPPercent|strategy_params_long.callbackPercent|strategy_params_long.linearDropPercent|strategy_params_long.trendMaLen,0.3|0.45|0.024999999999999994|0.024614999999999998|8.0,11,grid
"ValueError(""could not convert string to float: ''"")",0.0002644062042236328,-1e+30,strategy_params_long.tpPercent|strategy_params_long.subSellTPPercent|strategy_params_long.callbackPercent|strategy_params_long.linearDropPercent|strategy_params_long.trendMaLen,0.3|0.45|0.024999999999999994|0.024614999999999998|12.0,11,grid
"ValueError(""could not convert string to float: ''"")",0.00019788742065429688,-1e+30,strategy_params_long.tpPercent|strategy_params_long.subSellTPPercent|strategy_params_long.callbackPercent|strategy_params_long.linearDropPercent|strategy_params_long.trendMaLen,0.3|0.45|0.024999999999999994|0.024614999999999998|16.0,11,grid
"ValueError(""could not convert string to float: ''"")",0.0001895427703857422,-1e+30,strategy_params_long.tpPercent|strategy_params_long.subSellTPPercent|strategy_params_long.callbackPercent|strategy_params_long.linearDropPercent|strategy_params_long.trendMaLen,0.3|0.45|0.024999999999999994|0.032115|8.0,11,grid
"ValueError(""could not convert string to float: ''"")",0.00019669532775878906,-1e+30,strategy_params_long.tpPercent|strategy_params_long.subSellTPPercent|strategy_params_long.callbackPercent|strategy_params_long.linearDropPercent|strategy_params_long.trendMaLen,0.3|0.45|0.024999999999999994|0.032115|12.0,11,grid
"ValueError(""could not convert string to float: ''"")",9.584426879882812e-05,-1e+30,strategy_params_long.tpPercent|strategy_params_long.subSellTPPercent|strategy_params_long.callbackPercent|strategy_params_long.linearDropPercent|strategy_params_long.trendMaLen,0.3|0.45|0.024999999999999994|0.032115|16.0,11,grid
"ValueError(""could not convert string to float: ''"")",8.7738037109375e-05,-1e+30,strategy_params_long.tpPercent|strategy_params_long.subSellTPPercent|strategy_params_long.callbackPercent|strategy_params_long.linearDropPercent|strategy_params_long.trendMaLen,0.3|0.45|0.0375|0.017115|8.0,11,grid
"ValueError(""could not convert string to float: ''"")",0.00010275840759277344,-1e+30,strategy_params_long.tpPercent|strategy_params_long.subSellTPPercent|strategy_params_long.callbackPercent|strategy_params_long.linearDropPercent|strategy_params_long.trendMaLen,0.3|0.45|0.0375|0.017115|12.0,11,grid
"ValueError(""could not convert string to float: ''"")",9.751319885253906e-05,-1e+30,strategy_params_long.tpPercent|strategy_params_long.subSellTPPercent|strategy_params_long.callbackPercent|strategy_params_long.linearDropPercent|strategy_params_long.trendMaLen,0.3|0.45|0.0375|0.017115|16.0,11,grid
"ValueError(""could not convert string to float: ''"")",0.00020051002502441406,-1e+30,strategy_params_long.tpPercent|strategy_params_long.subSellTPPercent|strategy_params_long.callbackPercent|strategy_params_long.linearDropPercent|strategy_params_long.trendMaLen,0.3|0.45|0.0375|0.024614999999999998|8.0,11,grid
"ValueError(""could not convert string to float: ''"")",8.726119995117188e-05,-1e+30,strategy_params_long.tpPercent|strategy_params_long.subSellTPPercent|strategy_params_long.callbackPercent|strategy_params_long.linearDropPercent|strategy_params_long.trendMaLen,0.3|0.45|0.0375|0.024614999999999998|12.0,11,grid
"ValueError(""could not convert string to float: ''"")",8.559226989746094e-05,-1e+30,strategy_params_long.tpPercent|strategy_params_long.subSellTPPercent|strategy_params_long.callbackPercent|strategy_params_long.linearDropPercent|strategy_params_long.trendMaLen,0.3|0.45|0.0375|0.024614999999999998|16.0,11,grid
"ValueError(""could not convert string to float: ''"")",9.274482727050781e-05,-1e+30,strategy_params_long.tpPercent|strategy_params_long.subSellTPPercent|strategy_params_long.callbackPercent|strategy_params_long.linearDropPercent|strategy_params_long.trendMaLen,0.3|0.45|0.0375|0.032115|8.0,11,grid
"ValueError(""could not convert string to float: ''"")",0.00012159347534179688,-1e+30,strategy_params_long.tpPercent|strategy_params_long.subSellTPPercent|strategy_params_long.callbackPercent|strategy_params_long.linearDropPercent|strategy_params_long.trendMaLen,0.3|0.45|0.0375|0.032115|12.0,11,grid
"ValueError(""could not convert string to float: ''"")",0.00011110305786132812,-1e+30,strategy_params_long.tpPercent|strategy_params_long.subSellTPPercent|strategy_params_long.callbackPercent|strategy_params_long.linearDropPercent|strategy_params_long.trendMaLen,0.3|0.45|0.0375|0.032115|16.0,11,grid
