ts,param,value,equity_end,profit_factor,max_dd,monotonicity,trades,elapsed_sec,yaml,score 
2025-09-01T19:16:42,tp,3.25,109.662855,1.057678,-0.211958,0.028031,104,12.241243124008179,tune_tmp/t5m5000_fix_s1_rays_tp_3p25.yaml,6.9890585999999955
2025-09-01T19:16:54,tp,3.43,135.91959,1.234902,-0.16674,0.105106,96,11.911336183547974,tune_tmp/t5m5000_fix_s1_rays_tp_3p43.yaml,25.6041324
2025-09-01T19:17:06,tp,3.5,135.925032,1.234801,-0.166735,0.105066,96,12.016069173812866,tune_tmp/t5m5000_fix_s1_rays_tp_3p5.yaml,25.606925519999994
2025-09-01T19:17:18,tp,3.75,149.964417,1.354378,-0.183782,0.150519,91,11.98105502128601,tune_tmp/t5m5000_fix_s1_rays_tp_3p75.yaml,35.35994945333333
2025-09-01T19:19:26,side,LONG,-6.44625,0.708443,-1.060716,-0.170657,219,37.26271891593933,tune_tmp/t5m5000_fix_s1_rays_side_LONG.yaml,-95.336065825
2025-09-01T19:20:05,side,BOTH,-6.44625,0.708443,-1.060716,-0.170657,219,38.66632103919983,tune_tmp/t5m5000_fix_s1_rays_side_BOTH.yaml,-95.336065825
2025-09-01T19:20:44,side,SHORT,-6.44625,0.708443,-1.060716,-0.170657,219,39.29819393157959,tune_tmp/t5m5000_fix_s1_rays_side_SHORT.yaml,-95.336065825
2025-09-01T19:21:23,top-n,6,-6.44625,0.708443,-1.060716,-0.170657,219,38.669764280319214,tune_tmp/t5m5000_fix_s2_rays_top-n_6.yaml,-95.336065825
2025-09-01T19:21:59,top-n,8,-6.44625,0.708443,-1.060716,-0.170657,219,35.80866765975952,tune_tmp/t5m5000_fix_s2_rays_top-n_8.yaml,-95.336065825
2025-09-01T19:22:35,top-n,10,-6.44625,0.708443,-1.060716,-0.170657,219,35.96691155433655,tune_tmp/t5m5000_fix_s2_rays_top-n_10.yaml,-95.336065825
2025-09-01T19:23:09,top-n,12,-6.44625,0.708443,-1.060716,-0.170657,219,34.88408613204956,tune_tmp/t5m5000_fix_s2_rays_top-n_12.yaml,-95.336065825
2025-09-01T19:23:44,min-mom,0.03,-6.44625,0.708443,-1.060716,-0.170657,219,34.70024561882019,tune_tmp/t5m5000_fix_s3_rays_min-mom_0p03.yaml,-95.336065825
2025-09-01T19:24:19,min-mom,0.05,-6.44625,0.708443,-1.060716,-0.170657,219,34.718220233917236,tune_tmp/t5m5000_fix_s3_rays_min-mom_0p05.yaml,-95.336065825
2025-09-01T19:24:51,min-mom,0.07,-6.44625,0.708443,-1.060716,-0.170657,219,31.74488854408264,tune_tmp/t5m5000_fix_s3_rays_min-mom_0p07.yaml,-95.336065825
2025-09-01T19:25:26,min-mom,0.09,-6.44625,0.708443,-1.060716,-0.170657,219,35.32643127441406,tune_tmp/t5m5000_fix_s3_rays_min-mom_0p09.yaml,-95.336065825
2025-09-01T19:26:03,min-atr,0.008,-6.44625,0.708443,-1.060716,-0.170657,219,36.520341873168945,tune_tmp/t5m5000_fix_s4_rays_min-atr_0p008.yaml,-95.336065825
2025-09-01T19:26:36,min-atr,0.012,-6.44625,0.708443,-1.060716,-0.170657,219,33.83590364456177,tune_tmp/t5m5000_fix_s4_rays_min-atr_0p012.yaml,-95.336065825
2025-09-01T19:27:13,min-atr,0.016,-6.44625,0.708443,-1.060716,-0.170657,219,36.23522090911865,tune_tmp/t5m5000_fix_s4_rays_min-atr_0p016.yaml,-95.336065825
2025-09-01T19:27:49,min-atr,0.02,-6.44625,0.708443,-1.060716,-0.170657,219,35.928587913513184,tune_tmp/t5m5000_fix_s4_rays_min-atr_0p02.yaml,-95.336065825
2025-09-01T19:28:26,strategy_params.min_vol_surge_mult,1.1,-6.44625,0.708443,-1.060716,-0.170657,219,37.38094878196716,tune_tmp/t5m5000_fix_s5_rays_strategy_params.min_vol_surge_mult_1p1.yaml,-95.336065825
2025-09-01T19:29:02,strategy_params.min_vol_surge_mult,1.3,-6.44625,0.708443,-1.060716,-0.170657,219,36.21358847618103,tune_tmp/t5m5000_fix_s5_rays_strategy_params.min_vol_surge_mult_1p3.yaml,-95.336065825
2025-09-01T19:29:38,strategy_params.min_vol_surge_mult,1.5,-6.44625,0.708443,-1.060716,-0.170657,219,36.247132301330566,tune_tmp/t5m5000_fix_s5_rays_strategy_params.min_vol_surge_mult_1p5.yaml,-95.336065825
2025-09-01T19:30:15,strategy_params.min_qv_24h,300000,-6.44625,0.708443,-1.060716,-0.170657,219,36.888474464416504,tune_tmp/t5m5000_fix_s6_rays_strategy_params.min_qv_24h_300000.yaml,-95.336065825
2025-09-01T19:30:51,strategy_params.min_qv_24h,500000,-6.44625,0.708443,-1.060716,-0.170657,219,35.188032388687134,tune_tmp/t5m5000_fix_s6_rays_strategy_params.min_qv_24h_500000.yaml,-95.336065825
2025-09-01T19:31:27,strategy_params.min_qv_24h,800000,-6.44625,0.708443,-1.060716,-0.170657,219,36.296406269073486,tune_tmp/t5m5000_fix_s6_rays_strategy_params.min_qv_24h_800000.yaml,-95.336065825
2025-09-01T19:32:00,strategy_params.min_qv_24h,1200000,-6.44625,0.708443,-1.060716,-0.170657,219,32.80084586143494,tune_tmp/t5m5000_fix_s6_rays_strategy_params.min_qv_24h_1200000.yaml,-95.336065825
2025-09-01T19:32:34,strategy_params.min_qv_1h,20000,-6.44625,0.708443,-1.060716,-0.170657,219,34.692299365997314,tune_tmp/t5m5000_fix_s7_rays_strategy_params.min_qv_1h_20000.yaml,-95.336065825
2025-09-01T19:33:09,strategy_params.min_qv_1h,40000,-6.44625,0.708443,-1.060716,-0.170657,219,34.92185974121094,tune_tmp/t5m5000_fix_s7_rays_strategy_params.min_qv_1h_40000.yaml,-95.336065825
2025-09-01T19:33:45,strategy_params.min_qv_1h,60000,-6.44625,0.708443,-1.060716,-0.170657,219,35.90105438232422,tune_tmp/t5m5000_fix_s7_rays_strategy_params.min_qv_1h_60000.yaml,-95.336065825
2025-09-01T19:34:21,strategy_params.min_qv_1h,80000,-6.44625,0.708443,-1.060716,-0.170657,219,35.338860511779785,tune_tmp/t5m5000_fix_s7_rays_strategy_params.min_qv_1h_80000.yaml,-95.336065825
2025-09-01T19:35:00,open_on_heat,0.0,-6.44625,0.708443,-1.060716,-0.170657,219,39.19856333732605,tune_tmp/t5m5000_fix_s8_rays_open_on_heat_0p0.yaml,-95.336065825
2025-09-01T19:35:45,open_on_heat,1.0,-6.44625,0.708443,-1.060716,-0.170657,219,45.35802102088928,tune_tmp/t5m5000_fix_s8_rays_open_on_heat_1p0.yaml,-95.336065825
2025-09-01T19:36:23,open_heat_min,0.01,-6.44625,0.708443,-1.060716,-0.170657,219,37.64105701446533,tune_tmp/t5m5000_fix_s9_rays_open_heat_min_0p01.yaml,-95.336065825
2025-09-01T19:36:58,open_heat_min,0.75,-6.44625,0.708443,-1.060716,-0.170657,219,35.531222343444824,tune_tmp/t5m5000_fix_s9_rays_open_heat_min_0p75.yaml,-95.336065825
2025-09-01T19:37:34,open_heat_min,0.85,-6.44625,0.708443,-1.060716,-0.170657,219,35.6795928478241,tune_tmp/t5m5000_fix_s9_rays_open_heat_min_0p85.yaml,-95.336065825
2025-09-01T19:38:10,open_heat_min,0.9,-6.44625,0.708443,-1.060716,-0.170657,219,35.54089045524597,tune_tmp/t5m5000_fix_s9_rays_open_heat_min_0p9.yaml,-95.336065825
2025-09-01T19:38:45,open_heat_min,0.95,-6.44625,0.708443,-1.060716,-0.170657,219,35.12085962295532,tune_tmp/t5m5000_fix_s9_rays_open_heat_min_0p95.yaml,-95.336065825
2025-09-02T01:57:01,tp,3.25,100.0,0.0,0.0,0.0,0,5.119831323623657,tune_tmp/t5m5000_fix_s1_rays_tp_3p25.yaml,-1000000000.0
2025-09-02T01:57:07,tp,3.43,100.0,0.0,0.0,0.0,0,5.554415464401245,tune_tmp/t5m5000_fix_s1_rays_tp_3p43.yaml,-1000000000.0
2025-09-02T01:57:13,tp,3.5,100.0,0.0,0.0,0.0,0,5.7178661823272705,tune_tmp/t5m5000_fix_s1_rays_tp_3p5.yaml,-1000000000.0
2025-09-02T01:57:18,tp,3.75,100.0,0.0,0.0,0.0,0,5.003379583358765,tune_tmp/t5m5000_fix_s1_rays_tp_3p75.yaml,-1000000000.0
2025-09-02T01:57:23,sl,1.02,100.0,0.0,0.0,0.0,0,5.572386264801025,tune_tmp/t5m5000_fix_s2_rays_sl_1p02.yaml,-1000000000.0
2025-09-02T01:57:29,sl,1.04,100.0,0.0,0.0,0.0,0,6.036922931671143,tune_tmp/t5m5000_fix_s2_rays_sl_1p04.yaml,-1000000000.0
2025-09-02T01:57:35,sl,1.08,100.0,0.0,0.0,0.0,0,5.198395013809204,tune_tmp/t5m5000_fix_s2_rays_sl_1p08.yaml,-1000000000.0
2025-09-02T01:57:40,sl,1.12,100.0,0.0,0.0,0.0,0,5.077276945114136,tune_tmp/t5m5000_fix_s2_rays_sl_1p12.yaml,-1000000000.0
2025-09-02T01:57:45,min-mom,0.02,100.0,0.0,0.0,0.0,0,5.424743413925171,tune_tmp/t5m5000_fix_s3_rays_min-mom_0p02.yaml,-1000000000.0
2025-09-02T01:57:50,min-mom,0.022,100.0,0.0,0.0,0.0,0,5.26103949546814,tune_tmp/t5m5000_fix_s3_rays_min-mom_0p022.yaml,-1000000000.0
2025-09-02T01:57:55,min-mom,0.024,100.0,0.0,0.0,0.0,0,5.000154733657837,tune_tmp/t5m5000_fix_s3_rays_min-mom_0p024.yaml,-1000000000.0
2025-09-02T01:58:00,min-atr,0.0,100.0,0.0,0.0,0.0,0,4.875901699066162,tune_tmp/t5m5000_fix_s4_rays_min-atr_0p0.yaml,-1000000000.0
2025-09-02T01:58:06,min-atr,0.0008,100.0,0.0,0.0,0.0,0,5.843408107757568,tune_tmp/t5m5000_fix_s4_rays_min-atr_0p0008.yaml,-1000000000.0
2025-09-02T01:58:12,min-atr,0.0012,100.0,0.0,0.0,0.0,0,5.8799426555633545,tune_tmp/t5m5000_fix_s4_rays_min-atr_0p0012.yaml,-1000000000.0
2025-09-02T02:03:58,tp,3.25,74.889235,0.517161,-0.306476,-0.318251,40,5.254847526550293,tune_tmp/t5m5000_fix_s1_rays_tp_3p25.yaml,-1151.2005656666668
2025-09-02T02:04:04,tp,3.43,71.518178,0.416882,-0.314504,-0.41155,39,6.16157865524292,tune_tmp/t5m5000_fix_s1_rays_tp_3p43.yaml,-1178.7994748799997
2025-09-02T02:04:10,tp,3.5,70.804354,0.324069,-0.306951,-0.510496,35,5.89783501625061,tune_tmp/t5m5000_fix_s1_rays_tp_3p5.yaml,-1277.7499851
2025-09-02T02:04:16,tp,3.75,71.227554,0.337928,-0.306802,-0.494848,35,6.057142019271851,tune_tmp/t5m5000_fix_s1_rays_tp_3p75.yaml,-1277.3926350166666
2025-09-02T02:04:22,sl,1.02,75.366476,0.521951,-0.301885,-0.314103,40,6.008777856826782,tune_tmp/t5m5000_fix_s2_rays_sl_1p02.yaml,-1150.8912331
2025-09-02T02:04:27,sl,1.04,74.889235,0.517161,-0.306476,-0.318251,40,5.564690589904785,tune_tmp/t5m5000_fix_s2_rays_sl_1p04.yaml,-1151.2005656666668
2025-09-02T02:04:34,sl,1.08,82.316678,0.619719,-0.235023,-0.234782,35,6.128199577331543,tune_tmp/t5m5000_fix_s2_rays_sl_1p08.yaml,-1268.9018567833334
2025-09-02T02:04:40,sl,1.12,82.286518,0.619318,-0.235313,-0.235088,35,5.931347608566284,tune_tmp/t5m5000_fix_s2_rays_sl_1p12.yaml,-1268.9217892833333
2025-09-02T02:04:45,min-mom,0.02,75.366476,0.521951,-0.301885,-0.314103,40,5.0439393520355225,tune_tmp/t5m5000_fix_s3_rays_min-mom_0p02.yaml,-1150.8912331
2025-09-02T02:04:50,min-mom,0.022,75.366476,0.521951,-0.301885,-0.314103,40,4.950411081314087,tune_tmp/t5m5000_fix_s3_rays_min-mom_0p022.yaml,-1150.8912331
2025-09-02T02:04:55,min-mom,0.024,75.366476,0.521951,-0.301885,-0.314103,40,5.22292160987854,tune_tmp/t5m5000_fix_s3_rays_min-mom_0p024.yaml,-1150.8912331
2025-09-02T02:05:00,min-atr,0.0,75.366476,0.521951,-0.301885,-0.314103,40,4.982561349868774,tune_tmp/t5m5000_fix_s4_rays_min-atr_0p0.yaml,-1150.8912331
2025-09-02T02:05:05,min-atr,0.0008,75.366476,0.521951,-0.301885,-0.314103,40,5.401059150695801,tune_tmp/t5m5000_fix_s4_rays_min-atr_0p0008.yaml,-1150.8912331
2025-09-02T02:05:11,min-atr,0.0012,75.366476,0.521951,-0.301885,-0.314103,40,5.495657205581665,tune_tmp/t5m5000_fix_s4_rays_min-atr_0p0012.yaml,-1150.8912331
2025-09-02T02:05:16,side,LONG,75.366476,0.521951,-0.301885,-0.314103,40,5.281728267669678,tune_tmp/t5m5000_fix_s5_rays_side_LONG.yaml,-1150.8912331
2025-09-02T02:05:21,side,BOTH,75.366476,0.521951,-0.301885,-0.314103,40,4.5639495849609375,tune_tmp/t5m5000_fix_s5_rays_side_BOTH.yaml,-1150.8912331
2025-09-02T02:05:26,top-n,10,75.366476,0.521951,-0.301885,-0.314103,40,5.37207293510437,tune_tmp/t5m5000_fix_s6_rays_top-n_10.yaml,-1150.8912331
2025-09-02T02:05:31,top-n,12,75.366476,0.521951,-0.301885,-0.314103,40,5.287159204483032,tune_tmp/t5m5000_fix_s6_rays_top-n_12.yaml,-1150.8912331
2025-09-02T02:05:37,top-n,14,75.366476,0.521951,-0.301885,-0.314103,40,5.373324394226074,tune_tmp/t5m5000_fix_s6_rays_top-n_14.yaml,-1150.8912331
2025-09-02T02:05:42,open_on_heat,0.0,75.366476,0.521951,-0.301885,-0.314103,40,5.013392448425293,tune_tmp/t5m5000_fix_s7_rays_open_on_heat_0p0.yaml,-1150.8912331
2025-09-02T02:05:47,open_on_heat,1.0,75.366476,0.521951,-0.301885,-0.314103,40,5.137851238250732,tune_tmp/t5m5000_fix_s7_rays_open_on_heat_1p0.yaml,-1150.8912331
2025-09-02T02:05:52,open_heat_min,0.01,75.366476,0.521951,-0.301885,-0.314103,40,5.68498969078064,tune_tmp/t5m5000_fix_s8_rays_open_heat_min_0p01.yaml,-1150.8912331
2025-09-02T02:05:57,open_heat_min,0.8,75.366476,0.521951,-0.301885,-0.314103,40,4.86280083656311,tune_tmp/t5m5000_fix_s8_rays_open_heat_min_0p8.yaml,-1150.8912331
2025-09-02T02:06:03,open_heat_min,0.9,75.366476,0.521951,-0.301885,-0.314103,40,5.933055400848389,tune_tmp/t5m5000_fix_s8_rays_open_heat_min_0p9.yaml,-1150.8912331
2025-09-02T02:06:09,open_heat_min,0.95,75.366476,0.521951,-0.301885,-0.314103,40,5.508869409561157,tune_tmp/t5m5000_fix_s8_rays_open_heat_min_0p95.yaml,-1150.8912331
2025-09-02T02:20:41,tp,3.25,74.889235,0.517161,-0.306476,-0.318251,40,6.055669069290161,tune_tmp/t5m5000_fix_s1_rays_tp_3p25.yaml,-1151.2005656666668
2025-09-02T02:20:47,tp,3.43,71.518178,0.416882,-0.314504,-0.41155,39,5.984552383422852,tune_tmp/t5m5000_fix_s1_rays_tp_3p43.yaml,-1178.7994748799997
2025-09-02T02:20:53,tp,3.5,70.804354,0.324069,-0.306951,-0.510496,35,5.39024806022644,tune_tmp/t5m5000_fix_s1_rays_tp_3p5.yaml,-1277.7499851
2025-09-02T02:20:58,tp,3.75,71.227554,0.337928,-0.306802,-0.494848,35,5.419964790344238,tune_tmp/t5m5000_fix_s1_rays_tp_3p75.yaml,-1277.3926350166666
2025-09-02T02:21:05,sl,1.02,75.366476,0.521951,-0.301885,-0.314103,40,6.305267095565796,tune_tmp/t5m5000_fix_s2_rays_sl_1p02.yaml,-1150.8912331
2025-09-02T02:21:10,sl,1.04,74.889235,0.517161,-0.306476,-0.318251,40,5.78058123588562,tune_tmp/t5m5000_fix_s2_rays_sl_1p04.yaml,-1151.2005656666668
2025-09-02T02:21:16,sl,1.08,82.316678,0.619719,-0.235023,-0.234782,35,5.564106225967407,tune_tmp/t5m5000_fix_s2_rays_sl_1p08.yaml,-1268.9018567833334
2025-09-02T02:21:21,sl,1.12,82.286518,0.619318,-0.235313,-0.235088,35,5.187829971313477,tune_tmp/t5m5000_fix_s2_rays_sl_1p12.yaml,-1268.9217892833333
2025-09-02T02:21:27,min-mom,0.02,75.366476,0.521951,-0.301885,-0.314103,40,5.544015169143677,tune_tmp/t5m5000_fix_s3_rays_min-mom_0p02.yaml,-1150.8912331
2025-09-02T02:21:32,min-mom,0.022,75.366476,0.521951,-0.301885,-0.314103,40,5.386790037155151,tune_tmp/t5m5000_fix_s3_rays_min-mom_0p022.yaml,-1150.8912331
2025-09-02T02:21:38,min-mom,0.024,75.366476,0.521951,-0.301885,-0.314103,40,5.7422356605529785,tune_tmp/t5m5000_fix_s3_rays_min-mom_0p024.yaml,-1150.8912331
2025-09-02T02:21:43,min-atr,0.0,75.366476,0.521951,-0.301885,-0.314103,40,4.970306873321533,tune_tmp/t5m5000_fix_s4_rays_min-atr_0p0.yaml,-1150.8912331
2025-09-02T02:21:48,min-atr,0.0008,75.366476,0.521951,-0.301885,-0.314103,40,5.325078248977661,tune_tmp/t5m5000_fix_s4_rays_min-atr_0p0008.yaml,-1150.8912331
2025-09-02T02:21:53,min-atr,0.0012,75.366476,0.521951,-0.301885,-0.314103,40,5.287775754928589,tune_tmp/t5m5000_fix_s4_rays_min-atr_0p0012.yaml,-1150.8912331
2025-09-02T02:21:58,side,LONG,75.366476,0.521951,-0.301885,-0.314103,40,4.981763601303101,tune_tmp/t5m5000_fix_s5_rays_side_LONG.yaml,-1150.8912331
2025-09-02T02:22:04,side,BOTH,75.366476,0.521951,-0.301885,-0.314103,40,5.824896335601807,tune_tmp/t5m5000_fix_s5_rays_side_BOTH.yaml,-1150.8912331
2025-09-02T02:22:10,top-n,10,75.366476,0.521951,-0.301885,-0.314103,40,5.6302220821380615,tune_tmp/t5m5000_fix_s6_rays_top-n_10.yaml,-1150.8912331
2025-09-02T02:22:15,top-n,12,75.366476,0.521951,-0.301885,-0.314103,40,5.203264236450195,tune_tmp/t5m5000_fix_s6_rays_top-n_12.yaml,-1150.8912331
2025-09-02T02:22:20,top-n,14,75.366476,0.521951,-0.301885,-0.314103,40,5.1891443729400635,tune_tmp/t5m5000_fix_s6_rays_top-n_14.yaml,-1150.8912331
2025-09-02T02:22:26,open_on_heat,0.0,75.366476,0.521951,-0.301885,-0.314103,40,5.420044183731079,tune_tmp/t5m5000_fix_s7_rays_open_on_heat_0p0.yaml,-1150.8912331
2025-09-02T02:22:31,open_on_heat,1.0,75.366476,0.521951,-0.301885,-0.314103,40,5.067562818527222,tune_tmp/t5m5000_fix_s7_rays_open_on_heat_1p0.yaml,-1150.8912331
2025-09-02T02:22:36,open_heat_min,0.01,75.366476,0.521951,-0.301885,-0.314103,40,5.645888090133667,tune_tmp/t5m5000_fix_s8_rays_open_heat_min_0p01.yaml,-1150.8912331
2025-09-02T02:22:42,open_heat_min,0.8,75.366476,0.521951,-0.301885,-0.314103,40,5.330969333648682,tune_tmp/t5m5000_fix_s8_rays_open_heat_min_0p8.yaml,-1150.8912331
2025-09-02T02:22:47,open_heat_min,0.9,75.366476,0.521951,-0.301885,-0.314103,40,5.624842882156372,tune_tmp/t5m5000_fix_s8_rays_open_heat_min_0p9.yaml,-1150.8912331
2025-09-02T02:22:53,open_heat_min,0.95,75.366476,0.521951,-0.301885,-0.314103,40,6.094145059585571,tune_tmp/t5m5000_fix_s8_rays_open_heat_min_0p95.yaml,-1150.8912331
2025-09-02T02:35:17,tp,3.25,74.889235,0.517161,-0.306476,-0.318251,40,4.448366641998291,tune_tmp/t5m5000_fix_s1_rays_tp_3p25.yaml,-1151.2005656666668
2025-09-02T02:35:21,tp,3.43,71.518178,0.416882,-0.314504,-0.41155,39,4.835317850112915,tune_tmp/t5m5000_fix_s1_rays_tp_3p43.yaml,-1178.7994748799997
2025-09-02T02:35:26,tp,3.5,70.804354,0.324069,-0.306951,-0.510496,35,4.683331727981567,tune_tmp/t5m5000_fix_s1_rays_tp_3p5.yaml,-1277.7499851
2025-09-02T02:35:30,tp,3.75,71.227554,0.337928,-0.306802,-0.494848,35,4.28658390045166,tune_tmp/t5m5000_fix_s1_rays_tp_3p75.yaml,-1277.3926350166666
2025-09-02T02:35:35,sl,1.02,75.366476,0.521951,-0.301885,-0.314103,40,4.311541557312012,tune_tmp/t5m5000_fix_s2_rays_sl_1p02.yaml,-1150.8912331
2025-09-02T02:35:39,sl,1.04,74.889235,0.517161,-0.306476,-0.318251,40,4.495289087295532,tune_tmp/t5m5000_fix_s2_rays_sl_1p04.yaml,-1151.2005656666668
2025-09-02T02:35:44,sl,1.08,82.316678,0.619719,-0.235023,-0.234782,35,5.025947332382202,tune_tmp/t5m5000_fix_s2_rays_sl_1p08.yaml,-1268.9018567833334
2025-09-02T02:35:49,sl,1.12,82.286518,0.619318,-0.235313,-0.235088,35,4.481271982192993,tune_tmp/t5m5000_fix_s2_rays_sl_1p12.yaml,-1268.9217892833333
2025-09-02T02:35:54,min-mom,0.02,75.366476,0.521951,-0.301885,-0.314103,40,5.637632369995117,tune_tmp/t5m5000_fix_s3_rays_min-mom_0p02.yaml,-1150.8912331
2025-09-02T02:35:59,min-mom,0.022,75.366476,0.521951,-0.301885,-0.314103,40,4.3835365772247314,tune_tmp/t5m5000_fix_s3_rays_min-mom_0p022.yaml,-1150.8912331
2025-09-02T02:36:04,min-mom,0.024,75.366476,0.521951,-0.301885,-0.314103,40,5.358053922653198,tune_tmp/t5m5000_fix_s3_rays_min-mom_0p024.yaml,-1150.8912331
2025-09-02T02:36:09,min-atr,0.0,75.366476,0.521951,-0.301885,-0.314103,40,5.023313283920288,tune_tmp/t5m5000_fix_s4_rays_min-atr_0p0.yaml,-1150.8912331
2025-09-02T02:36:15,min-atr,0.0008,75.366476,0.521951,-0.301885,-0.314103,40,5.661011695861816,tune_tmp/t5m5000_fix_s4_rays_min-atr_0p0008.yaml,-1150.8912331
2025-09-02T02:36:20,min-atr,0.0012,75.366476,0.521951,-0.301885,-0.314103,40,4.776334762573242,tune_tmp/t5m5000_fix_s4_rays_min-atr_0p0012.yaml,-1150.8912331
2025-09-02T02:36:25,side,LONG,75.366476,0.521951,-0.301885,-0.314103,40,4.898634195327759,tune_tmp/t5m5000_fix_s5_rays_side_LONG.yaml,-1150.8912331
2025-09-02T02:36:29,side,BOTH,75.366476,0.521951,-0.301885,-0.314103,40,4.909481763839722,tune_tmp/t5m5000_fix_s5_rays_side_BOTH.yaml,-1150.8912331
2025-09-02T02:36:34,top-n,10,75.366476,0.521951,-0.301885,-0.314103,40,4.96341872215271,tune_tmp/t5m5000_fix_s6_rays_top-n_10.yaml,-1150.8912331
2025-09-02T02:36:40,top-n,12,75.366476,0.521951,-0.301885,-0.314103,40,5.212589740753174,tune_tmp/t5m5000_fix_s6_rays_top-n_12.yaml,-1150.8912331
2025-09-02T02:36:44,top-n,14,75.366476,0.521951,-0.301885,-0.314103,40,4.451270580291748,tune_tmp/t5m5000_fix_s6_rays_top-n_14.yaml,-1150.8912331
2025-09-02T02:36:49,open_on_heat,0.0,75.366476,0.521951,-0.301885,-0.314103,40,4.665940761566162,tune_tmp/t5m5000_fix_s7_rays_open_on_heat_0p0.yaml,-1150.8912331
2025-09-02T02:36:54,open_on_heat,1.0,75.366476,0.521951,-0.301885,-0.314103,40,5.46760892868042,tune_tmp/t5m5000_fix_s7_rays_open_on_heat_1p0.yaml,-1150.8912331
2025-09-02T02:37:00,open_heat_min,0.01,75.366476,0.521951,-0.301885,-0.314103,40,5.5217061042785645,tune_tmp/t5m5000_fix_s8_rays_open_heat_min_0p01.yaml,-1150.8912331
2025-09-02T02:37:06,open_heat_min,0.8,75.366476,0.521951,-0.301885,-0.314103,40,5.854877233505249,tune_tmp/t5m5000_fix_s8_rays_open_heat_min_0p8.yaml,-1150.8912331
2025-09-02T02:37:11,open_heat_min,0.9,75.366476,0.521951,-0.301885,-0.314103,40,5.189209461212158,tune_tmp/t5m5000_fix_s8_rays_open_heat_min_0p9.yaml,-1150.8912331
2025-09-02T02:37:16,open_heat_min,0.95,75.366476,0.521951,-0.301885,-0.314103,40,5.230762004852295,tune_tmp/t5m5000_fix_s8_rays_open_heat_min_0p95.yaml,-1150.8912331
2025-09-04T13:52:42,strategy_params.tp_atr_mult,3.0,84.691168,0.446193,-0.163714,-0.382942,41,6.462655782699585,tune_tmp/t5m5000_fix_s1_rays_strategy_params.tp_atr_mult_3p0.yaml,-1132.0494198200001
2025-09-04T13:52:48,strategy_params.tp_atr_mult,3.4,83.364019,0.407755,-0.177691,-0.420701,39,6.499037742614746,tune_tmp/t5m5000_fix_s1_rays_strategy_params.tp_atr_mult_3p4.yaml,-1185.35261834
2025-09-04T13:52:55,strategy_params.tp_atr_mult,3.43,83.364019,0.407755,-0.177691,-0.420701,39,6.64223575592041,tune_tmp/t5m5000_fix_s1_rays_strategy_params.tp_atr_mult_3p43.yaml,-1185.35261834
2025-09-04T13:53:02,strategy_params.tp_atr_mult,3.8,83.200542,0.329636,-0.173298,-0.504171,35,6.448970794677734,tune_tmp/t5m5000_fix_s1_rays_strategy_params.tp_atr_mult_3p8.yaml,-1283.057455425
2025-09-04T13:53:08,strategy_params.tp_atr_mult,4.2,81.953853,0.378544,-0.181026,-0.450806,38,6.773423671722412,tune_tmp/t5m5000_fix_s1_rays_strategy_params.tp_atr_mult_4p2.yaml,-1211.6300291766668
2025-09-04T13:53:15,strategy_params.sl_atr_mult,1.04,84.691168,0.446193,-0.163714,-0.382942,41,6.622472286224365,tune_tmp/t5m5000_fix_s2_rays_strategy_params.sl_atr_mult_1p04.yaml,-1132.0494198200001
2025-09-04T13:53:22,strategy_params.sl_atr_mult,1.08,84.230901,0.459836,-0.176353,-0.370017,40,6.643110752105713,tune_tmp/t5m5000_fix_s2_rays_strategy_params.sl_atr_mult_1p08.yaml,-1159.3584769333333
2025-09-04T13:53:28,strategy_params.sl_atr_mult,1.12,83.755917,0.452474,-0.181059,-0.376961,41,6.702969551086426,tune_tmp/t5m5000_fix_s2_rays_strategy_params.sl_atr_mult_1p12.yaml,-1135.4855836133333
2025-09-04T14:18:35,strategy_params.tp_atr_mult,3.0,87.138683,0.574683,-0.161562,-0.270097,44,3.8646342754364014,tune_tmp/t5m5000_fix_s1_rays_strategy_params.tp_atr_mult_3p0.yaml,-36.933572
2025-09-04T14:18:39,strategy_params.tp_atr_mult,3.4,85.969387,0.545806,-0.198805,-0.293823,36,3.7881364822387695,tune_tmp/t5m5000_fix_s1_rays_strategy_params.tp_atr_mult_3p4.yaml,-47.199009600000004
2025-09-04T14:18:43,strategy_params.tp_atr_mult,3.43,85.969387,0.545806,-0.198805,-0.293823,36,4.111854314804077,tune_tmp/t5m5000_fix_s1_rays_strategy_params.tp_atr_mult_3p43.yaml,-47.199009600000004
2025-09-04T14:18:47,strategy_params.tp_atr_mult,3.8,94.3487,0.73902,-0.090683,-0.150073,26,3.8140180110931396,tune_tmp/t5m5000_fix_s1_rays_strategy_params.tp_atr_mult_3p8.yaml,-7.434458625000005
2025-09-04T14:18:51,strategy_params.tp_atr_mult,4.2,85.449746,0.617333,-0.250658,-0.236604,30,3.688148021697998,tune_tmp/t5m5000_fix_s1_rays_strategy_params.tp_atr_mult_4p2.yaml,-56.66267599999999
2025-09-04T14:18:54,strategy_params.sl_atr_mult,1.04,94.3487,0.73902,-0.090683,-0.150073,26,3.5569851398468018,tune_tmp/t5m5000_fix_s2_rays_strategy_params.sl_atr_mult_1p04.yaml,-7.434458625000005
2025-09-04T14:18:58,strategy_params.sl_atr_mult,1.08,93.082712,0.664707,-0.109761,-0.201412,24,3.513170003890991,tune_tmp/t5m5000_fix_s2_rays_strategy_params.sl_atr_mult_1p08.yaml,-11.364462399999997
2025-09-04T14:19:02,strategy_params.sl_atr_mult,1.12,91.132177,0.607291,-0.128416,-0.24433,24,4.025380849838257,tune_tmp/t5m5000_fix_s2_rays_strategy_params.sl_atr_mult_1p12.yaml,-18.033090400000003
2025-09-04T14:19:05,min-mom,0.0,94.3487,0.73902,-0.090683,-0.150073,26,3.2670035362243652,tune_tmp/t5m5000_fix_s3_rays_min-mom_0p0.yaml,-7.434458625000005
2025-09-04T14:19:09,min-mom,0.012,111.893781,1.341924,-0.09032,0.146001,48,3.386988878250122,tune_tmp/t5m5000_fix_s3_rays_min-mom_0p012.yaml,16.043026
2025-09-04T14:19:13,min-mom,0.018,111.893781,1.341924,-0.09032,0.146001,48,4.109844446182251,tune_tmp/t5m5000_fix_s3_rays_min-mom_0p018.yaml,16.043026
2025-09-04T14:19:16,min-mom,0.024,111.893781,1.341924,-0.09032,0.146001,48,3.454813241958618,tune_tmp/t5m5000_fix_s3_rays_min-mom_0p024.yaml,16.043026
2025-09-04T14:19:19,min-mom,0.03,111.893781,1.341924,-0.09032,0.146001,48,3.1198408603668213,tune_tmp/t5m5000_fix_s3_rays_min-mom_0p03.yaml,16.043026
2025-09-04T14:19:23,min-atr,0.0,111.893781,1.341924,-0.09032,0.146001,48,3.5970983505249023,tune_tmp/t5m5000_fix_s4_rays_min-atr_0p0.yaml,16.043026
2025-09-04T14:19:26,min-atr,0.0005,111.893781,1.341924,-0.09032,0.146001,48,3.6032087802886963,tune_tmp/t5m5000_fix_s4_rays_min-atr_0p0005.yaml,16.043026
2025-09-04T14:19:30,min-atr,0.0008,111.893781,1.341924,-0.09032,0.146001,48,3.805875301361084,tune_tmp/t5m5000_fix_s4_rays_min-atr_0p0008.yaml,16.043026
2025-09-04T14:19:34,min-atr,0.001,111.893781,1.341924,-0.09032,0.146001,48,3.437234401702881,tune_tmp/t5m5000_fix_s4_rays_min-atr_0p001.yaml,16.043026
2025-09-04T14:19:37,min-atr,0.0015,111.893781,1.341924,-0.09032,0.146001,48,3.207613706588745,tune_tmp/t5m5000_fix_s4_rays_min-atr_0p0015.yaml,16.043026
2025-09-04T14:19:40,min-atr,0.002,111.893781,1.341924,-0.09032,0.146001,48,3.491034507751465,tune_tmp/t5m5000_fix_s4_rays_min-atr_0p002.yaml,16.043026
2025-09-04T14:19:44,strategy_params.min_qv_24h,200000,111.893781,1.341924,-0.09032,0.146001,48,3.6388564109802246,tune_tmp/t5m5000_fix_s5_rays_strategy_params.min_qv_24h_200000.yaml,16.043026
2025-09-04T14:19:47,strategy_params.min_qv_24h,400000,111.592489,1.3304,-0.090572,0.141778,48,3.190986394882202,tune_tmp/t5m5000_fix_s5_rays_strategy_params.min_qv_24h_400000.yaml,15.605379000000001
2025-09-04T14:19:51,strategy_params.min_qv_24h,800000,107.242585,1.241493,-0.090572,0.107738,39,3.2650187015533447,tune_tmp/t5m5000_fix_s5_rays_strategy_params.min_qv_24h_800000.yaml,10.068752437500006
2025-09-04T14:19:54,strategy_params.min_qv_24h,1200000,106.384246,1.238221,-0.130555,0.106433,37,3.6602275371551514,tune_tmp/t5m5000_fix_s5_rays_strategy_params.min_qv_24h_1200000.yaml,0.1271664625000057
2025-09-04T14:19:58,strategy_params.min_qv_1h,10000,88.777272,0.748782,-0.275159,-0.143653,40,3.4515583515167236,tune_tmp/t5m5000_fix_s6_rays_strategy_params.min_qv_1h_10000.yaml,-67.000873
2025-09-04T14:20:01,strategy_params.min_qv_1h,20000,100.992327,1.022035,-0.161638,0.010897,54,3.273129463195801,tune_tmp/t5m5000_fix_s6_rays_strategy_params.min_qv_1h_20000.yaml,-17.224237999999996
2025-09-04T14:20:05,strategy_params.min_qv_1h,40000,109.708549,1.398558,-0.075095,0.166166,27,3.8894855976104736,tune_tmp/t5m5000_fix_s6_rays_strategy_params.min_qv_1h_40000.yaml,12.164653162500004
2025-09-04T14:20:08,strategy_params.min_qv_1h,60000,97.852977,0.92529,-0.080576,-0.038804,24,3.2763772010803223,tune_tmp/t5m5000_fix_s6_rays_strategy_params.min_qv_1h_60000.yaml,-2.4705144000000043
2025-09-04T14:20:12,top-n,8,109.708549,1.398558,-0.075095,0.166166,27,4.170642852783203,tune_tmp/t5m5000_fix_s7_rays_top-n_8.yaml,12.164653162500004
2025-09-04T14:20:16,top-n,10,109.708549,1.398558,-0.075095,0.166166,27,3.6568005084991455,tune_tmp/t5m5000_fix_s7_rays_top-n_10.yaml,12.164653162500004
2025-09-04T14:20:19,top-n,12,109.708549,1.398558,-0.075095,0.166166,27,3.363257646560669,tune_tmp/t5m5000_fix_s7_rays_top-n_12.yaml,12.164653162500004
2025-09-04T14:20:23,side,LONG,109.708549,1.398558,-0.075095,0.166166,27,3.70161509513855,tune_tmp/t5m5000_fix_s8_rays_side_LONG.yaml,12.164653162500004
2025-09-04T14:20:27,side,BOTH,109.708549,1.398558,-0.075095,0.166166,27,4.072201251983643,tune_tmp/t5m5000_fix_s8_rays_side_BOTH.yaml,12.164653162500004
2025-09-04T14:20:31,position_notional,60,109.708549,1.398558,-0.075095,0.166166,27,3.5245184898376465,tune_tmp/t5m5000_fix_s9_rays_position_notional_60.yaml,12.164653162500004
2025-09-04T14:20:34,position_notional,80,109.708549,1.398558,-0.075095,0.166166,27,3.581761598587036,tune_tmp/t5m5000_fix_s9_rays_position_notional_80.yaml,12.164653162500004
2025-09-04T14:20:37,position_notional,100,109.708549,1.398558,-0.075095,0.166166,27,3.1957452297210693,tune_tmp/t5m5000_fix_s9_rays_position_notional_100.yaml,12.164653162500004
2025-09-04T14:20:41,position_notional,120,109.708549,1.398558,-0.075095,0.166166,27,3.246448040008545,tune_tmp/t5m5000_fix_s9_rays_position_notional_120.yaml,12.164653162500004
2025-09-04T14:20:44,portfolio.max_notional_frac,0.7,106.01982,1.284223,-0.049974,0.124429,21,3.0048511028289795,tune_tmp/t5m5000_fix_s10_rays_portfolio.max_notional_frac_0p7.yaml,7.231698687499995
2025-09-04T14:20:47,portfolio.max_notional_frac,0.8,106.01982,1.284223,-0.049974,0.124429,21,3.3912081718444824,tune_tmp/t5m5000_fix_s10_rays_portfolio.max_notional_frac_0p8.yaml,7.231698687499995
2025-09-04T14:20:50,portfolio.max_notional_frac,0.9,109.708549,1.398558,-0.075095,0.166166,27,3.2801637649536133,tune_tmp/t5m5000_fix_s10_rays_portfolio.max_notional_frac_0p9.yaml,12.164653162500004
2025-09-04T14:20:54,portfolio.max_notional_frac,1.0,105.934937,1.210961,-0.077736,0.095416,31,3.3462460041046143,tune_tmp/t5m5000_fix_s10_rays_portfolio.max_notional_frac_1p0.yaml,7.562943962500005
2025-09-04T14:20:57,open_on_heat,0.0,109.708549,1.398558,-0.075095,0.166166,27,3.2978689670562744,tune_tmp/t5m5000_fix_s11_rays_open_on_heat_0p0.yaml,12.164653162500004
2025-09-04T14:21:00,strategy_params.length,10.0,109.708549,1.398558,-0.075095,0.166166,27,3.4229612350463867,tune_tmp/t5m5000_fix_s12_rays_strategy_params.length_10p0.yaml,12.164653162500004
2025-09-04T14:21:05,strategy_params.length,12.0,95.98673,0.853881,-0.103184,-0.078818,22,4.038380146026611,tune_tmp/t5m5000_fix_s12_rays_strategy_params.length_12p0.yaml,-5.288406250000003
2025-09-04T14:21:08,strategy_params.length,14.0,96.28488,0.863252,-0.081529,-0.073392,21,3.7318837642669678,tune_tmp/t5m5000_fix_s12_rays_strategy_params.length_14p0.yaml,-4.1552894999999985
2025-09-04T14:21:12,strategy_params.length,16.0,97.419172,0.914901,-0.082649,-0.044441,24,3.9542768001556396,tune_tmp/t5m5000_fix_s12_rays_strategy_params.length_16p0.yaml,-2.923218399999998
2025-09-04T14:21:16,strategy_params.length,20.0,88.802894,0.671271,-0.16271,-0.196694,22,3.730729103088379,tune_tmp/t5m5000_fix_s12_rays_strategy_params.length_20p0.yaml,-26.56767115
2025-09-04T16:51:24,strategy_params.tp_atr_mult,3.0,96.713656,0.935875,-0.117144,-0.033125,63,6.205546855926514,tune_tmp/t5m5000_fix_s1_rays_strategy_params.tp_atr_mult_3p0.yaml,-4.0932189999999995
2025-09-04T16:51:30,strategy_params.tp_atr_mult,3.4,79.185123,0.62722,-0.28885,-0.22909,58,6.335887908935547,tune_tmp/t5m5000_fix_s1_rays_strategy_params.tp_atr_mult_3p4.yaml,-25.688126999999998
2025-09-04T16:51:37,strategy_params.tp_atr_mult,3.8,91.680243,0.836025,-0.200331,-0.08931,55,6.609441041946411,tune_tmp/t5m5000_fix_s1_rays_strategy_params.tp_atr_mult_3p8.yaml,-10.406056999999995
2025-09-04T16:51:44,strategy_params.tp_atr_mult,4.2,74.803893,0.561744,-0.299238,-0.28062,57,6.6763856410980225,tune_tmp/t5m5000_fix_s1_rays_strategy_params.tp_atr_mult_4p2.yaml,-30.981766999999994
2025-09-04T16:56:27,strategy_params.tp_atr_mult,3.0,53.522419,0.907508,-0.574648,-0.048489,629,36.148093938827515,tune_tmp/t5m5000_fix_s1_rays_strategy_params.tp_atr_mult_3p0.yaml,-47.644946
2025-09-04T16:57:02,strategy_params.tp_atr_mult,3.4,52.993052,0.900302,-0.618669,-0.052465,555,34.72778272628784,tune_tmp/t5m5000_fix_s1_rays_strategy_params.tp_atr_mult_3p4.yaml,-48.266253
2025-09-04T16:57:37,strategy_params.tp_atr_mult,3.8,105.627805,1.010824,-0.379722,0.005383,629,34.998759508132935,tune_tmp/t5m5000_fix_s1_rays_strategy_params.tp_atr_mult_3p8.yaml,5.762959999999994
2025-09-04T16:58:10,strategy_params.tp_atr_mult,4.2,62.718419,0.902354,-0.616319,-0.051329,418,32.88036632537842,tune_tmp/t5m5000_fix_s1_rays_strategy_params.tp_atr_mult_4p2.yaml,-38.514686000000005
2025-09-04T16:58:43,strategy_params.sl_atr_mult,1.04,105.627805,1.010824,-0.379722,0.005383,629,33.49286985397339,tune_tmp/t5m5000_fix_s2_rays_strategy_params.sl_atr_mult_1p04.yaml,5.762959999999994
2025-09-04T16:59:19,strategy_params.sl_atr_mult,1.08,57.458312,0.922004,-0.62911,-0.040581,609,36.057288646698,tune_tmp/t5m5000_fix_s2_rays_strategy_params.sl_atr_mult_1p08.yaml,-43.524553000000004
2025-09-04T16:59:55,strategy_params.sl_atr_mult,1.12,42.207589,0.8121,-0.847778,-0.103692,340,35.64208006858826,tune_tmp/t5m5000_fix_s2_rays_strategy_params.sl_atr_mult_1p12.yaml,-60.189871
2025-09-04T17:00:34,min-mom,0.012,105.627805,1.010824,-0.379722,0.005383,629,38.89584279060364,tune_tmp/t5m5000_fix_s3_rays_min-mom_0p012.yaml,5.762959999999994
2025-09-04T17:01:13,min-mom,0.018,105.627805,1.010824,-0.379722,0.005383,629,39.402848958969116,tune_tmp/t5m5000_fix_s3_rays_min-mom_0p018.yaml,5.762959999999994
2025-09-04T17:01:52,min-mom,0.024,105.627805,1.010824,-0.379722,0.005383,629,39.096665143966675,tune_tmp/t5m5000_fix_s3_rays_min-mom_0p024.yaml,5.762959999999994
2025-09-04T17:02:29,min-mom,0.03,105.627805,1.010824,-0.379722,0.005383,629,36.825456857681274,tune_tmp/t5m5000_fix_s3_rays_min-mom_0p03.yaml,5.762959999999994
2025-09-04T17:03:04,min-atr,0.0005,105.627805,1.010824,-0.379722,0.005383,629,34.684674978256226,tune_tmp/t5m5000_fix_s4_rays_min-atr_0p0005.yaml,5.762959999999994
2025-09-04T17:03:40,min-atr,0.0008,105.627805,1.010824,-0.379722,0.005383,629,35.9400372505188,tune_tmp/t5m5000_fix_s4_rays_min-atr_0p0008.yaml,5.762959999999994
2025-09-04T17:04:16,min-atr,0.001,105.627805,1.010824,-0.379722,0.005383,629,36.631844997406006,tune_tmp/t5m5000_fix_s4_rays_min-atr_0p001.yaml,5.762959999999994
2025-09-04T17:04:50,min-atr,0.0015,105.627805,1.010824,-0.379722,0.005383,629,33.84615755081177,tune_tmp/t5m5000_fix_s4_rays_min-atr_0p0015.yaml,5.762959999999994
2025-09-04T17:05:23,min-atr,0.002,105.627805,1.010824,-0.379722,0.005383,629,33.10911202430725,tune_tmp/t5m5000_fix_s4_rays_min-atr_0p002.yaml,5.762959999999994
2025-09-04T17:05:58,strategy_params.min_qv_24h,200000.0,105.627805,1.010824,-0.379722,0.005383,629,34.88645315170288,tune_tmp/t5m5000_fix_s5_rays_strategy_params.min_qv_24h_200000p0.yaml,5.762959999999994
2025-09-04T17:06:39,strategy_params.min_qv_24h,400000.0,105.627805,1.010824,-0.379722,0.005383,629,40.640888929367065,tune_tmp/t5m5000_fix_s5_rays_strategy_params.min_qv_24h_400000p0.yaml,5.762959999999994
2025-09-04T17:07:14,strategy_params.min_qv_24h,800000.0,105.627805,1.010824,-0.379722,0.005383,629,34.83867073059082,tune_tmp/t5m5000_fix_s5_rays_strategy_params.min_qv_24h_800000p0.yaml,5.762959999999994
2025-09-04T17:07:48,strategy_params.min_qv_24h,1200000.0,105.627805,1.010824,-0.379722,0.005383,629,34.77559971809387,tune_tmp/t5m5000_fix_s5_rays_strategy_params.min_qv_24h_1200000p0.yaml,5.762959999999994
2025-09-04T17:08:25,strategy_params.min_qv_1h,10000.0,105.627805,1.010824,-0.379722,0.005383,629,36.0325882434845,tune_tmp/t5m5000_fix_s6_rays_strategy_params.min_qv_1h_10000p0.yaml,5.762959999999994
2025-09-04T17:08:59,strategy_params.min_qv_1h,20000.0,105.627805,1.010824,-0.379722,0.005383,629,34.8643114566803,tune_tmp/t5m5000_fix_s6_rays_strategy_params.min_qv_1h_20000p0.yaml,5.762959999999994
2025-09-04T17:09:34,strategy_params.min_qv_1h,40000.0,105.627805,1.010824,-0.379722,0.005383,629,34.926795959472656,tune_tmp/t5m5000_fix_s6_rays_strategy_params.min_qv_1h_40000p0.yaml,5.762959999999994
2025-09-04T17:10:10,strategy_params.min_qv_1h,60000.0,105.627805,1.010824,-0.379722,0.005383,629,35.87568283081055,tune_tmp/t5m5000_fix_s6_rays_strategy_params.min_qv_1h_60000p0.yaml,5.762959999999994
2025-09-04T17:10:45,top-n,8.0,105.627805,1.010824,-0.379722,0.005383,629,35.06539559364319,tune_tmp/t5m5000_fix_s7_rays_top-n_8p0.yaml,5.762959999999994
2025-09-04T17:11:21,top-n,10.0,105.627805,1.010824,-0.379722,0.005383,629,35.482786655426025,tune_tmp/t5m5000_fix_s7_rays_top-n_10p0.yaml,5.762959999999994
2025-09-04T17:11:55,top-n,12.0,105.627805,1.010824,-0.379722,0.005383,629,34.151758670806885,tune_tmp/t5m5000_fix_s7_rays_top-n_12p0.yaml,5.762959999999994
2025-09-04T17:12:29,side,BOTH,105.627805,1.010824,-0.379722,0.005383,629,34.31551790237427,tune_tmp/t5m5000_fix_s8_rays_side_BOTH.yaml,5.762959999999994
2025-09-04T17:13:05,side,LONG,105.627805,1.010824,-0.379722,0.005383,629,35.59918165206909,tune_tmp/t5m5000_fix_s8_rays_side_LONG.yaml,5.762959999999994
2025-09-04T17:13:39,position_notional,60.0,105.627805,1.010824,-0.379722,0.005383,629,34.2597930431366,tune_tmp/t5m5000_fix_s9_rays_position_notional_60p0.yaml,5.762959999999994
2025-09-04T17:14:15,position_notional,80.0,105.627805,1.010824,-0.379722,0.005383,629,36.11328077316284,tune_tmp/t5m5000_fix_s9_rays_position_notional_80p0.yaml,5.762959999999994
2025-09-04T17:14:50,position_notional,100.0,105.627805,1.010824,-0.379722,0.005383,629,35.08193874359131,tune_tmp/t5m5000_fix_s9_rays_position_notional_100p0.yaml,5.762959999999994
2025-09-04T17:15:26,position_notional,120.0,105.627805,1.010824,-0.379722,0.005383,629,35.53857493400574,tune_tmp/t5m5000_fix_s9_rays_position_notional_120p0.yaml,5.762959999999994
2025-09-04T17:16:01,portfolio.max_notional_frac,0.7,120.879402,1.041142,-0.304686,0.020156,600,35.43168520927429,tune_tmp/t5m5000_fix_s10_rays_portfolio.max_notional_frac_0p7.yaml,21.391602
2025-09-04T17:16:37,portfolio.max_notional_frac,0.8,99.721937,0.999473,-0.525846,-0.000264,611,35.755629539489746,tune_tmp/t5m5000_fix_s10_rays_portfolio.max_notional_frac_0p8.yaml,-0.2846530000000036
2025-09-04T17:17:13,portfolio.max_notional_frac,0.9,105.627805,1.010824,-0.379722,0.005383,629,36.04065775871277,tune_tmp/t5m5000_fix_s10_rays_portfolio.max_notional_frac_0p9.yaml,5.762959999999994
2025-09-04T17:17:49,portfolio.max_notional_frac,1.0,83.261019,0.965943,-0.506094,-0.017323,568,35.85624814033508,tune_tmp/t5m5000_fix_s10_rays_portfolio.max_notional_frac_1p0.yaml,-17.166165999999993
2025-09-04T17:18:26,open_on_heat,0.0,120.879402,1.041142,-0.304686,0.020156,600,36.74767780303955,tune_tmp/t5m5000_fix_s11_rays_open_on_heat_0p0.yaml,21.391602
2025-09-04T17:19:01,strategy_params.length,10.0,121.187433,1.039453,-0.250003,0.019345,652,34.83877110481262,tune_tmp/t5m5000_fix_s12_rays_strategy_params.length_10p0.yaml,21.678687999999998
2025-09-04T17:19:36,strategy_params.length,12.0,54.056751,0.8361,-0.763154,-0.089265,335,35.84237837791443,tune_tmp/t5m5000_fix_s12_rays_strategy_params.length_12p0.yaml,-48.028574000000006
2025-09-04T17:20:12,strategy_params.length,14.0,120.879402,1.041142,-0.304686,0.020156,600,35.03939342498779,tune_tmp/t5m5000_fix_s12_rays_strategy_params.length_14p0.yaml,21.391602
2025-09-04T17:20:47,strategy_params.length,16.0,57.78294,0.890945,-0.513099,-0.057672,430,35.70018005371094,tune_tmp/t5m5000_fix_s12_rays_strategy_params.length_16p0.yaml,-43.595969999999994
2025-09-04T17:21:23,strategy_params.length,20.0,89.047862,0.967991,-0.420751,-0.016265,389,35.853328227996826,tune_tmp/t5m5000_fix_s12_rays_strategy_params.length_20p0.yaml,-11.353553000000005
