idx,name,risk_ratio,custom,total_pnl_mtm_eval,realized_pnl_total,unrealized_pnl_total,return_mtm_pct_on_start,mdd_mtm_%,mdd_realized_%,trades_total,trades_long,trades_short,total_order_events,margin_call_events_total,elapsed_sec,mods,error,abs_mdd,abs_unr,tail_ratio
4,tp065_l11_expo20_10,12.688405972750662,12.666284383684602,199.11903887714837,295.2258974928821,-96.10685861573376,99.55951943857416,-15.692990853600678,-1.1060794533030542,4409,1245,3164,8297,0,3.705766916275024,"{""strategy_params_long.maxLongInvestPct"": 2.0, ""strategy_params_long.subSellTPPercent"": 1.815, ""strategy_params_long.tpPercent"": 1.1, ""strategy_params_short.maxShortInvestPct"": 1.0, ""strategy_params_short.subSellTPPercent"": 1.56, ""strategy_params_short.tpPercent"": 0.65}",,15.692990853600678,96.10685861573376,0.48266031795698533
23,tp_current_s0.65_l1.1,12.233318438094942,12.20386976575184,209.4106477281547,305.7614844643448,-96.35083673619008,104.70532386407734,-17.11805744188292,-1.47243361715513,4169,1245,2924,7853,0,3.1986758708953857,"{""strategy_params_long.subSellTPPercent"": 1.815, ""strategy_params_long.tpPercent"": 1.1, ""strategy_params_short.subSellTPPercent"": 1.56, ""strategy_params_short.tpPercent"": 0.65}",,17.11805744188292,96.35083673619008,0.4601047644017958
0,best_tp065_l11,12.233318438094942,12.20386976575184,209.4106477281547,305.7614844643448,-96.35083673619008,104.70532386407734,-17.11805744188292,-1.47243361715513,4169,1245,2924,7853,0,3.3691532611846924,"{""strategy_params_long.subSellTPPercent"": 1.815, ""strategy_params_long.tpPercent"": 1.1, ""strategy_params_short.subSellTPPercent"": 1.56, ""strategy_params_short.tpPercent"": 0.65}",,17.11805744188292,96.35083673619008,0.4601047644017958
1,tp075_l13,12.00571045030562,11.975218439356365,186.17145873478773,293.1151278814625,-106.94366914667478,93.08572936739388,-15.506908941823475,-1.5246005474627602,2394,1002,1392,4763,0,3.0094187259674072,"{""strategy_params_long.subSellTPPercent"": 2.145, ""strategy_params_long.tpPercent"": 1.3, ""strategy_params_short.subSellTPPercent"": 1.8, ""strategy_params_short.tpPercent"": 0.75}",,15.506908941823475,106.94366914667478,0.5744364354958531
2,tp085_l15,11.140358277290948,10.950602926380183,179.38963107878075,295.19403589994505,-115.8044048211643,89.69481553939039,-16.102680597306946,-1.3171413716422335,2097,850,1247,4180,0,3.6129112243652335,"{""strategy_params_long.subSellTPPercent"": 2.475, ""strategy_params_long.tpPercent"": 1.5, ""strategy_params_short.subSellTPPercent"": 2.04, ""strategy_params_short.tpPercent"": 0.85}",,16.102680597306946,115.8044048211643,0.6455468140759353
5,tp065_l11_expo23_10,11.022710931897608,11.007489395864557,197.4748159806824,288.2831480503514,-90.80833206966896,98.7374079903412,-17.915267596216122,-0.7610768016526459,4356,1192,3164,8048,0,3.881846427917481,"{""strategy_params_long.maxLongInvestPct"": 2.3, ""strategy_params_long.subSellTPPercent"": 1.815, ""strategy_params_long.tpPercent"": 1.1, ""strategy_params_short.maxShortInvestPct"": 1.0, ""strategy_params_short.subSellTPPercent"": 1.56, ""strategy_params_short.tpPercent"": 0.65}",,17.915267596216122,90.80833206966896,0.45984766016215517
6,tp065_l11_expo26_10,9.819314479839312,9.804072265062128,199.6803786515078,301.4114913939343,-101.73111274242648,99.8401893257539,-20.335470369289517,-0.7621107388592032,4355,1191,3164,8117,0,5.209037065505981,"{""strategy_params_long.maxLongInvestPct"": 2.6, ""strategy_params_long.subSellTPPercent"": 1.815, ""strategy_params_long.tpPercent"": 1.1, ""strategy_params_short.maxShortInvestPct"": 1.0, ""strategy_params_short.subSellTPPercent"": 1.56, ""strategy_params_short.tpPercent"": 0.65}",,20.335470369289517,101.73111274242648,0.5094697507558953
9,tp075_l13_expo26_10,9.55747363317253,9.536476501520744,190.60561186506052,285.41991865982675,-94.8143067947662,95.30280593253028,-19.94309575738693,-1.0498565825892323,2596,931,1665,4855,0,3.480019807815552,"{""strategy_params_long.maxLongInvestPct"": 2.6, ""strategy_params_long.subSellTPPercent"": 2.145, ""strategy_params_long.tpPercent"": 1.3, ""strategy_params_short.maxShortInvestPct"": 1.0, ""strategy_params_short.subSellTPPercent"": 1.8, ""strategy_params_short.tpPercent"": 0.75}",,19.94309575738693,94.8143067947662,0.4974371209064406
7,tp075_l13_expo20_10,9.42327722771213,9.402125140804316,178.51571125580537,281.8261157590913,-103.31040450328598,89.25785562790269,-18.94412176804301,-1.0576043453907542,2667,1002,1665,5142,0,3.305002450942993,"{""strategy_params_long.maxLongInvestPct"": 2.0, ""strategy_params_long.subSellTPPercent"": 2.145, ""strategy_params_long.tpPercent"": 1.3, ""strategy_params_short.maxShortInvestPct"": 1.0, ""strategy_params_short.subSellTPPercent"": 1.8, ""strategy_params_short.tpPercent"": 0.75}",,18.94412176804301,103.31040450328598,0.5787188353144256
8,tp075_l13_expo23_10,9.27698959017517,9.25540632208195,176.98302388352317,272.0975120918385,-95.11448820831536,88.49151194176156,-19.077635278469828,-1.0791634046610294,2619,954,1665,4951,0,3.5269484519958496,"{""strategy_params_long.maxLongInvestPct"": 2.3, ""strategy_params_long.subSellTPPercent"": 2.145, ""strategy_params_long.tpPercent"": 1.3, ""strategy_params_short.maxShortInvestPct"": 1.0, ""strategy_params_short.subSellTPPercent"": 1.8, ""strategy_params_short.tpPercent"": 0.75}",,19.077635278469828,95.11448820831536,0.5374215341179418
28,combo_l2_s1.5_st0.4_lt0.7,9.142585780264602,9.108002510642564,163.43104198028837,249.92612400974227,-86.4950820294539,81.71552099014419,-17.8758007754299,-1.7291634811018732,5869,2510,3359,11230,0,3.877998352050781,"{""strategy_params_long.maxLongInvestPct"": 2, ""strategy_params_long.subSellTPPercent"": 1.155, ""strategy_params_long.tpPercent"": 0.7, ""strategy_params_short.maxShortInvestPct"": 1.5, ""strategy_params_short.subSellTPPercent"": 0.96, ""strategy_params_short.tpPercent"": 0.4}",,17.8758007754299,86.4950820294539,0.5292451237010787
21,tp_current_s0.4_l0.7,9.142585780264602,9.108002510642564,163.43104198028837,249.92612400974227,-86.4950820294539,81.71552099014419,-17.8758007754299,-1.7291634811018732,5869,2510,3359,11230,0,2.4708354473114014,"{""strategy_params_long.subSellTPPercent"": 1.155, ""strategy_params_long.tpPercent"": 0.7, ""strategy_params_short.subSellTPPercent"": 0.96, ""strategy_params_short.tpPercent"": 0.4}",,17.8758007754299,86.4950820294539,0.5292451237010787
22,tp_current_s0.5_l0.9,8.850007092677707,8.716780917416404,151.63171262223787,247.6478779008962,-96.01616527865832,75.81585631111894,-17.13351311861597,-1.6241710577495676,4818,1545,3273,9201,0,3.888667106628418,"{""strategy_params_long.subSellTPPercent"": 1.485, ""strategy_params_long.tpPercent"": 0.9, ""strategy_params_short.subSellTPPercent"": 1.2, ""strategy_params_short.tpPercent"": 0.5}",,17.13351311861597,96.01616527865832,0.6332195529431544
27,combo_l2_s1.5_st0.33_lt0.55,8.29529230352186,8.24865497090093,135.6351133469518,202.2586633669297,-66.62355001997788,67.8175566734759,-16.350854000571672,-2.3318666310465144,6355,2850,3505,12167,0,3.94267201423645,"{""strategy_params_long.maxLongInvestPct"": 2, ""strategy_params_long.subSellTPPercent"": 0.907, ""strategy_params_long.tpPercent"": 0.55, ""strategy_params_short.maxShortInvestPct"": 1.5, ""strategy_params_short.subSellTPPercent"": 0.792, ""strategy_params_short.tpPercent"": 0.33}",,16.350854000571672,66.62355001997788,0.4911969207380409
20,tp_current_s0.33_l0.55,8.29529230352186,8.24865497090093,135.6351133469518,202.2586633669297,-66.62355001997788,67.8175566734759,-16.350854000571672,-2.3318666310465144,6355,2850,3505,12167,0,3.915075302124024,"{""strategy_params_long.subSellTPPercent"": 0.907, ""strategy_params_long.tpPercent"": 0.55, ""strategy_params_short.subSellTPPercent"": 0.792, ""strategy_params_short.tpPercent"": 0.33}",,16.350854000571672,66.62355001997788,0.4911969207380409
33,combo_l1.5_s1.0_st0.4_lt0.7,6.7346353872845794,6.5606449650630365,140.39403026153815,231.89274896489897,-91.49871870336084,70.19701513076907,-20.84656736229715,-1.4372205646391694,6606,2610,3996,12725,0,3.0237748622894287,"{""strategy_params_long.maxLongInvestPct"": 1.5, ""strategy_params_long.subSellTPPercent"": 1.155, ""strategy_params_long.tpPercent"": 0.7, ""strategy_params_short.maxShortInvestPct"": 1.0, ""strategy_params_short.subSellTPPercent"": 0.96, ""strategy_params_short.tpPercent"": 0.4}",,20.84656736229715,91.49871870336084,0.651727986816171
32,combo_l1.5_s1.0_st0.33_lt0.55,6.470346440470935,6.422392543161271,112.91378364409456,180.76753588430796,-67.85375224021337,56.45689182204728,-17.450964130427042,-2.2922128117265355,6932,2988,3944,13286,0,3.71009373664856,"{""strategy_params_long.maxLongInvestPct"": 1.5, ""strategy_params_long.subSellTPPercent"": 0.907, ""strategy_params_long.tpPercent"": 0.55, ""strategy_params_short.maxShortInvestPct"": 1.0, ""strategy_params_short.subSellTPPercent"": 0.792, ""strategy_params_short.tpPercent"": 0.33}",,17.450964130427042,67.85375224021337,0.6009341822614775
37,combo_l1.2_s1.0_st0.33_lt0.55,6.139495767423862,6.059138586165873,105.48958661287185,170.44577257581255,-64.95618596294071,52.74479330643592,-17.182125472355423,-2.3554250676818698,6955,3011,3944,13324,0,3.5376782417297363,"{""strategy_params_long.maxLongInvestPct"": 1.2, ""strategy_params_long.subSellTPPercent"": 0.907, ""strategy_params_long.tpPercent"": 0.55, ""strategy_params_short.maxShortInvestPct"": 1.0, ""strategy_params_short.subSellTPPercent"": 0.792, ""strategy_params_short.tpPercent"": 0.33}",,17.182125472355423,64.95618596294071,0.6157592237167299
38,combo_l1.2_s1.0_st0.4_lt0.7,5.993575666180735,5.818869869588796,134.81062294852325,222.96517546318503,-88.15455251466179,67.40531147426162,-22.492520401336343,-1.4671110840491235,6652,2656,3996,12807,0,3.70571231842041,"{""strategy_params_long.maxLongInvestPct"": 1.2, ""strategy_params_long.subSellTPPercent"": 1.155, ""strategy_params_long.tpPercent"": 0.7, ""strategy_params_short.maxShortInvestPct"": 1.0, ""strategy_params_short.subSellTPPercent"": 0.96, ""strategy_params_short.tpPercent"": 0.4}",,22.492520401336343,88.15455251466179,0.6539139912462474
12,expo_l2.0_s1.0,5.819416223835439,5.745919150993848,85.46603513118124,124.2720595133298,-38.80602438214856,42.73301756559063,-14.68635887928508,-3.674853642079497,7846,2898,4948,15421,0,2.912367582321167,"{""strategy_params_long.maxLongInvestPct"": 2.0, ""strategy_params_short.maxShortInvestPct"": 1.0}",,14.68635887928508,38.80602438214856,0.454052002325666
11,expo_l2.3_s1.2,5.436755411367669,5.349816859856469,85.24833870558517,129.96600127907007,-44.7176625734849,42.624169352792585,-15.680002548457503,-4.346927575559951,7806,2830,4976,15388,0,4.067664623260498,"{""strategy_params_long.maxLongInvestPct"": 2.3, ""strategy_params_short.maxShortInvestPct"": 1.2}",,15.680002548457503,44.7176625734849,0.524557583789667
14,expo_l2.6_s1.2,5.360488033555494,5.1949311993496,82.55998808564209,136.10613330010065,-53.54614521445856,41.279994042821045,-15.40158052192906,-4.267689347221404,7742,2766,4976,15291,0,3.846815586090088,"{""strategy_params_long.maxLongInvestPct"": 2.6, ""strategy_params_short.maxShortInvestPct"": 1.2}",,15.40158052192906,53.54614521445856,0.6485725889266536
13,expo_l2.6_s1.0,5.158820233718418,4.983462837759706,80.56868759899513,134.1114963467046,-53.54280874770947,40.28434379949756,-15.6176575164206,-3.5662736096232,7714,2766,4948,15180,0,4.136453866958618,"{""strategy_params_long.maxLongInvestPct"": 2.6, ""strategy_params_short.maxShortInvestPct"": 1.0}",,15.6176575164206,53.54280874770947,0.664561014251612
1,expo_l2_s1.5,4.981163066003284,4.884068450944014,88.70323282369415,127.51759837271683,-38.8143655490227,44.35161641184707,-17.80773519122445,-4.854730752963503,7748,2898,4850,15259,0,3.943243741989136,"{""strategy_params_long.maxLongInvestPct"": 2, ""strategy_params_short.maxShortInvestPct"": 1.5}",,17.80773519122445,38.8143655490227,0.4375755461604182
0,start,4.981163066003284,4.884068450944014,88.70323282369415,127.51759837271683,-38.8143655490227,44.35161641184707,-17.80773519122445,-4.854730752963503,7748,2898,4850,15259,0,3.9559311866760254,{},,17.80773519122445,38.8143655490227,0.4375755461604182
2,expo_l1.8_s1.2,4.942111880010635,4.853679770494276,80.0462743594657,124.38068385283654,-44.33440949337084,40.02313717973285,-16.196775043322866,-4.421605475817927,7887,2911,4976,15576,0,3.967485427856445,"{""strategy_params_long.maxLongInvestPct"": 1.8, ""strategy_params_short.maxShortInvestPct"": 1.2}",,16.196775043322866,44.33440949337084,0.5538597498526572
18,tp_current_s0.245_l0.33,4.858880883071882,4.764607148525089,87.192094985629,126.00646053465142,-38.814365549022426,43.5960474928145,-17.94489247295653,-4.713686727339654,8275,2912,5363,16218,0,4.143945455551148,"{""strategy_params_long.subSellTPPercent"": 0.544, ""strategy_params_long.tpPercent"": 0.33, ""strategy_params_short.subSellTPPercent"": 0.588, ""strategy_params_short.tpPercent"": 0.245}",,17.94489247295653,38.814365549022426,0.44515922636587424
6,expo_l1.2_s1.0,4.394647374481494,4.275730035577912,68.56343694432637,111.82530888105364,-43.26187193672726,34.281718472163185,-15.601578716521228,-3.822057175047602,7909,2961,4948,15692,0,3.9576668739318848,"{""strategy_params_long.maxLongInvestPct"": 1.2, ""strategy_params_short.maxShortInvestPct"": 1.0}",,15.601578716521228,43.26187193672726,0.6309758358796391
17,tp_current_s0.22_l0.33,4.27179110371296,4.153896785689826,77.23763389654674,116.0519994455694,-38.814365549022654,38.61881694827337,-18.080854616091425,-5.894715901156676,8264,2912,5352,16277,0,4.209845066070557,"{""strategy_params_long.subSellTPPercent"": 0.544, ""strategy_params_long.tpPercent"": 0.33, ""strategy_params_short.subSellTPPercent"": 0.528, ""strategy_params_short.tpPercent"": 0.22}",,18.080854616091425,38.814365549022654,0.5025317787571173
25,combo_l2_s1.5_st0.22_lt0.33,4.27179110371296,4.153896785689826,77.23763389654674,116.0519994455694,-38.814365549022654,38.61881694827337,-18.080854616091425,-5.894715901156676,8264,2912,5352,16277,0,3.5998165607452397,"{""strategy_params_long.maxLongInvestPct"": 2, ""strategy_params_long.subSellTPPercent"": 0.544, ""strategy_params_long.tpPercent"": 0.33, ""strategy_params_short.maxShortInvestPct"": 1.5, ""strategy_params_short.subSellTPPercent"": 0.528, ""strategy_params_short.tpPercent"": 0.22}",,18.080854616091425,38.814365549022654,0.5025317787571173
4,expo_l1.5_s1.0,4.2457844962049816,3.963950035870649,65.04134957258533,114.36683330996526,-49.325483737379926,32.520674786292666,-15.319041659019994,-3.791049022887886,7891,2943,4948,15614,0,4.265904903411865,"{""strategy_params_long.maxLongInvestPct"": 1.5, ""strategy_params_short.maxShortInvestPct"": 1.0}",,15.319041659019994,49.325483737379926,0.7583711602160608
19,tp_current_s0.28_l0.42,4.235032015297928,3.655665249093103,78.22216162125314,151.05025496147525,-72.82809334022211,39.11108081062657,-18.470264531341524,-3.0735419427710093,6913,2873,4040,13319,0,3.8629302978515625,"{""strategy_params_long.subSellTPPercent"": 0.693, ""strategy_params_long.tpPercent"": 0.42, ""strategy_params_short.subSellTPPercent"": 0.672, ""strategy_params_short.tpPercent"": 0.28}",,18.470264531341524,72.82809334022211,0.9310416873014994
26,combo_l2_s1.5_st0.28_lt0.42,4.235032015297928,3.655665249093103,78.22216162125314,151.05025496147525,-72.82809334022211,39.11108081062657,-18.470264531341524,-3.0735419427710093,6913,2873,4040,13319,0,3.965484142303467,"{""strategy_params_long.maxLongInvestPct"": 2, ""strategy_params_long.subSellTPPercent"": 0.693, ""strategy_params_long.tpPercent"": 0.42, ""strategy_params_short.maxShortInvestPct"": 1.5, ""strategy_params_short.subSellTPPercent"": 0.672, ""strategy_params_short.tpPercent"": 0.28}",,18.470264531341524,72.82809334022211,0.9310416873014994
5,expo_l1.2_s1.2,4.16222522716516,4.052176817313472,70.55473743097525,113.8199458344516,-43.26520840347635,35.277368715487626,-16.951206044904303,-4.570054547693152,7937,2961,4976,15803,0,4.100016355514526,"{""strategy_params_long.maxLongInvestPct"": 1.2, ""strategy_params_short.maxShortInvestPct"": 1.2}",,16.951206044904303,43.26520840347635,0.6132147886710421
43,combo_l1.0_s1.0_st0.4_lt0.7,4.090781319497424,4.052993110210217,84.72881741389583,127.02124119594454,-42.29242378204872,42.36440870694791,-20.71213560354902,-1.8894104643603649,5001,1005,3996,9557,0,3.8875904083251953,"{""strategy_params_long.maxLongInvestPct"": 1.0, ""strategy_params_long.subSellTPPercent"": 1.155, ""strategy_params_long.tpPercent"": 0.7, ""strategy_params_short.maxShortInvestPct"": 1.0, ""strategy_params_short.subSellTPPercent"": 0.96, ""strategy_params_short.tpPercent"": 0.4}",,20.71213560354902,42.29242378204872,0.4991504080064337
42,combo_l1.0_s1.0_st0.33_lt0.55,4.049363041315179,3.93198725851086,57.486827106297575,94.89661823642292,-37.409791130125335,28.743413553148788,-14.196511036369468,-2.9510942738691863,5083,1139,3944,9748,0,3.844937562942505,"{""strategy_params_long.maxLongInvestPct"": 1.0, ""strategy_params_long.subSellTPPercent"": 0.907, ""strategy_params_long.tpPercent"": 0.55, ""strategy_params_short.maxShortInvestPct"": 1.0, ""strategy_params_short.subSellTPPercent"": 0.792, ""strategy_params_short.tpPercent"": 0.33}",,14.196511036369468,37.409791130125335,0.6507541468752789
3,expo_l1.5_s1.2,4.025489753641968,3.752636637546025,67.03265005923438,116.3614702633634,-49.32882020412902,33.51632502961719,-16.65204836221187,-4.533425636208723,7919,2943,4976,15725,0,4.020655870437622,"{""strategy_params_long.maxLongInvestPct"": 1.5, ""strategy_params_short.maxShortInvestPct"": 1.2}",,16.65204836221187,49.32882020412902,0.7358924369025973
35,combo_l1.2_s1.0_st0.22_lt0.33,3.773210674013319,3.5313880674851377,59.56513967576188,102.82701161248902,-43.26187193672714,29.78256983788094,-15.786327566068902,-4.568342195139042,8424,2998,5426,16700,0,3.9336695671081534,"{""strategy_params_long.maxLongInvestPct"": 1.2, ""strategy_params_long.subSellTPPercent"": 0.544, ""strategy_params_long.tpPercent"": 0.33, ""strategy_params_short.maxShortInvestPct"": 1.0, ""strategy_params_short.subSellTPPercent"": 0.528, ""strategy_params_short.tpPercent"": 0.22}",,15.786327566068902,43.26187193672714,0.7262951480046839
16,tp_current_s0.19_l0.28,3.532504462399643,3.40908252551948,64.68105398586704,103.49541953488948,-38.814365549022455,32.34052699293352,-18.31025400656648,-6.165363686505921,8241,2800,5441,16564,0,4.117290735244751,"{""strategy_params_long.subSellTPPercent"": 0.53, ""strategy_params_long.tpPercent"": 0.28, ""strategy_params_short.subSellTPPercent"": 0.456, ""strategy_params_short.tpPercent"": 0.19}",,18.31025400656648,38.814365549022455,0.6000886373543555
24,combo_l2_s1.5_st0.19_lt0.28,3.532504462399643,3.40908252551948,64.68105398586704,103.49541953488948,-38.814365549022455,32.34052699293352,-18.31025400656648,-6.165363686505921,8241,2800,5441,16564,0,3.700028657913208,"{""strategy_params_long.maxLongInvestPct"": 2, ""strategy_params_long.subSellTPPercent"": 0.53, ""strategy_params_long.tpPercent"": 0.28, ""strategy_params_short.maxShortInvestPct"": 1.5, ""strategy_params_short.subSellTPPercent"": 0.456, ""strategy_params_short.tpPercent"": 0.19}",,18.31025400656648,38.814365549022455,0.6000886373543555
15,tp_current_s0.16_l0.25,3.4312872579337133,3.292187438374392,63.14531886145953,101.9596844104818,-38.81436554902229,31.572659430729765,-18.402807493152004,-6.0278167458194885,8239,2827,5412,16736,0,4.120808362960815,"{""strategy_params_long.subSellTPPercent"": 0.53, ""strategy_params_long.tpPercent"": 0.25, ""strategy_params_short.subSellTPPercent"": 0.45, ""strategy_params_short.tpPercent"": 0.16}",,18.402807493152004,38.81436554902229,0.6146831823619545
30,combo_l1.5_s1.0_st0.22_lt0.33,3.3039516691541624,2.892230023337377,55.46451874672913,104.79000248410884,-49.3254837373797,27.732259373364563,-16.787327509826582,-4.539309801497011,8406,2980,5426,16619,0,3.888770341873169,"{""strategy_params_long.maxLongInvestPct"": 1.5, ""strategy_params_long.subSellTPPercent"": 0.544, ""strategy_params_long.tpPercent"": 0.33, ""strategy_params_short.maxShortInvestPct"": 1.0, ""strategy_params_short.subSellTPPercent"": 0.528, ""strategy_params_short.tpPercent"": 0.22}",,16.787327509826582,49.3254837373797,0.8893159960986508
34,combo_l1.2_s1.0_st0.19_lt0.28,3.1455224899138043,2.7877948187873507,50.312748754318406,93.57462069104577,-43.26187193672736,25.156374377159203,-15.995037045720537,-4.812160872186374,8290,2791,5499,16775,0,4.106036186218262,"{""strategy_params_long.maxLongInvestPct"": 1.2, ""strategy_params_long.subSellTPPercent"": 0.53, ""strategy_params_long.tpPercent"": 0.28, ""strategy_params_short.maxShortInvestPct"": 1.0, ""strategy_params_short.subSellTPPercent"": 0.456, ""strategy_params_short.tpPercent"": 0.19}",,15.995037045720537,43.26187193672736,0.8598590418499872
7,expo_l1.0_s1.0,3.0927758073719267,3.004229019882961,46.592749986715816,69.34448894223424,-22.751738955518423,23.296374993357908,-15.065026658465689,-4.427339374448261,6090,1142,4948,11919,0,3.196762084960937,"{""strategy_params_long.maxLongInvestPct"": 1.0, ""strategy_params_short.maxShortInvestPct"": 1.0}",,15.065026658465689,22.751738955518423,0.48831071276121785
8,expo_l1.0_s0.8,2.7464256119304995,2.529584162582503,26.876420217303213,49.62482270607219,-22.74840248876897,13.438210108651608,-9.78596329008577,-4.219522109012767,3344,1142,2202,6752,0,7.718287944793701,"{""strategy_params_long.maxLongInvestPct"": 1.0, ""strategy_params_short.maxShortInvestPct"": 0.8}",,9.78596329008577,22.74840248876897,0.8464074569768559
40,combo_l1.0_s1.0_st0.22_lt0.33,2.668186775712821,2.5631319539379467,40.08553415822377,62.837273113742185,-22.75173895551841,20.042767079111886,-15.02351129355054,-5.252741088743749,6586,1160,5426,12915,0,3.6206774711608887,"{""strategy_params_long.maxLongInvestPct"": 1.0, ""strategy_params_long.subSellTPPercent"": 0.544, ""strategy_params_long.tpPercent"": 0.33, ""strategy_params_short.maxShortInvestPct"": 1.0, ""strategy_params_short.subSellTPPercent"": 0.528, ""strategy_params_short.tpPercent"": 0.22}",,15.02351129355054,22.75173895551841,0.5675797874044486
36,combo_l1.2_s1.0_st0.28_lt0.42,2.6673389056650225,1.9015290198117016,50.717508802249085,116.70828636485402,-65.99077756260493,25.358754401124543,-19.01427250003095,-2.73022201141055,7159,2985,4174,13872,0,3.29508113861084,"{""strategy_params_long.maxLongInvestPct"": 1.2, ""strategy_params_long.subSellTPPercent"": 0.693, ""strategy_params_long.tpPercent"": 0.42, ""strategy_params_short.maxShortInvestPct"": 1.0, ""strategy_params_short.subSellTPPercent"": 0.672, ""strategy_params_short.tpPercent"": 0.28}",,19.01427250003095,65.99077756260493,1.3011439071249995
29,combo_l1.5_s1.0_st0.19_lt0.28,2.649206524021208,2.1233622335166378,46.35296116601509,95.67844490339516,-49.32548373738007,23.176480583007542,-17.496922473094447,-4.778507487457502,8303,2804,5499,16738,0,4.069141626358032,"{""strategy_params_long.maxLongInvestPct"": 1.5, ""strategy_params_long.subSellTPPercent"": 0.53, ""strategy_params_long.tpPercent"": 0.28, ""strategy_params_short.maxShortInvestPct"": 1.0, ""strategy_params_short.subSellTPPercent"": 0.456, ""strategy_params_short.tpPercent"": 0.19}",,17.496922473094447,49.32548373738007,1.0641279973617814
31,combo_l1.5_s1.0_st0.28_lt0.42,2.538142422486301,1.678687176062467,51.68487774534789,122.94889194457303,-71.26401419922516,25.84243887267395,-20.36326932935413,-2.719674769175268,7151,2977,4174,13854,0,3.867457628250122,"{""strategy_params_long.maxLongInvestPct"": 1.5, ""strategy_params_long.subSellTPPercent"": 0.693, ""strategy_params_long.tpPercent"": 0.42, ""strategy_params_short.maxShortInvestPct"": 1.0, ""strategy_params_short.subSellTPPercent"": 0.672, ""strategy_params_short.tpPercent"": 0.28}",,20.36326932935413,71.26401419922516,1.3788175053899507
41,combo_l1.0_s1.0_st0.28_lt0.42,2.3852422058722107,2.0851934809643056,35.49321134291672,68.58787454646782,-33.09466320355109,17.74660567145836,-14.880338464385815,-3.203699847594189,5285,1111,4174,10247,0,3.649757623672485,"{""strategy_params_long.maxLongInvestPct"": 1.0, ""strategy_params_long.subSellTPPercent"": 0.693, ""strategy_params_long.tpPercent"": 0.42, ""strategy_params_short.maxShortInvestPct"": 1.0, ""strategy_params_short.subSellTPPercent"": 0.672, ""strategy_params_short.tpPercent"": 0.28}",,14.880338464385815,33.09466320355109,0.9324223408191465
39,combo_l1.0_s1.0_st0.19_lt0.28,1.9861956609904496,1.7848822520312475,30.418186442946716,53.169925398465125,-22.75173895551841,15.209093221473356,-15.31479855704557,-5.564843358209743,6579,1080,5499,13076,0,3.6373274326324463,"{""strategy_params_long.maxLongInvestPct"": 1.0, ""strategy_params_long.subSellTPPercent"": 0.53, ""strategy_params_long.tpPercent"": 0.28, ""strategy_params_short.maxShortInvestPct"": 1.0, ""strategy_params_short.subSellTPPercent"": 0.456, ""strategy_params_short.tpPercent"": 0.19}",,15.31479855704557,22.75173895551841,0.7479650043631716
