event,iso,notional,pnl,price,qty,ts
FIRST,2026-02-23T02:58:00Z,80.0,,27.506,2.9084563367992438,1771815480000
DCA,2026-02-23T03:10:00Z,79.49683705373373,,27.333,2.9084563367992438,1771816200000
DCA,2026-02-23T03:10:00Z,119.24525558060058,,27.333,4.362684505198866,1771816200000
DCA,2026-02-23T03:18:00Z,216.82469279429944,,27.109,7.99825492619792,1771816680000
FULL_CLOSE_TRAIL,2026-02-23T05:18:00Z,,4.396858867156278,27.504,18.177852104995274,1771823880000
FIRST,2026-02-23T05:20:00Z,80.62385498436704,,27.375,2.9451636523969698,1771824000000
FULL_CLOSE_TRAIL,2026-02-23T05:40:00Z,,0.6302650216129475,27.589,2.9451636523969698,1771825200000
FIRST,2026-02-23T05:42:00Z,80.71174714982588,,27.614,2.9228560567040587,1771825320000
DCA,2026-02-23T06:02:00Z,80.41361583204207,,27.512,2.9228560567040587,1771826520000
FULL_CLOSE_TRAIL,2026-02-23T06:16:00Z,,0.9177768018050642,27.72,5.845712113408117,1771827360000
FIRST,2026-02-23T06:18:00Z,80.83273795789346,,27.723,2.915728382855155,1771827480000
DCA,2026-02-23T08:04:00Z,80.57906958858506,,27.636,2.915728382855155,1771833840000
DCA,2026-02-23T08:12:00Z,120.49684901406354,,27.551,4.373592574282732,1771834320000
FULL_CLOSE_TRAIL,2026-02-23T09:32:00Z,,3.4143179363233944,27.959,10.205049339993042,1771839120000
FIRST,2026-02-23T09:34:00Z,81.3336502972206,,27.956,2.9093450528409144,1771839240000
FULL_CLOSE_TRAIL,2026-02-23T09:52:00Z,,0.4713138985602253,28.118,2.9093450528409144,1771840320000
FIRST,2026-02-23T09:54:00Z,81.3960094318308,,28.181,2.8883293506912744,1771840440000
DCA,2026-02-23T10:16:00Z,81.13605979026859,,28.091,2.8883293506912744,1771841760000
DCA,2026-02-23T10:32:00Z,121.29250275292938,,27.996,4.332494026036912,1771842720000
DCA,2026-02-23T10:38:00Z,221.17020961749597,,27.845,7.942905714401005,1771843080000
FULL_CLOSE_TRAIL,2026-02-25T14:40:00Z,,3.7483294148595854,28.182,18.052058441820463,1772030400000
FIRST,2026-02-25T14:42:00Z,81.91464310680034,,28.11,2.9140748170330966,1772030520000
FULL_CLOSE_TRAIL,2026-02-25T14:50:00Z,,0.754745377611573,28.369,2.9140748170330966,1772031000000
FIRST,2026-02-25T14:52:00Z,82.0222356446909,,28.318,2.896469935895575,1772031120000
DCA,2026-02-25T14:58:00Z,81.77024276026798,,28.231,2.896469935895575,1772031480000
DCA,2026-02-25T15:06:00Z,121.9167643067486,,28.061,4.344704903843363,1772031960000
DCA,2026-02-25T15:20:00Z,222.53433693988907,,27.938,7.9652923237128315,1772032800000
FULL_CLOSE_TRAIL,2026-02-25T16:26:00Z,,2.8747464113763908,28.234,18.102937099347344,1772036760000
FIRST,2026-02-25T16:28:00Z,82.40064611805396,,28.195,2.92252690612002,1772036880000
FULL_CLOSE_TRAIL,2026-02-25T16:42:00Z,,0.5903504350362387,28.397,2.92252690612002,1772037720000
FIRST,2026-02-25T16:44:00Z,82.48187085624608,,28.371,2.90725990822481,1772037840000
FULL_CLOSE_TRAIL,2026-02-25T16:54:00Z,,0.5349358231133681,28.555,2.90725990822481,1772038440000
FIRST,2026-02-25T16:56:00Z,82.55422069374137,,28.658,2.880669296313119,1772038560000
DCA,2026-02-25T16:58:00Z,82.26615376411006,,28.558,2.880669296313119,1772038680000
DCA,2026-02-25T17:00:00Z,122.7121910189944,,28.399,4.321003944469679,1772038800000
FULL_CLOSE_TRAIL,2026-02-25T17:50:00Z,,1.6189361445279506,28.679,10.082342537095917,1772041800000
FIRST,2026-02-25T17:52:00Z,82.76711575149801,,28.703,2.8835702104831555,1772041920000
FULL_CLOSE_TRAIL,2026-02-25T18:38:00Z,,0.6920568505159631,28.943,2.8835702104831555,1772044680000
FIRST,2026-02-25T18:40:00Z,82.86454674451228,,28.995,2.8578909034148055,1772044800000
DCA,2026-02-25T18:46:00Z,82.45872623622739,,28.853,2.8578909034148055,1772045160000
DCA,2026-02-25T18:48:00Z,123.5380500819118,,28.818,4.286836355122208,1772045280000
DCA,2026-02-25T19:10:00Z,225.21323475270032,,28.656,7.859199984390715,1772046600000
FULL_CLOSE_TRAIL,2026-02-26T09:32:00Z,,2.828597521654801,28.939,17.861818146342536,1772098320000
FIRST,2026-02-26T09:34:00Z,83.23464413092486,,28.949,2.8752165577714206,1772098440000
FULL_CLOSE_TRAIL,2026-02-26T09:46:00Z,,0.7964349865026762,29.226,2.8752165577714206,1772099160000
FIRST,2026-02-26T09:48:00Z,83.34869247090542,,29.213,2.853137044155185,1772099280000
DCA,2026-02-26T09:50:00Z,83.1090289591964,,29.129,2.853137044155185,1772099400000
DCA,2026-02-26T10:38:00Z,124.16709759311159,,29.013,4.279705566232778,1772102280000
DCA,2026-02-26T10:50:00Z,226.2744528450763,,28.839,7.846126871426759,1772103000000
FULL_CLOSE_TRAIL,2026-02-26T14:56:00Z,,3.869567116135478,29.204,17.832106525969905,1772117760000
FIRST,2026-02-26T14:58:00Z,83.88480976061891,,29.295,2.863451434054238,1772117880000
DCA,2026-02-26T15:00:00Z,83.5154245256259,,29.166,2.863451434054238,1772118000000
DCA,2026-02-26T15:02:00Z,125.06696828518695,,29.118,4.295177151081357,1772118120000
DCA,2026-02-26T15:12:00Z,227.86415890487558,,28.937,7.874491443649154,1772118720000
FULL_CLOSE_TRAIL,2026-02-27T04:20:00Z,,5.201459529959486,29.365,17.896571462838985,1772166000000
FIRST,2026-02-27T04:22:00Z,84.63337415081384,,29.493,2.869608861452339,1772166120000
DCA,2026-02-27T04:26:00Z,84.21154164818034,,29.346,2.869608861452339,1772166360000
DCA,2026-02-27T04:30:00Z,126.02461236840239,,29.278,4.304413292178509,1772166600000
DCA,2026-02-27T04:38:00Z,229.9797803855902,,29.143,7.891424368993933,1772167080000
FULL_CLOSE_TRAIL,2026-02-27T08:14:00Z,,4.557656274201695,29.518,17.93505538407712,1772180040000
FIRST,2026-02-27T08:16:00Z,85.27825865281571,,29.574,2.883555104240742,1772180160000
DCA,2026-02-27T08:26:00Z,84.67847919113363,,29.366,2.883555104240742,1772180760000
DCA,2026-02-27T08:26:00Z,127.01771878670046,,29.366,4.325332656361113,1772180760000
FULL_CLOSE_TRAIL,2026-02-27T09:32:00Z,,4.335425099225958,29.855,10.092442864842598,1772184720000
FIRST,2026-02-27T09:34:00Z,85.92406392162303,,29.915,2.872273572509545,1772184840000
DCA,2026-02-27T09:36:00Z,85.6109861022195,,29.806,2.872273572509545,1772184960000
DCA,2026-02-27T09:38:00Z,128.04164745211673,,29.719,4.308410358764317,1772185080000
DCA,2026-02-27T09:46:00Z,232.760433495456,,29.468,7.898752324401249,1772185560000
FULL_CLOSE_TRAIL,2026-02-28T20:24:00Z,,8.242707084709252,30.113,17.951709828184654,1772310240000
FIRST,2026-02-28T20:26:00Z,87.15706369765431,,30.025,2.902816442886072,1772310360000
DCA,2026-02-28T20:28:00Z,86.90161585068034,,29.937,2.902816442886072,1772310480000
DCA,2026-02-28T20:38:00Z,129.94312665757357,,29.843,4.354224664329108,1772311080000
FULL_CLOSE_TRAIL,2026-02-28T20:46:00Z,,3.4151635450554556,30.258,10.15985755010125,1772311560000
FIRST,2026-02-28T20:48:00Z,87.65457636278663,,30.389,2.884417926315003,1772311680000
DCA,2026-02-28T20:52:00Z,87.1296123001973,,30.207,2.884417926315003,1772311920000
DCA,2026-02-28T21:02:00Z,130.4780871058223,,30.157,4.326626889472505,1772312520000
FULL_CLOSE_TRAIL,2026-02-28T21:18:00Z,,2.1445647282151974,30.45,10.09546274210251,1772313480000
FIRST,2026-02-28T21:20:00Z,87.9486931899998,,30.391,2.8939058665394297,1772313600000
DCA,2026-02-28T21:26:00Z,87.6477269798797,,30.287,2.8939058665394297,1772313960000
FULL_CLOSE_TRAIL,2026-02-28T21:36:00Z,,0.9260498772926183,30.499,5.787811733078859,1772314560000
FIRST,2026-02-28T21:38:00Z,88.06869165914927,,30.703,2.868406724396615,1772314680000
DCA,2026-02-28T21:40:00Z,87.65564109083616,,30.559,2.868406724396615,1772314800000
DCA,2026-02-28T21:46:00Z,131.18658154027918,,30.49,4.302610086594923,1772315160000
FULL_CLOSE_TRAIL,2026-02-28T22:34:00Z,,3.6486133534325105,30.934,10.039423535388153,1772318040000
FIRST,2026-02-28T22:36:00Z,88.60307216034376,,30.994,2.858716918124274,1772318160000
DCA,2026-02-28T22:40:00Z,88.17998205646136,,30.846,2.858716918124274,1772318400000
DCA,2026-02-28T23:00:00Z,132.0641454665871,,30.798,4.288075377186411,1772319600000
FULL_CLOSE_TRAIL,2026-02-28T23:46:00Z,,2.174054216233527,31.085,10.005509213434959,1772322360000
FIRST,2026-02-28T23:48:00Z,88.9013313586545,,31.197,2.849675653385085,1772322480000
DCA,2026-03-01T00:06:00Z,88.65625925246339,,31.111,2.849675653385085,1772323560000
DCA,2026-03-01T00:10:00Z,132.5270159363268,,31.004,4.274513480077628,1772323800000
DCA,2026-03-01T00:32:00Z,240.4976643485209,,30.689,7.836608046808984,1772325120000
FULL_CLOSE_TRAIL,2026-03-01T02:04:00Z,,3.43029706776232,31.106,17.81047283365678,1772330640000
FIRST,2026-03-01T02:06:00Z,89.3618113023877,,30.992,2.883383173153965,1772330760000
DCA,2026-03-01T02:08:00Z,88.86298601343205,,30.819,2.883383173153965,1772330880000
DCA,2026-03-01T02:22:00Z,133.19500230067425,,30.796,4.325074759730947,1772331720000
FULL_CLOSE_TRAIL,2026-03-01T02:38:00Z,,1.871315679376931,31.044,10.091841106038878,1772332680000
FIRST,2026-03-01T02:40:00Z,89.61124493789501,,31.054,2.8856586893120055,1772332800000
FULL_CLOSE_TRAIL,2026-03-01T02:44:00Z,,0.47324802504717317,31.218,2.8856586893120055,1772333040000
FIRST,2026-03-01T02:46:00Z,89.67258896287049,,31.179,2.876057248881314,1772333160000
DCA,2026-03-01T02:48:00Z,89.24980854728494,,31.032,2.876057248881314,1772333280000
DCA,2026-03-01T02:58:00Z,133.6331240120214,,30.976,4.314085873321972,1772333880000
DCA,2026-03-01T03:50:00Z,242.85067902397705,,30.705,7.909157434423614,1772337000000
FULL_CLOSE_TRAIL,2026-03-01T05:22:00Z,,3.7532547097901245,31.107,17.975357805508214,1772342520000
FIRST,2026-03-01T05:24:00Z,90.18394446397274,,31.113,2.8985936574413507,1772342640000
FULL_CLOSE_TRAIL,2026-03-01T05:50:00Z,,0.7594315382496352,31.375,2.8985936574413507,1772344200000
FIRST,2026-03-01T05:52:00Z,90.29096332445538,,31.329,2.8820250670131626,1772344320000
DCA,2026-03-01T05:54:00Z,90.06328334416133,,31.25,2.8820250670131626,1772344440000
DCA,2026-03-01T06:04:00Z,134.29084002254532,,31.064,4.3230376005197435,1772345040000
DCA,2026-03-01T06:08:00Z,245.03481474132636,,30.917,7.925568934286197,1772345280000
FULL_CLOSE_TRAIL,2026-03-01T15:16:00Z,,4.062214331955048,31.297,18.012656668832264,1772378160000
FIRST,2026-03-01T15:18:00Z,90.85104385619245,,31.222,2.9098406205942107,1772378280000
FULL_CLOSE_TRAIL,2026-03-01T16:02:00Z,,1.5218466445707712,31.745,2.9098406205942107,1772380920000
FIRST,2026-03-01T16:04:00Z,91.07988140457523,,31.787,2.8653185706287236,1772381040000
DCA,2026-03-01T16:12:00Z,90.19449796625096,,31.478,2.8653185706287236,1772381520000
DCA,2026-03-01T16:12:00Z,135.29174694937646,,31.478,4.297977855943086,1772381520000
DCA,2026-03-01T16:14:00Z,247.56997146910564,,31.419,7.87962606922899,1772381640000
FULL_CLOSE_TRAIL,2026-03-01T16:36:00Z,,3.250703918378272,31.683,17.90824106642952,1772382960000
FIRST,2026-03-01T16:38:00Z,91.50947219955599,,31.687,2.8879184586598914,1772383080000
DCA,2026-03-01T16:46:00Z,90.98098312162122,,31.504,2.8879184586598914,1772383560000
DCA,2026-03-01T16:48:00Z,135.2022345198508,,31.211,4.331877687989837,1772383680000
DCA,2026-03-01T16:48:00Z,247.87076328639316,,31.211,7.941775761314702,1772383680000
FULL_CLOSE_TRAIL,2026-03-01T18:18:00Z,,3.12183985381138,31.507,18.049490366624322,1772389080000
FIRST,2026-03-01T18:20:00Z,91.91822667647713,,31.503,2.917761060104661,1772389200000
DCA,2026-03-01T18:22:00Z,91.5826841545651,,31.388,2.917761060104661,1772389320000
FULL_CLOSE_TRAIL,2026-03-01T18:38:00Z,,1.0824893532988253,31.631,5.835522120209322,1772390280000
FIRST,2026-03-01T18:40:00Z,92.06197822812372,,31.614,2.9120635866427445,1772390400000
FULL_CLOSE_TRAIL,2026-03-01T19:22:00Z,,0.5474679542888325,31.802,2.9120635866427445,1772392920000
FIRST,2026-03-01T19:24:00Z,92.13479938685707,,31.822,2.895317685464681,1772393040000
DCA,2026-03-01T19:26:00Z,91.76709404080306,,31.695,2.895317685464681,1772393160000
DCA,2026-03-01T19:44:00Z,137.17291364310293,,31.585,4.342976528197021,1772394240000
DCA,2026-03-01T20:10:00Z,250.22565947802093,,31.427,7.962123635027872,1772395800000
FULL_CLOSE_TRAIL,2026-03-01T22:04:00Z,,3.4200940159551836,31.76,18.095735534154255,1772402640000
FIRST,2026-03-01T22:06:00Z,92.59033274724082,,31.843,2.907713869523626,1772402760000
DCA,2026-03-01T22:08:00Z,92.3170076435056,,31.749,2.907713869523626,1772402880000
DCA,2026-03-01T22:36:00Z,137.78202170737703,,31.59,4.3615708042854395,1772404560000
DCA,2026-03-01T22:56:00Z,251.58485406126007,,31.463,7.996213141189972,1772405760000
FULL_CLOSE_TRAIL,2026-03-01T23:10:00Z,,7.123172051865516,31.992,18.173211684522663,1772406600000
FIRST,2026-03-01T23:12:00Z,93.63758654718966,,32.131,2.914244391621476,1772406720000
DCA,2026-03-01T23:14:00Z,93.34324786363588,,32.03,2.914244391621476,1772406840000
DCA,2026-03-01T23:16:00Z,139.12748437820508,,31.827,4.371366587432214,1772406960000
DCA,2026-03-01T23:30:00Z,254.18549576491048,,31.717,8.01417207695906,1772407800000
FULL_CLOSE_TRAIL,2026-03-02T00:22:00Z,,7.964629922301439,32.297,18.214027447634226,1772410920000
FIRST,2026-03-02T00:24:00Z,94.81844315403549,,32.63,2.905867090224808,1772411040000
DCA,2026-03-02T00:28:00Z,94.33316334996793,,32.463,2.905867090224808,1772411280000
DCA,2026-03-02T00:32:00Z,140.65849650233184,,32.27,4.358800635337212,1772411520000
DCA,2026-03-02T00:34:00Z,257.58622941234273,,32.234,7.991134498118221,1772411640000
FULL_CLOSE_TRAIL,2026-03-02T01:14:00Z,,4.51063219080144,32.591,18.161669313905048,1772414040000
FIRST,2026-03-02T01:16:00Z,95.44580004080146,,32.58,2.9295825672437528,1772414160000
DCA,2026-03-02T01:18:00Z,94.79543271087334,,32.358,2.9295825672437528,1772414280000
DCA,2026-03-02T01:18:00Z,142.19314906631,,32.358,4.394373850865629,1772414280000
DCA,2026-03-02T01:22:00Z,258.8425353331799,,32.129,8.05635205992032,1772414520000
FULL_CLOSE_TRAIL,2026-03-02T15:50:00Z,,3.4283439993169895,32.48,18.309891045273453,1772466600000
FIRST,2026-03-02T15:52:00Z,95.89945650642805,,32.466,2.9538426817725636,1772466720000
DCA,2026-03-02T15:54:00Z,94.86265772512589,,32.115,2.9538426817725636,1772466840000
DCA,2026-03-02T15:54:00Z,142.29398658768883,,32.115,4.430764022658845,1772466840000
DCA,2026-03-02T16:00:00Z,260.59612445335046,,32.081,8.12306737487455,1772467200000
FULL_CLOSE_TRAIL,2026-03-02T16:06:00Z,,3.7255340823855474,32.358,18.46151676107852,1772467560000
FIRST,2026-03-02T16:08:00Z,96.40025956083954,,32.285,2.9859148075217457,1772467680000
FULL_CLOSE_TRAIL,2026-03-02T16:18:00Z,,1.934872795274101,32.933,2.9859148075217457,1772468280000
FIRST,2026-03-02T16:20:00Z,96.69426037673006,,32.896,2.939392642775111,1772468400000
FULL_CLOSE_TRAIL,2026-03-02T16:24:00Z,,1.2080903761805748,33.307,2.939392642775111,1772468640000
FIRST,2026-03-02T16:26:00Z,96.87198710802858,,33.265,2.912129478672135,1772468760000
DCA,2026-03-02T16:30:00Z,96.34197954291024,,33.083,2.912129478672135,1772469000000
DCA,2026-03-02T16:34:00Z,143.9844178139864,,32.962,4.3681942180082025,1772469240000
FULL_CLOSE_TRAIL,2026-03-02T16:42:00Z,,4.992845991183368,33.573,10.192453175352473,1772469720000
FIRST,2026-03-02T16:44:00Z,97.61649129742422,,33.488,2.9149692814567674,1772469840000
DCA,2026-03-02T16:54:00Z,97.1675860280799,,33.334,2.9149692814567674,1772470440000
DCA,2026-03-02T16:56:00Z,145.2266845714576,,33.214,4.3724539221851515,1772470560000
DCA,2026-03-02T17:02:00Z,265.1106262099301,,33.072,8.01616552400611,1772470920000
FULL_CLOSE_TRAIL,2026-03-03T05:16:00Z,,3.724601999381305,33.419,18.218558009104797,1772514960000
FIRST,2026-03-03T05:18:00Z,98.11531022706816,,33.428,2.9351235559132514,1772515080000
DCA,2026-03-03T05:30:00Z,97.77190077102631,,33.311,2.9351235559132514,1772515800000
DCA,2026-03-03T05:34:00Z,146.26160947649117,,33.221,4.4026853338698775,1772516040000
DCA,2026-03-03T05:48:00Z,266.5561808538178,,33.024,8.07158977876144,1772516880000
FULL_CLOSE_TRAIL,2026-03-09T14:38:00Z,,3.3966717350805773,33.367,18.34452222445782,1773067080000
FIRST,2026-03-09T14:40:00Z,98.5611131707297,,33.247,2.9645114798547145,1773067200000
DCA,2026-03-09T14:50:00Z,98.2201943505464,,33.132,2.9645114798547145,1773067800000
DCA,2026-03-09T14:56:00Z,146.67216997729187,,32.984,4.446767219782072,1773068160000
DCA,2026-03-09T15:10:00Z,267.83916543765366,,32.854,8.152406569600466,1773069000000
FULL_CLOSE_TRAIL,2026-03-09T16:22:00Z,,14.68248423185038,33.785,18.52819674909197,1773073320000
FIRST,2026-03-09T16:24:00Z,100.81132922621742,,34.251,2.9433105376840802,1773073440000
DCA,2026-03-09T16:26:00Z,99.2278281569434,,33.713,2.9433105376840802,1773073560000
DCA,2026-03-09T16:26:00Z,148.8417422354151,,33.713,4.41496580652612,1773073560000
DCA,2026-03-09T16:28:00Z,272.20471680136797,,33.63,8.094103978631221,1773073680000
FULL_CLOSE_TRAIL,2026-03-09T16:54:00Z,,6.244233305696696,34.102,18.3956908605255,1773075240000
FIRST,2026-03-09T16:56:00Z,101.71053331783725,,34.079,2.9845515806754084,1773075360000
DCA,2026-03-09T17:18:00Z,101.42700091767308,,33.984,2.9845515806754084,1773076680000
DCA,2026-03-09T17:36:00Z,151.59880526461703,,33.863,4.476827371013113,1773077760000
FULL_CLOSE_TRAIL,2026-03-09T17:54:00Z,,4.321630688817961,34.373,10.44593053236393,1773078840000
FIRST,2026-03-09T17:56:00Z,102.344890683273,,34.357,2.978865753216899,1773078960000
DCA,2026-03-09T18:00:00Z,102.05891957096418,,34.261,2.978865753216899,1773079200000
DCA,2026-03-09T18:06:00Z,152.43600775649176,,34.115,4.468298629825348,1773079560000
DCA,2026-03-09T18:10:00Z,277.2623982792927,,33.846,8.191880821346473,1773079800000
FULL_CLOSE_TRAIL,2026-03-09T18:30:00Z,,5.6650579461802435,34.363,18.61791095760562,1773081000000
FIRST,2026-03-09T18:32:00Z,103.14939039541973,,34.013,3.0326460587251853,1773081120000
FULL_CLOSE_TRAIL,2026-03-09T18:36:00Z,,0.6853780092718891,34.239,3.0326460587251853,1773081360000
FIRST,2026-03-09T18:38:00Z,103.2424921441992,,34.124,3.0255096748387995,1773081480000
DCA,2026-03-09T18:54:00Z,102.81892078972177,,33.984,3.0255096748387995,1773082440000
DCA,2026-03-09T18:56:00Z,153.91524093323682,,33.915,4.538264512258199,1773082560000
FULL_CLOSE_TRAIL,2026-03-09T19:04:00Z,,2.1027292240129345,34.193,10.589283861935797,1773083040000
FIRST,2026-03-09T19:06:00Z,103.52116433708461,,34.132,3.0329650866367226,1773083160000
FULL_CLOSE_TRAIL,2026-03-09T19:18:00Z,,0.5823292966342513,34.324,3.0329650866367226,1773083880000
FIRST,2026-03-09T19:20:00Z,103.59772705190842,,34.424,3.0094622081079603,1773084000000
DCA,2026-03-09T19:32:00Z,103.18543072939764,,34.287,3.0094622081079603,1773084720000
DCA,2026-03-09T19:40:00Z,153.87530743166408,,34.087,4.51419331216194,1773085200000
DCA,2026-03-09T20:00:00Z,281.18609195235916,,33.976,8.27602107229689,1773086400000
FULL_CLOSE_TRAIL,2026-03-09T21:12:00Z,,10.11781194365894,34.662,18.809138800674752,1773090720000
FIRST,2026-03-09T21:14:00Z,105.11307240879191,,34.746,3.0251848387955995,1773090840000
DCA,2026-03-09T21:20:00Z,104.77727689168559,,34.635,3.0251848387955995,1773091200000
FULL_CLOSE_TRAIL,2026-03-09T21:30:00Z,,1.473265016493441,34.934,6.050369677591199,1773091800000
FIRST,2026-03-09T21:32:00Z,105.31509449434147,,34.84,3.0228213115482623,1773091920000
FULL_CLOSE_TRAIL,2026-03-09T21:52:00Z,,1.2665621295387126,35.259,3.0228213115482623,1773093120000
FIRST,2026-03-09T21:54:00Z,105.5007926949782,,35.338,2.985477183060111,1773093240000
DCA,2026-03-09T21:56:00Z,104.9096682127323,,35.14,2.985477183060111,1773093360000
DCA,2026-03-09T22:02:00Z,156.99281040980748,,35.057,4.478215774590167,1773093720000
DCA,2026-03-09T22:38:00Z,286.6625336402488,,34.916,8.210062253415305,1773095880000
FULL_CLOSE_TRAIL,2026-03-11T12:18:00Z,,5.33280861824111,35.339,18.659232394125695,1773231480000
FIRST,2026-03-11T12:20:00Z,106.24896492041407,,35.503,2.9926756871366944,1773231600000
FULL_CLOSE_TRAIL,2026-03-11T13:08:00Z,,1.346704059211521,35.953,2.9926756871366944,1773234480000
FIRST,2026-03-11T13:10:00Z,106.4473299991759,,35.916,2.9637857779033276,1773234600000
FULL_CLOSE_TRAIL,2026-03-11T13:22:00Z,,0.9721217351523003,36.244,2.9637857779033276,1773235320000
FIRST,2026-03-11T13:24:00Z,106.5857601342616,,36.041,2.9573474691118897,1773235440000
DCA,2026-03-11T13:26:00Z,106.0830110645126,,35.871,2.9573474691118897,1773235560000
DCA,2026-03-11T13:28:00Z,158.84948328214148,,35.809,4.436021203667835,1773235680000
FULL_CLOSE_TRAIL,2026-03-11T13:40:00Z,,2.1322475252296518,36.099,10.350716141891613,1773236400000
FIRST,2026-03-11T13:42:00Z,106.86730623777937,,35.887,2.9778835299071913,1773236520000
DCA,2026-03-11T13:44:00Z,106.49507079654097,,35.762,2.9778835299071913,1773236640000
FULL_CLOSE_TRAIL,2026-03-11T14:00:00Z,,2.111319422704208,36.179,5.955767059814383,1773237600000
FIRST,2026-03-11T14:02:00Z,107.17081045953275,,36.294,2.952851999215649,1773237720000
DCA,2026-03-11T14:04:00Z,106.43555031172806,,36.045,2.952851999215649,1773237840000
DCA,2026-03-11T14:04:00Z,159.65332546759208,,36.045,4.429277998823473,1773237840000
FULL_CLOSE_TRAIL,2026-03-11T14:36:00Z,,5.372714212572898,36.636,10.33498199725477,1773239760000
FIRST,2026-03-11T14:38:00Z,107.97029336660918,,36.881,2.927531611578026,1773239880000
DCA,2026-03-11T14:40:00Z,107.57507659904616,,36.746,2.927531611578026,1773240000000
DCA,2026-03-11T14:50:00Z,160.42726854867004,,36.533,4.391297417367039,1773240600000
DCA,2026-03-11T15:30:00Z,291.8946625127074,,36.257,8.050711931839572,1773243000000
FULL_CLOSE_TRAIL,2026-03-11T17:28:00Z,,4.092689192986111,36.725,18.297072572362666,1773250080000
FIRST,2026-03-11T17:30:00Z,108.5179374541872,,36.73,2.9544769249710647,1773250200000
DCA,2026-03-11T17:32:00Z,108.09840173084132,,36.588,2.9544769249710647,1773250320000
DCA,2026-03-11T17:34:00Z,161.34546211113232,,36.407,4.431715387456597,1773250440000
DCA,2026-03-11T17:42:00Z,294.7112891235575,,36.273,8.124811543670429,1773250920000
FULL_CLOSE_TRAIL,2026-03-12T00:50:00Z,,3.791332513969121,36.634,18.465480781069154,1773276600000
FIRST,2026-03-12T00:52:00Z,109.01661965535399,,36.682,2.9719377257334383,1773276720000
FULL_CLOSE_TRAIL,2026-03-12T01:20:00Z,,1.0134307644751057,37.023,2.9719377257334383,1773278400000
FIRST,2026-03-12T01:22:00Z,109.16124484406397,,36.879,2.9599838619285768,1773278520000
DCA,2026-03-12T01:32:00Z,108.55444815236862,,36.674,2.9599838619285768,1773279120000
DCA,2026-03-12T01:34:00Z,162.56527368097935,,36.614,4.439975792892865,1773279240000
DCA,2026-03-12T01:40:00Z,296.75022209378756,,36.456,8.139955620303587,1773279600000
FULL_CLOSE_TRAIL,2026-03-12T05:44:00Z,,8.519573550595961,37.057,18.499899137053603,1773294240000
FIRST,2026-03-12T05:46:00Z,110.4153700560719,,37.033,2.9815399793716924,1773294360000
FULL_CLOSE_TRAIL,2026-03-12T05:56:00Z,,0.8467573541415574,37.317,2.9815399793716924,1773294960000
FIRST,2026-03-12T05:58:00Z,110.53311703293727,,37.24,2.968128813988648,1773295080000
DCA,2026-03-12T06:00:00Z,110.11461087016485,,37.099,2.968128813988648,1773295200000
DCA,2026-03-12T06:40:00Z,164.75786233569585,,37.006,4.452193220982972,1773297600000
DCA,2026-03-12T06:54:00Z,300.4317724553205,,36.807,8.162354238468783,1773298440000
FULL_CLOSE_TRAIL,2026-03-12T08:50:00Z,,5.384185668575444,37.261,18.55080508742905,1773305400000
FIRST,2026-03-12T08:52:00Z,111.28442202702482,,37.31,2.9826969184407615,1773305520000
DCA,2026-03-12T09:06:00Z,110.73262309711328,,37.125,2.9826969184407615,1773306360000
DCA,2026-03-12T09:20:00Z,165.87075833140915,,37.074,4.474045377661142,1773307200000
FULL_CLOSE_TRAIL,2026-03-12T09:36:00Z,,2.0252512076212934,37.35,10.439439214542665,1773308160000
FIRST,2026-03-12T09:38:00Z,111.54623815159472,,37.383,2.9838760439663674,1773308280000
FULL_CLOSE_TRAIL,2026-03-12T09:44:00Z,,0.7549206391234913,37.636,2.9838760439663674,1773308640000
FIRST,2026-03-12T09:46:00Z,111.6491176620991,,37.561,2.972474579007457,1773308760000
DCA,2026-03-12T09:50:00Z,111.32809040756631,,37.453,2.972474579007457,1773309000000
FULL_CLOSE_TRAIL,2026-03-12T10:20:00Z,,1.7121453575082968,37.795,5.944949158014914,1773310800000
FIRST,2026-03-12T10:22:00Z,111.88724759438068,,37.793,2.9605283410785246,1773310920000
DCA,2026-03-12T11:00:00Z,111.48757626833508,,37.658,2.9605283410785246,1773313200000
DCA,2026-03-12T11:10:00Z,166.79172594385244,,37.559,4.440792511617786,1773313800000
DCA,2026-03-12T11:56:00Z,303.9367210801446,,37.332,8.141452937965942,1773316560000
FULL_CLOSE_TRAIL,2026-03-12T13:12:00Z,,4.766450629136486,37.77,18.503302131740778,1773321120000
FIRST,2026-03-12T13:14:00Z,112.53844185565032,,37.718,2.983679989809913,1773321240000
FULL_CLOSE_TRAIL,2026-03-12T13:36:00Z,,0.608670717921203,37.922,2.983679989809913,1773322560000
FIRST,2026-03-12T13:38:00Z,112.61777432616339,,37.843,2.9759208922697296,1773322680000
DCA,2026-03-12T13:48:00Z,112.01366238503262,,37.64,2.9759208922697296,1773323280000
DCA,2026-03-12T13:54:00Z,167.74373293456784,,37.578,4.463881338404594,1773323640000
DCA,2026-03-12T14:04:00Z,305.7297449068845,,37.358,8.183782453741756,1773324240000
FULL_CLOSE_TRAIL,2026-03-12T17:52:00Z,,4.9005977293451215,37.797,18.599505576685807,1773337920000
FIRST,2026-03-12T17:54:00Z,113.28978112871185,,37.721,3.0033610224732077,1773338040000
DCA,2026-03-12T18:02:00Z,112.87832066863305,,37.584,3.0033610224732077,1773338520000
DCA,2026-03-12T18:06:00Z,168.56964410835374,,37.418,4.505041533709812,1773338760000
DCA,2026-03-12T18:38:00Z,307.1447216852676,,37.188,8.259242811801322,1773340680000
FULL_CLOSE_TRAIL,2026-03-13T00:24:00Z,,6.122351444311684,37.718,18.77100639045755,1773361440000
FIRST,2026-03-13T00:26:00Z,114.15656637687161,,37.797,3.0202546862680006,1773361560000
DCA,2026-03-13T00:28:00Z,113.64312308020607,,37.627,3.0202546862680006,1773361680000
DCA,2026-03-13T00:42:00Z,170.14755787825098,,37.557,4.530382029402001,1773362520000
FULL_CLOSE_TRAIL,2026-03-13T01:22:00Z,,2.731820363729435,37.904,10.570891401938002,1773364920000
FIRST,2026-03-13T01:24:00Z,114.52976752986558,,37.992,3.0145758983434825,1773365040000
FULL_CLOSE_TRAIL,2026-03-13T01:42:00Z,,0.6330609386521339,38.202,3.0145758983434825,1773366120000
FIRST,2026-03-13T01:44:00Z,114.61268187237005,,38.27,2.994844052060884,1773366240000
DCA,2026-03-13T01:48:00Z,114.19939339318563,,38.132,2.994844052060884,1773366480000
DCA,2026-03-13T02:14:00Z,170.88580161059403,,38.04,4.492266078091326,1773368040000
FULL_CLOSE_TRAIL,2026-03-13T03:20:00Z,,2.6728983164643445,38.387,10.481954182213094,1773372000000
FIRST,2026-03-13T03:22:00Z,114.97618011083885,,38.404,2.9938594966888563,1773372120000
DCA,2026-03-13T03:30:00Z,114.56003364079909,,38.265,2.9938594966888563,1773372600000
DCA,2026-03-13T03:40:00Z,171.215830756139,,38.126,4.490789245033285,1773373200000
DCA,2026-03-13T04:14:00Z,312.47959417765435,,37.954,8.233113615894355,1773375240000
FULL_CLOSE_TRAIL,2026-03-14T13:32:00Z,,3.7789991496955517,38.319,18.711621854305353,1773495120000
FIRST,2026-03-14T13:34:00Z,115.46640059266849,,38.281,3.0162848565259135,1773495240000
DCA,2026-03-14T13:36:00Z,115.15572325244632,,38.178,3.0162848565259135,1773495360000
DCA,2026-03-14T13:40:00Z,171.91918796740748,,37.998,4.52442728478887,1773495600000
DCA,2026-03-14T14:18:00Z,313.7916543365321,,37.83,8.294783355446262,1773497880000
FULL_CLOSE_TRAIL,2026-03-14T16:16:00Z,,4.408300317812646,38.232,18.85178035328696,1773504960000
FIRST,2026-03-14T16:18:00Z,116.05676270490925,,38.633,3.0040836255250496,1773505080000
DCA,2026-03-14T16:26:00Z,115.41689289267241,,38.42,3.0040836255250496,1773505560000
DCA,2026-03-14T16:30:00Z,172.9090453179708,,38.372,4.506125438287574,1773505800000
DCA,2026-03-14T17:22:00Z,315.38071534212185,,38.176,8.261229970193886,1773508920000
FULL_CLOSE_TRAIL,2026-03-16T07:06:00Z,,6.154616327794354,38.663,18.77552265953156,1773644760000
FIRST,2026-03-16T07:08:00Z,116.9258468014489,,38.687,3.0223549719918554,1773644880000
FULL_CLOSE_TRAIL,2026-03-16T07:20:00Z,,0.6800298686981717,38.912,3.0223549719918554,1773645600000
FIRST,2026-03-16T07:22:00Z,117.01588904256289,,38.949,3.0043361586321318,1773645720000
FULL_CLOSE_TRAIL,2026-03-16T07:26:00Z,,0.6699669633749623,39.172,3.0043361586321318,1773645960000
FIRST,2026-03-16T07:28:00Z,117.10430761709898,,39.185,2.988498344190353,1773646080000
DCA,2026-03-16T07:36:00Z,116.67097535719138,,39.04,2.988498344190353,1773646560000
DCA,2026-03-16T07:44:00Z,174.54025729409338,,38.936,4.48274751628553,1773647040000
DCA,2026-03-16T07:54:00Z,318.16599346670966,,38.714,8.21837044652347,1773647640000
FULL_CLOSE_TRAIL,2026-03-16T08:10:00Z,,5.7565949354967305,39.203,18.67811465118971,1773648600000
FIRST,2026-03-16T08:12:00Z,117.90866523378605,,39.089,3.0164154937139873,1773648720000
DCA,2026-03-16T08:16:00Z,117.05200323357127,,38.805,3.0164154937139873,1773648960000
DCA,2026-03-16T08:16:00Z,175.5780048503569,,38.805,4.524623240570981,1773648960000
FULL_CLOSE_TRAIL,2026-03-16T09:06:00Z,,4.31649057150474,39.295,10.557454227998956,1773651960000
FIRST,2026-03-16T09:08:00Z,118.53327221825026,,39.173,3.0258921251436,1773652080000
FULL_CLOSE_TRAIL,2026-03-16T09:16:00Z,,0.6505668069058629,39.388,3.0258921251436,1773652560000
FIRST,2026-03-16T09:18:00Z,118.6183455384557,,39.287,3.0192772555414185,1773652680000
DCA,2026-03-16T09:22:00Z,118.24999371327965,,39.165,3.0192772555414185,1773652920000
DCA,2026-03-16T09:38:00Z,176.80887608450547,,39.04,4.528915883312128,1773653880000
FULL_CLOSE_TRAIL,2026-03-16T11:06:00Z,,3.4631110121059807,39.474,10.567470394394965,1773659160000
FIRST,2026-03-16T11:08:00Z,119.1059778970579,,39.376,3.0248369031150424,1773659280000
DCA,2026-03-16T11:12:00Z,118.73694779487786,,39.254,3.0248369031150424,1773659520000
DCA,2026-03-16T11:26:00Z,177.55187653904673,,39.132,4.537255354672563,1773660360000
FULL_CLOSE_TRAIL,2026-03-16T11:50:00Z,,2.9265297037638067,39.513,10.586929160902649,1773661800000
FIRST,2026-03-16T11:52:00Z,119.50752535892683,,39.497,3.0257367739050265,1773661920000
DCA,2026-03-16T12:06:00Z,119.0113045280064,,39.333,3.0257367739050265,1773662760000
DCA,2026-03-16T12:36:00Z,177.7544711249855,,39.165,4.538605160857539,1773664560000
FULL_CLOSE_TRAIL,2026-03-16T13:00:00Z,,2.172479003663798,39.513,10.590078708667592,1773666000000
FIRST,2026-03-16T13:02:00Z,119.78834447303085,,39.534,3.030008207442476,1773666120000
DCA,2026-03-16T13:06:00Z,119.21870293003165,,39.346,3.030008207442476,1773666360000
DCA,2026-03-16T13:08:00Z,178.45536338553208,,39.264,4.545012311163714,1773666480000
FULL_CLOSE_TRAIL,2026-03-16T13:24:00Z,,2.422491561850298,39.593,10.605028726048666,1773667440000
FIRST,2026-03-16T13:26:00Z,120.10895533787574,,39.571,3.035277231757493,1773667560000
DCA,2026-03-16T13:44:00Z,119.43815906965736,,39.35,3.035277231757493,1773668640000
DCA,2026-03-16T13:52:00Z,178.77479367328456,,39.266,4.552915847636239,1773669120000
DCA,2026-03-16T14:00:00Z,326.36818434472445,,39.1,8.347012387333105,1773669600000
FULL_CLOSE_TRAIL,2026-03-16T19:56:00Z,,3.9420663047450604,39.463,18.970482698484332,1773690960000
FIRST,2026-03-16T19:58:00Z,120.6202201665425,,39.575,3.0478893282765,1773691080000
DCA,2026-03-16T20:02:00Z,120.26666500446241,,39.459,3.0478893282765,1773691320000
FULL_CLOSE_TRAIL,2026-03-16T20:26:00Z,,1.4934657708554693,39.762,6.095778656553,1773692760000
FIRST,2026-03-16T20:28:00Z,120.82051331099032,,39.724,3.0414991770967257,1773692880000
FULL_CLOSE_TRAIL,2026-03-16T20:38:00Z,,3.1570761458264127,40.762,3.0414991770967257,1773693480000
FIRST,2026-03-16T20:40:00Z,121.30606164610111,,40.283,3.0113462663183257,1773693600000
DCA,2026-03-16T20:42:00Z,120.96879086427346,,40.171,3.0113462663183257,1773693720000
FULL_CLOSE_TRAIL,2026-03-16T20:48:00Z,,1.324992357180078,40.447,6.022692532636651,1773694080000
FIRST,2026-03-16T20:50:00Z,121.47919044745971,,40.272,3.016467780280585,1773694200000
FULL_CLOSE_TRAIL,2026-03-16T20:58:00Z,,0.8053968973349253,40.539,3.016467780280585,1773694680000
FIRST,2026-03-16T21:00:00Z,121.58855284880994,,40.425,3.007756409370685,1773694800000
FULL_CLOSE_TRAIL,2026-03-16T21:10:00Z,,0.8662338458987687,40.713,3.007756409370685,1773695400000
FIRST,2026-03-16T21:12:00Z,121.70762679699024,,40.675,2.992197339815372,1773695520000
DCA,2026-03-16T21:18:00Z,121.3485631162124,,40.555,2.992197339815372,1773695880000
FULL_CLOSE_TRAIL,2026-03-16T21:36:00Z,,1.7713808251707177,40.911,5.984394679630744,1773696960000
FIRST,2026-03-16T21:38:00Z,121.95201702816541,,40.852,2.985215338983781,1773697080000
FULL_CLOSE_TRAIL,2026-03-16T21:44:00Z,,1.0537810146612794,41.205,2.985215338983781,1773697440000
FIRST,2026-03-16T21:46:00Z,122.10102536530555,,41.185,2.9646965003109274,1773697560000
DCA,2026-03-16T21:48:00Z,121.60592104975362,,41.018,2.9646965003109274,1773697680000
DCA,2026-03-16T21:52:00Z,182.0442239050922,,40.936,4.447044750466391,1773697920000
FULL_CLOSE_TRAIL,2026-03-16T22:10:00Z,,2.951355366059496,41.315,10.376437751088247,1773699000000
FIRST,2026-03-16T22:12:00Z,122.50488592819458,,41.396,2.959341142337293,1773699120000
DCA,2026-03-16T22:18:00Z,122.12017157969072,,41.266,2.959341142337293,1773699480000
DCA,2026-03-16T22:22:00Z,182.47445450708864,,41.107,4.4390117135059395,1773699720000
DCA,2026-03-16T23:08:00Z,332.94955324208416,,40.912,8.138188141427555,1773702480000
FULL_CLOSE_TRAIL,2026-03-17T06:28:00Z,,4.200784751547806,41.32,18.49588213960808,1773728880000
FIRST,2026-03-17T06:30:00Z,123.05506757522095,,41.359,2.975291171818007,1773729000000
DCA,2026-03-17T06:44:00Z,122.63257622882278,,41.217,2.975291171818007,1773729840000
DCA,2026-03-17T06:52:00Z,183.42670074258012,,41.1,4.46293675772701,1773730320000
FULL_CLOSE_TRAIL,2026-03-17T08:04:00Z,,2.4218870138598256,41.44,10.413519101363024,1773734640000
FIRST,2026-03-17T08:06:00Z,123.37371745134995,,41.325,2.9854499080786434,1773734760000
DCA,2026-03-17T08:18:00Z,123.06323066090975,,41.221,2.9854499080786434,1773735480000
DCA,2026-03-17T08:38:00Z,183.12600463658998,,40.893,4.478174862117966,1773736680000
DCA,2026-03-17T08:40:00Z,334.7704399924906,,40.776,8.209987247216269,1773736800000
FULL_CLOSE_TRAIL,2026-03-17T11:18:00Z,,6.192569471832129,41.295,18.65906192549152,1773746280000
FIRST,2026-03-17T11:20:00Z,124.24173981844673,,41.271,3.010388403926407,1773746400000
FULL_CLOSE_TRAIL,2026-03-17T11:42:00Z,,0.7134620517305641,41.508,3.010388403926407,1773747720000
FIRST,2026-03-17T11:44:00Z,124.33595799138853,,41.498,2.996191575290099,1773747840000
DCA,2026-03-17T12:04:00Z,123.99139596023018,,41.383,2.996191575290099,1773749040000
DCA,2026-03-17T12:12:00Z,185.32193941063085,,41.235,4.4942873629351485,1773749520000
DCA,2026-03-17T13:16:00Z,337.6558095773177,,40.98,8.239526832047773,1773753360000
FULL_CLOSE_TRAIL,2026-03-17T20:38:00Z,,7.217825504873841,41.574,18.72619734556312,1773779880000
FIRST,2026-03-17T20:40:00Z,125.3668238296576,,41.608,3.013046140878139,1773780000000
DCA,2026-03-17T20:48:00Z,125.0233365695975,,41.494,3.013046140878139,1773780480000
FULL_CLOSE_TRAIL,2026-03-17T20:56:00Z,,1.331766394268138,41.772,6.026092281756278,1773780960000
FIRST,2026-03-17T20:58:00Z,125.5397374857651,,41.838,3.0006151700789974,1773781080000
FULL_CLOSE_TRAIL,2026-03-17T21:24:00Z,,0.6781390284378507,42.064,3.0006151700789974,1773782640000
FIRST,2026-03-17T21:26:00Z,125.62809912119516,,41.858,3.0012924440058093,1773782760000
DCA,2026-03-17T21:42:00Z,125.30996212213056,,41.752,3.0012924440058093,1773783720000
DCA,2026-03-17T22:20:00Z,187.29865626062653,,41.604,4.501938666008714,1773786000000
DCA,2026-03-17T22:58:00Z,341.44128456920987,,41.369,8.253554221015975,1773788280000
FULL_CLOSE_TRAIL,2026-03-18T01:40:00Z,,6.0228436120087165,41.886,18.758077775036305,1773798000000
FIRST,2026-03-18T01:42:00Z,126.46652379129587,,42.011,3.0103192923590454,1773798120000
DCA,2026-03-18T01:44:00Z,126.09625451833568,,41.888,3.0103192923590454,1773798240000
DCA,2026-03-18T03:00:00Z,188.33611104750514,,41.709,4.515478938538568,1773802800000
FULL_CLOSE_TRAIL,2026-03-18T03:34:00Z,,4.104570355131511,42.236,10.536117523256658,1773804840000
FIRST,2026-03-18T03:36:00Z,127.05238286019134,,42.11,3.0171546630299537,1773804960000
DCA,2026-03-18T03:38:00Z,126.56963811410657,,41.95,3.0171546630299537,1773805080000
DCA,2026-03-18T04:30:00Z,189.27516347585808,,41.822,4.52573199454493,1773808200000
DCA,2026-03-18T05:28:00Z,344.3742617949102,,41.505,8.297175323332374,1773811680000
FULL_CLOSE_TRAIL,2026-03-18T06:54:00Z,,6.3722306483192845,42.087,18.857216643937214,1773816840000
FIRST,2026-03-18T06:56:00Z,127.94546655407136,,42.003,3.046103053450262,1773816960000
DCA,2026-03-18T07:00:00Z,127.49768940521417,,41.856,3.046103053450262,1773817200000
DCA,2026-03-18T07:26:00Z,190.68452809445967,,41.733,4.569154580175393,1773818760000
DCA,2026-03-18T08:38:00Z,347.5527431410413,,41.49,8.37678339698822,1773823080000
FULL_CLOSE_TRAIL,2026-03-18T13:32:00Z,,6.073929488579864,42.008,19.038144084064136,1773840720000
FIRST,2026-03-18T13:34:00Z,128.7898204895339,,41.734,3.0859687662225976,1773840840000
FULL_CLOSE_TRAIL,2026-03-18T13:36:00Z,,1.252903319086371,42.14,3.0859687662225976,1773840960000
FIRST,2026-03-18T13:38:00Z,128.96957841704386,,42.571,3.0295172398356596,1773841080000
DCA,2026-03-18T13:40:00Z,128.22128765880444,,42.324,3.0295172398356596,1773841200000
DCA,2026-03-18T13:42:00Z,191.81842831605454,,42.211,4.54427585975349,1773841320000
DCA,2026-03-18T13:44:00Z,349.41770202885533,,41.941,8.331172409548063,1773841440000
FULL_CLOSE_TRAIL,2026-03-18T16:54:00Z,,5.587944548876891,42.463,18.934482748972872,1773852840000
FIRST,2026-03-18T16:56:00Z,129.7354541898729,,42.438,3.0570586311766084,1773852960000
FULL_CLOSE_TRAIL,2026-03-18T17:06:00Z,,0.7673217164253215,42.689,3.0570586311766084,1773853560000
FIRST,2026-03-18T17:08:00Z,129.83740660609325,,42.833,3.0312470900028776,1773853680000
DCA,2026-03-18T17:14:00Z,129.13718852830257,,42.602,3.0312470900028776,1773854040000
DCA,2026-03-18T17:18:00Z,193.36931436546354,,42.528,4.546870635004316,1773854280000
FULL_CLOSE_TRAIL,2026-03-18T17:28:00Z,,6.447462560436138,43.244,10.609364815010071,1773854880000
FIRST,2026-03-18T17:30:00Z,130.79610979323823,,43.218,3.026426715563844,1773855000000
DCA,2026-03-18T17:32:00Z,130.43293858737056,,43.098,3.026426715563844,1773855120000
FULL_CLOSE_TRAIL,2026-03-18T17:36:00Z,,1.3618920220037385,43.383,6.052853431127688,1773855360000
FIRST,2026-03-18T17:38:00Z,130.9721069176562,,43.1,3.038795984168357,1773855480000
FULL_CLOSE_TRAIL,2026-03-18T17:44:00Z,,1.0028026747755525,43.43,3.038795984168357,1773855840000
FIRST,2026-03-18T17:46:00Z,131.1115195842995,,43.409,3.020376410060114,1773855960000
FULL_CLOSE_TRAIL,2026-03-18T17:52:00Z,,0.8759091589174305,43.699,3.020376410060114,1773856320000
FIRST,2026-03-18T17:54:00Z,131.23061713386008,,43.44,3.020962641203041,1773856440000
DCA,2026-03-18T18:02:00Z,130.6687180825963,,43.254,3.020962641203041,1773856920000
DCA,2026-03-18T18:20:00Z,194.10440210389837,,42.835,4.531443961804561,1773858000000
DCA,2026-03-18T18:20:00Z,355.85807052381375,,42.835,8.307647263308363,1773858000000
FULL_CLOSE_TRAIL,2026-04-13T17:10:00Z,,7.064521136453267,43.373,18.881016507519007,1776100200000
FIRST,2026-04-13T17:12:00Z,132.23047746474663,,43.435,3.0443300901288506,1776100320000
DCA,2026-04-13T17:22:00Z,131.4785279324848,,43.188,3.0443300901288506,1776100920000
DCA,2026-04-13T17:50:00Z,197.071664054401,,43.156,4.566495135193276,1776102600000
FULL_CLOSE_TRAIL,2026-04-13T18:18:00Z,,2.4415527322832937,43.474,10.655155315450976,1776104280000
FIRST,2026-04-13T18:20:00Z,132.5472056705811,,43.52,3.045661895004161,1776104400000
FULL_CLOSE_TRAIL,2026-04-13T19:00:00Z,,0.7370501785909989,43.762,3.045661895004161,1776106800000
FIRST,2026-04-13T19:02:00Z,132.64386718223406,,43.68,3.0367185710218423,1776106920000
DCA,2026-04-13T19:12:00Z,132.3007179837086,,43.567,3.0367185710218423,1776107520000
FULL_CLOSE_TRAIL,2026-04-13T19:16:00Z,,1.7521866154795975,43.912,6.073437142043685,1776107760000
FIRST,2026-04-13T19:18:00Z,132.881685732155,,43.889,3.0276763137040033,1776107880000
DCA,2026-04-13T19:28:00Z,132.51230922188313,,43.767,3.0276763137040033,1776108480000
DCA,2026-04-13T19:42:00Z,198.08269514777072,,43.616,4.541514470556005,1776109320000
DCA,2026-04-13T20:12:00Z,360.54553538389223,,43.303,8.326109862686009,1776111120000
FULL_CLOSE_TRAIL,2026-04-13T22:14:00Z,,4.331090966753556,43.775,18.92297696065002,1776118440000
FIRST,2026-04-13T22:16:00Z,133.4424702434805,,44.025,3.031061220749131,1776118560000
DCA,2026-04-13T22:18:00Z,132.95750044816066,,43.865,3.031061220749131,1776118680000
FULL_CLOSE_TRAIL,2026-04-13T22:50:00Z,,1.727704895826984,44.23,6.062122441498262,1776120600000
FIRST,2026-04-13T22:52:00Z,133.6761408151105,,44.29,3.018201418268469,1776120720000
DCA,2026-04-13T23:38:00Z,133.29886563782694,,44.165,3.018201418268469,1776123480000
FULL_CLOSE_TRAIL,2026-04-14T00:18:00Z,,2.3451425019946037,44.616,6.036402836536938,1776125880000
FIRST,2026-04-14T00:20:00Z,134.008460002997,,44.557,3.0075736697487936,1776126000000
FULL_CLOSE_TRAIL,2026-04-14T01:58:00Z,,0.7308404017489418,44.8,3.0075736697487936,1776131880000
FIRST,2026-04-14T02:00:00Z,134.10389464644422,,44.775,2.995061856983679,1776132000000
DCA,2026-04-14T02:34:00Z,133.63966005861175,,44.62,2.995061856983679,1776134040000
DCA,2026-04-14T03:12:00Z,199.84849746909296,,44.484,4.4925927854755185,1776136320000
FULL_CLOSE_TRAIL,2026-04-14T05:00:00Z,,2.6940581403568182,44.863,10.482716499442876,1776142800000
FIRST,2026-04-14T05:02:00Z,134.4599136959022,,44.865,2.996989049278997,1776142920000
DCA,2026-04-14T05:10:00Z,134.10626898808727,,44.747,2.996989049278997,1776143400000
DCA,2026-04-14T05:54:00Z,200.31874805380815,,44.56,4.495483573918495,1776146040000
FULL_CLOSE_TRAIL,2026-04-14T08:36:00Z,,5.0289476246901375,45.18,10.489461672476489,1776155760000
FIRST,2026-04-14T08:38:00Z,135.1891214111246,,45.016,3.003134916721268,1776155880000
DCA,2026-04-14T09:12:00Z,134.75666998311672,,44.872,3.003134916721268,1776157920000
DCA,2026-04-14T11:40:00Z,201.53137485641412,,44.738,4.5047023750819015,1776166800000
FULL_CLOSE_TRAIL,2026-04-14T13:36:00Z,,2.6938120202990046,45.112,10.510972208524437,1776173760000
FIRST,2026-04-14T13:38:00Z,135.54447948281074,,45.022,3.010627681640326,1776173880000
DCA,2026-04-14T13:48:00Z,135.02966214925024,,44.851,3.010627681640326,1776174480000
DCA,2026-04-14T13:54:00Z,201.81742663875923,,44.69,4.515941522460489,1776174840000
DCA,2026-04-14T14:00:00Z,366.4965028537238,,44.267,8.279226124510895,1776175200000
FULL_CLOSE_TRAIL,2026-04-15T16:16:00Z,,4.990868039239223,44.848,18.816423010252038,1776269760000
FIRST,2026-04-15T16:18:00Z,136.20839700826593,,44.909,3.032986639833128,1776269880000
DCA,2026-04-15T16:32:00Z,135.6381955199773,,44.721,3.032986639833128,1776270720000
DCA,2026-04-15T16:40:00Z,203.02054320383002,,44.625,4.549479959749692,1776271200000
DCA,2026-04-15T17:02:00Z,369.6770930893808,,44.322,8.340713259541102,1776272520000
FULL_CLOSE_TRAIL,2026-04-15T19:10:00Z,,4.729942664819746,44.802,18.956166498957053,1776280200000
FIRST,2026-04-15T19:12:00Z,136.8296823626125,,44.827,3.0523943686307917,1776280320000
FULL_CLOSE_TRAIL,2026-04-15T19:36:00Z,,1.6574501421665178,45.37,3.0523943686307917,1776281760000
FIRST,2026-04-15T19:38:00Z,137.07284904016976,,45.095,3.0396462809661773,1776281880000
DCA,2026-04-15T19:50:00Z,136.41628544348106,,44.879,3.0396462809661773,1776282600000
DCA,2026-04-15T19:52:00Z,204.26878955034857,,44.801,4.559469421449266,1776282720000
DCA,2026-04-15T20:08:00Z,372.07702196050786,,44.512,8.359027272656988,1776283680000
FULL_CLOSE_TRAIL,2026-04-16T03:26:00Z,,7.80125218009966,45.144,18.997789256038608,1776309960000
FIRST,2026-04-16T03:28:00Z,138.1844516974522,,45.058,3.066812812318616,1776310080000
DCA,2026-04-16T03:36:00Z,137.8379018496602,,44.945,3.066812812318616,1776310560000
FULL_CLOSE_TRAIL,2026-04-16T05:30:00Z,,1.4506024602267023,45.238,6.133625624637232,1776317400000
FIRST,2026-04-16T05:32:00Z,138.3722684663241,,45.243,3.058423810674007,1776317520000
FULL_CLOSE_TRAIL,2026-04-16T05:44:00Z,,0.8318912765033252,45.515,3.058423810674007,1776318240000
FIRST,2026-04-16T05:46:00Z,138.48316495630792,,45.536,3.0411798347748573,1776318360000
DCA,2026-04-16T06:04:00Z,138.04523506010034,,45.392,3.0411798347748573,1776319440000
DCA,2026-04-16T07:32:00Z,206.44745190385643,,45.256,4.561769752162286,1776324720000
DCA,2026-04-16T08:14:00Z,376.38782077611677,,45.005,8.363244545630858,1776327240000
FULL_CLOSE_TRAIL,2026-05-15T01:14:00Z,,4.863606850763722,45.468,19.007373967342858,1778807640000
FIRST,2026-05-15T01:16:00Z,139.12345477625064,,45.555,3.053966738585241,1778807760000
FULL_CLOSE_TRAIL,2026-05-15T01:36:00Z,,1.084158192197751,45.91,3.053966738585241,1778808960000
FIRST,2026-05-15T01:38:00Z,139.27457360158272,,45.957,3.0305410188128623,1778809080000
FULL_CLOSE_TRAIL,2026-05-15T01:48:00Z,,0.8879485185121664,46.25,3.0305410188128623,1778809680000
FIRST,2026-05-15T01:50:00Z,139.39429039688693,,46.38,3.005482759743142,1778809800000
DCA,2026-05-15T01:56:00Z,138.8623199484124,,46.203,3.005482759743142,1778810160000
DCA,2026-05-15T02:00:00Z,207.30617883604296,,45.984,4.508224139614713,1778810400000
DCA,2026-05-15T02:06:00Z,377.9206727704517,,45.725,8.26507758929364,1778810760000
FULL_CLOSE_TRAIL,2026-05-15T02:50:00Z,,5.2888982864579575,46.25,18.784267248394634,1778813400000
FIRST,2026-05-15T02:52:00Z,140.101933656945,,46.392,3.019958907935527,1778813520000
FULL_CLOSE_TRAIL,2026-05-15T03:02:00Z,,1.1747640151869074,46.781,3.019958907935527,1778814120000
FIRST,2026-05-15T03:04:00Z,140.26738560886858,,46.728,3.0017844891471617,1778814240000
DCA,2026-05-15T03:18:00Z,139.42688595190737,,46.448,3.0017844891471617,1778815080000
DCA,2026-05-15T03:18:00Z,209.14032892786102,,46.448,4.502676733720742,1778815080000
FULL_CLOSE_TRAIL,2026-05-15T04:14:00Z,,2.8576988336680604,46.8,10.506245712015065,1778818440000
FIRST,2026-05-15T04:16:00Z,140.64617527027062,,46.852,3.001924683477133,1778818560000
DCA,2026-05-15T04:22:00Z,139.99175568927262,,46.634,3.001924683477133,1778818920000
DCA,2026-05-15T04:30:00Z,209.60488813676557,,46.549,4.502887025215699,1778819400000
DCA,2026-05-15T04:58:00Z,382.0962309305325,,46.285,8.255292879562116,1778821080000
FULL_CLOSE_TRAIL,2026-05-17T19:54:00Z,,4.823342485176969,46.752,18.762029271732082,1779047640000
FIRST,2026-05-17T19:56:00Z,141.27794995249582,,46.689,3.0259365150784086,1779047760000
FULL_CLOSE_TRAIL,2026-05-17T20:04:00Z,,0.8865993989179715,46.982,3.0259365150784086,1779048240000
FIRST,2026-05-17T20:06:00Z,141.3971304563784,,46.971,3.01030700765107,1779048360000
DCA,2026-05-17T20:10:00Z,140.53919295919786,,46.686,3.01030700765107,1779048600000
DCA,2026-05-17T20:10:00Z,210.8087894387968,,46.686,4.515460511476605,1779048600000
DCA,2026-05-17T20:20:00Z,383.5770817986589,,46.335,8.278344271040442,1779049200000
FULL_CLOSE_TRAIL,2026-05-17T21:56:00Z,,6.281005571463987,46.911,18.814418797819187,1779054960000
FIRST,2026-05-17T21:58:00Z,142.2613773162224,,47.05,3.023621196944153,1779055080000
DCA,2026-05-17T22:00:00Z,141.741314470348,,46.878,3.023621196944153,1779055200000
DCA,2026-05-17T22:02:00Z,210.6209171473343,,46.439,4.53543179541623,1779055320000
DCA,2026-05-17T22:02:00Z,386.13834810344616,,46.439,8.31495829159642,1779055320000
FULL_CLOSE_TRAIL,2026-05-18T01:00:00Z,,5.083463137362321,46.876,18.897632480900956,1779066000000
FIRST,2026-05-18T01:02:00Z,142.93340282802342,,46.855,3.050547493928576,1779066120000
DCA,2026-05-18T01:08:00Z,142.5032756313795,,46.714,3.050547493928576,1779066480000
DCA,2026-05-18T01:14:00Z,212.73908113159104,,46.492,4.575821240892864,1779066840000
DCA,2026-05-18T01:18:00Z,387.86567429991624,,46.235,8.389005608303584,1779067080000
FULL_CLOSE_TRAIL,2026-05-18T21:10:00Z,,6.319971770546597,46.804,19.0659218370536,1779138600000
FIRST,2026-05-18T21:12:00Z,143.80232608414667,,47.207,3.046207682846753,1779138720000
FULL_CLOSE_TRAIL,2026-05-18T21:16:00Z,,0.9351857586339597,47.514,3.046207682846753,1779138960000
FIRST,2026-05-18T21:18:00Z,143.92887261849395,,47.268,3.0449537238405253,1779139080000
DCA,2026-05-18T21:20:00Z,143.24984793807752,,47.045,3.0449537238405253,1779139200000
DCA,2026-05-18T21:28:00Z,214.0891738463654,,46.873,4.567430585760788,1779139680000
FULL_CLOSE_TRAIL,2026-05-18T21:32:00Z,,5.307354340654053,47.533,10.657338033441839,1779139920000
FIRST,2026-05-18T21:34:00Z,144.69742186154687,,47.542,3.0435703559283764,1779140040000
DCA,2026-05-18T21:38:00Z,144.04305423502225,,47.327,3.0435703559283764,1779140280000
DCA,2026-05-18T21:56:00Z,215.46195442205956,,47.195,4.565355533892564,1779141360000
DCA,2026-05-18T22:02:00Z,393.15548340481496,,46.973,8.369818478803035,1779141720000
FULL_CLOSE_TRAIL,2026-05-18T22:26:00Z,,5.384075959637319,47.457,19.022314724552352,1779143160000
FIRST,2026-05-18T22:28:00Z,145.41486602278434,,47.472,3.0631712593272735,1779143280000
DCA,2026-05-18T22:40:00Z,145.0319696153684,,47.347,3.0631712593272735,1779144000000
DCA,2026-05-18T22:46:00Z,216.38548093013796,,47.094,4.5947568889909105,1779144360000
FULL_CLOSE_TRAIL,2026-05-18T23:12:00Z,,2.795143774136087,47.535,10.721099407645458,1779145920000
FIRST,2026-05-18T23:14:00Z,145.78077224449328,,47.491,3.0696505073486193,1779146040000
DCA,2026-05-18T23:20:00Z,145.258931658244,,47.321,3.0696505073486193,1779146400000
DCA,2026-05-18T23:34:00Z,217.27600221114997,,47.188,4.604475761022929,1779147240000
FULL_CLOSE_TRAIL,2026-05-18T23:44:00Z,,3.066580856841256,47.598,10.743776775720168,1779147840000
FIRST,2026-05-18T23:46:00Z,146.18984934214112,,47.582,3.0723771456042437,1779147960000
FULL_CLOSE_TRAIL,2026-05-19T00:04:00Z,,1.0753320009614897,47.932,3.0723771456042437,1779149040000
FIRST,2026-05-19T00:06:00Z,146.33842605984012,,47.957,3.0514508009224954,1779149160000
FULL_CLOSE_TRAIL,2026-05-19T00:12:00Z,,1.016133116707186,48.29,3.0514508009224954,1779149520000
FIRST,2026-05-19T00:14:00Z,146.47751191969436,,48.352,3.029399237253772,1779149640000
DCA,2026-05-19T00:18:00Z,145.68683871877116,,48.091,3.029399237253772,1779149880000
DCA,2026-05-19T00:34:00Z,218.07130409371277,,47.99,4.544098855880658,1779150840000
DCA,2026-05-19T00:42:00Z,398.1228904100814,,47.789,8.330847902447873,1779151320000
FULL_CLOSE_TRAIL,2026-05-19T07:28:00Z,,6.766163196406255,48.333,18.933745232836074,1779175680000
FIRST,2026-05-19T07:30:00Z,147.4142193708409,,48.274,3.0536980438919685,1779175800000
DCA,2026-05-19T07:36:00Z,146.93784247599376,,48.118,3.0536980438919685,1779176160000
DCA,2026-05-19T07:52:00Z,219.5593625068106,,47.933,4.580547065837953,1779177120000
DCA,2026-05-19T08:22:00Z,400.199343444218,,47.656,8.397669620702914,1779178920000
FULL_CLOSE_TRAIL,2026-05-19T09:08:00Z,,7.189932044343612,48.272,19.085612774324805,1779181680000
FIRST,2026-05-19T09:10:00Z,148.41777558052468,,48.2,3.079206962251549,1779181800000
DCA,2026-05-19T09:16:00Z,147.9836073988472,,48.059,3.079206962251549,1779182160000
DCA,2026-05-19T09:26:00Z,221.29182715265097,,47.911,4.618810443377324,1779182760000
DCA,2026-05-19T09:48:00Z,403.034320082143,,47.596,8.46781914619176,1779184080000
FULL_CLOSE_TRAIL,2026-05-19T10:34:00Z,,6.229235684634845,48.166,19.24504351407218,1779186840000
FIRST,2026-05-19T10:36:00Z,149.2666385463772,,48.332,3.088360476420947,1779186960000
DCA,2026-05-19T10:38:00Z,148.71073366062143,,48.152,3.088360476420947,1779187080000
DCA,2026-05-19T10:44:00Z,221.6392779508257,,47.844,4.63254071463142,1779187440000
FULL_CLOSE_TRAIL,2026-05-19T11:02:00Z,,2.9679144178404817,48.346,10.809261667473315,1779188520000
FIRST,2026-05-19T11:04:00Z,149.658128756053,,48.372,3.0938999577452453,1779188640000
DCA,2026-05-19T11:06:00Z,149.2682973613771,,48.246,3.0938999577452453,1779188760000
FULL_CLOSE_TRAIL,2026-05-19T11:10:00Z,,1.9553447732949885,48.625,6.187799915490491,1779189000000
FIRST,2026-05-19T11:12:00Z,149.92299926401955,,48.563,3.0871857023664013,1779189120000
DCA,2026-05-19T11:14:00Z,149.4197879945338,,48.4,3.0871857023664013,1779189240000
DCA,2026-05-19T11:20:00Z,223.09238759580563,,48.176,4.630778553549602,1779189600000
DCA,2026-05-19T11:28:00Z,407.508512712365,,48.0,8.489760681507605,1779190080000
FULL_CLOSE_TRAIL,2026-05-19T17:16:00Z,,7.634610241952075,48.592,19.29491063979001,1779210960000
FIRST,2026-05-19T17:18:00Z,150.99513514390185,,48.755,3.0970184625966946,1779211080000
DCA,2026-05-19T17:28:00Z,150.4624479683352,,48.583,3.0970184625966946,1779211680000
DCA,2026-05-19T17:34:00Z,225.06652571382702,,48.448,4.645527693895042,1779212040000
DCA,2026-05-19T18:30:00Z,410.4331460102426,,48.191,8.51680077214091,1779215400000
FULL_CLOSE_TRAIL,2026-05-19T19:50:00Z,,5.504176062649906,48.69,19.35636539122934,1779220200000
FIRST,2026-05-19T19:52:00Z,151.72544981906702,,48.733,3.113402618740218,1779220320000
DCA,2026-05-19T20:04:00Z,150.6388723051267,,48.384,3.113402618740218,1779221040000
DCA,2026-05-19T20:04:00Z,225.9583084576901,,48.384,4.670103928110327,1779221040000
DCA,2026-05-19T20:50:00Z,411.4229241053901,,48.053,8.561857201535599,1779223800000
FULL_CLOSE_TRAIL,2026-05-20T06:24:00Z,,4.997011203078117,48.551,19.458766367126362,1779258240000
FIRST,2026-05-20T06:26:00Z,152.3742125619133,,48.563,3.1376606173818193,1779258360000
DCA,2026-05-20T06:36:00Z,151.91297645115816,,48.416,3.1376606173818193,1779258960000
FULL_CLOSE_TRAIL,2026-05-20T09:22:00Z,,1.7602276063512226,48.77,6.275321234763639,1779268920000
FIRST,2026-05-20T09:24:00Z,152.60702221047893,,48.755,3.1300794218127153,1779269040000
FULL_CLOSE_TRAIL,2026-05-20T10:14:00Z,,0.8294710467803713,49.02,3.1300794218127153,1779272040000
FIRST,2026-05-20T10:16:00Z,152.71525409672637,,49.069,3.1122552751579686,1779272160000
FULL_CLOSE_TRAIL,2026-05-20T10:20:00Z,,1.0021461986008522,49.391,3.1122552751579686,1779272400000
FIRST,2026-05-20T10:22:00Z,152.85108287615114,,49.292,3.100930838191819,1779272520000
FULL_CLOSE_TRAIL,2026-05-20T10:30:00Z,,0.8527559805027458,49.567,3.100930838191819,1779273000000
FIRST,2026-05-20T10:32:00Z,152.96299943929296,,49.523,3.088726439014053,1779273120000
DCA,2026-05-20T10:40:00Z,152.45953702973364,,49.36,3.088726439014053,1779273600000
FULL_CLOSE_TRAIL,2026-05-20T10:54:00Z,,1.7389529851648975,49.723,6.177452878028106,1779274440000
FIRST,2026-05-20T10:56:00Z,153.19222519484546,,49.599,3.08861519778313,1779274560000
FULL_CLOSE_TRAIL,2026-05-20T11:06:00Z,,0.824660257808105,49.866,3.08861519778313,1779275160000
FIRST,2026-05-20T11:08:00Z,153.29959410724297,,49.813,3.0775017386474004,1779275280000
DCA,2026-05-20T11:30:00Z,152.60100121257,,49.586,3.0775017386474004,1779276600000
DCA,2026-05-20T11:40:00Z,227.66896237252672,,49.319,4.6162526079711,1779277200000
FULL_CLOSE_TRAIL,2026-05-20T12:06:00Z,,4.013062267196183,49.909,10.7712560852659,1779278760000
FIRST,2026-05-20T12:08:00Z,153.85599189578224,,49.963,3.0793985928743717,1779278880000
DCA,2026-05-20T12:14:00Z,153.30477954765772,,49.784,3.0793985928743717,1779279240000
DCA,2026-05-20T12:22:00Z,229.07030252673877,,49.592,4.619097889311558,1779279720000
FULL_CLOSE_TRAIL,2026-05-20T12:42:00Z,,3.364242962715233,50.065,10.7778950750603,1779280920000
FIRST,2026-05-20T12:44:00Z,154.3082046585444,,50.188,3.0746035836961902,1779281040000
DCA,2026-05-20T12:50:00Z,153.78552204931606,,50.018,3.0746035836961902,1779281400000
DCA,2026-05-20T13:00:00Z,229.87119963325384,,49.843,4.611905375544286,1779282000000
FULL_CLOSE_TRAIL,2026-05-20T13:18:00Z,,4.341340260179029,50.395,10.761112542936665,1779283080000
FIRST,2026-05-20T13:20:00Z,154.91639740473767,,50.489,3.0683197806400933,1779283200000
FULL_CLOSE_TRAIL,2026-05-20T13:36:00Z,,0.9481108122178029,50.798,3.0683197806400933,1779284160000
FIRST,2026-05-20T13:38:00Z,155.04323266224276,,50.749,3.0550992662366303,1779284280000
FULL_CLOSE_TRAIL,2026-05-20T13:46:00Z,,1.9827594237875759,51.398,3.0550992662366303,1779284760000
FIRST,2026-05-20T13:48:00Z,155.33550863206892,,51.444,3.0195068158010443,1779284880000
DCA,2026-05-20T13:52:00Z,154.59874896901349,,51.2,3.0195068158010443,1779285120000
DCA,2026-05-20T13:54:00Z,230.7114572749104,,50.938,4.5292602237015664,1779285240000
FULL_CLOSE_TRAIL,2026-05-20T14:02:00Z,,2.9968605146825356,51.441,10.568273855303655,1779285720000
FIRST,2026-05-20T14:04:00Z,155.72826325119678,,51.49,3.024437041196286,1779285840000
DCA,2026-05-20T14:06:00Z,155.01147167243326,,51.253,3.024437041196286,1779285960000
DCA,2026-05-20T14:08:00Z,231.88661238556045,,51.114,4.536655561794429,1779286080000
DCA,2026-05-20T14:24:00Z,423.1958652079109,,50.882,8.317201863289787,1779287040000
FULL_CLOSE_TRAIL,2026-05-20T14:56:00Z,,7.328210950818612,51.482,18.902731507476787,1779288960000
FIRST,2026-05-20T14:58:00Z,156.74565919244898,,51.37,3.051307362126708,1779289080000
FULL_CLOSE_TRAIL,2026-05-20T15:18:00Z,,0.9306487454486452,51.675,3.051307362126708,1779290280000
FIRST,2026-05-20T15:20:00Z,156.86940923435034,,51.52,3.0448254897971725,1779290400000
FULL_CLOSE_TRAIL,2026-05-20T15:24:00Z,,0.8799545665513657,51.809,3.0448254897971725,1779290640000
FIRST,2026-05-20T15:26:00Z,156.98503246315576,,51.603,3.0421687200968113,1779290760000
DCA,2026-05-20T15:30:00Z,156.3613878755359,,51.398,3.0421687200968113,1779291000000
DCA,2026-05-20T15:40:00Z,233.8073980674005,,51.237,4.563253080145217,1779291600000
FULL_CLOSE_TRAIL,2026-05-20T16:06:00Z,,3.635391620515658,51.729,10.64759052033884,1779293160000
FIRST,2026-05-20T16:08:00Z,157.47885968016365,,51.735,3.043952057217815,1779293280000
DCA,2026-05-20T16:16:00Z,156.92790435780725,,51.554,3.043952057217815,1779293760000
DCA,2026-05-20T16:18:00Z,234.64304433063526,,51.39,4.565928085826722,1779293880000
FULL_CLOSE_TRAIL,2026-05-20T17:14:00Z,,5.482157655049248,52.05,10.653832200262352,1779297240000
FIRST,2026-05-20T17:16:00Z,158.26771836302015,,52.11,3.037185153771256,1779297360000
DCA,2026-05-20T17:22:00Z,157.7270994056489,,51.932,3.037185153771256,1779297720000
DCA,2026-05-20T18:26:00Z,235.85716889383755,,51.771,4.555777730656884,1779301560000
DCA,2026-05-20T18:46:00Z,429.5566892607532,,51.43,8.352259172870955,1779302760000
FULL_CLOSE_TRAIL,2026-05-20T19:20:00Z,,10.118382339788969,52.234,18.982407211070353,1779304800000
FIRST,2026-05-20T19:22:00Z,159.72882467865145,,52.322,3.052804263572712,1779304920000
FULL_CLOSE_TRAIL,2026-05-20T19:28:00Z,,0.9036300620175209,52.618,3.052804263572712,1779305280000
FIRST,2026-05-20T19:30:00Z,159.8477765862207,,52.692,3.033625153462019,1779305400000
DCA,2026-05-20T19:50:00Z,159.4321699401964,,52.555,3.033625153462019,1779306600000
FULL_CLOSE_TRAIL,2026-05-20T19:58:00Z,,1.8232087172306706,52.924,6.067250306924038,1779307080000
FIRST,2026-05-20T20:00:00Z,160.08825933283603,,52.826,3.03048232561307,1779307200000
DCA,2026-05-20T20:04:00Z,159.53065058492325,,52.642,3.03048232561307,1779307440000
DCA,2026-05-20T20:08:00Z,238.06863053551155,,52.372,4.545723488419605,1779307680000
DCA,2026-05-20T20:22:00Z,434.1590198966308,,52.096,8.333826395435942,1779308520000
FULL_CLOSE_TRAIL,2026-05-20T21:44:00Z,,5.769280727385889,52.671,18.940514535081686,1779313440000
FIRST,2026-05-20T21:46:00Z,160.8521872571036,,52.805,3.0461544788770683,1779313560000
DCA,2026-05-20T22:08:00Z,160.36175638600437,,52.644,3.0461544788770683,1779314880000
FULL_CLOSE_TRAIL,2026-05-20T22:16:00Z,,2.1048927449040615,53.07,6.0923089577541365,1779315360000
FIRST,2026-05-20T22:18:00Z,161.13740747388573,,53.297,3.0233860718968373,1779315480000
FULL_CLOSE_TRAIL,2026-05-20T22:30:00Z,,1.7142599027655072,53.864,3.0233860718968373,1779316200000
FIRST,2026-05-20T22:32:00Z,161.3857699323402,,53.801,2.9996797444720396,1779316320000
FULL_CLOSE_TRAIL,2026-05-20T22:36:00Z,,1.427847558368688,54.277,2.9996797444720396,1779316560000
FIRST,2026-05-20T22:38:00Z,161.58828959068535,,54.086,2.9876176753815287,1779316680000
DCA,2026-05-20T22:40:00Z,160.80852137741078,,53.825,2.9876176753815287,1779316800000
DCA,2026-05-20T22:52:00Z,240.50023525053766,,53.666,4.481426513072293,1779317520000
FULL_CLOSE_TRAIL,2026-05-20T23:02:00Z,,5.297046138451471,54.338,10.45666186383535,1779318120000
FIRST,2026-05-20T23:04:00Z,162.3453296817515,,54.014,3.005615760390852,1779318240000
DCA,2026-05-20T23:12:00Z,161.8854704704117,,53.861,3.005615760390852,1779318720000
FULL_CLOSE_TRAIL,2026-05-20T23:36:00Z,,1.9506446284936656,54.262,6.011231520781704,1779320160000
FIRST,2026-05-20T23:38:00Z,162.60539984271588,,54.524,2.982272024112609,1779320280000
DCA,2026-05-20T23:46:00Z,162.15209449505076,,54.372,2.982272024112609,1779320760000
FULL_CLOSE_TRAIL,2026-05-20T23:58:00Z,,1.7595404942264494,54.743,5.964544048225218,1779321480000
FIRST,2026-05-21T00:00:00Z,162.83482435945854,,54.805,2.971167308812308,1779321600000
FULL_CLOSE_TRAIL,2026-05-21T00:12:00Z,,1.2270920985394946,55.218,2.971167308812308,1779322320000
FIRST,2026-05-21T00:14:00Z,163.0050073559595,,55.393,2.942700473994178,1779322440000
DCA,2026-05-21T00:18:00Z,162.26933223746096,,55.143,2.942700473994178,1779322680000
FULL_CLOSE_TRAIL,2026-05-21T00:36:00Z,,1.76562028439649,55.568,5.885400947988356,1779323760000
FIRST,2026-05-21T00:38:00Z,163.23532145750522,,55.914,2.9193998186054517,1779323880000
FULL_CLOSE_TRAIL,2026-05-21T00:40:00Z,,0.9254497424979287,56.231,2.9193998186054517,1779324000000
FIRST,2026-05-21T00:42:00Z,163.3572017288923,,56.326,2.900209525421516,1779324120000
DCA,2026-05-21T00:44:00Z,162.2522218997067,,55.945,2.900209525421516,1779324240000
DCA,2026-05-21T00:44:00Z,243.37833284956005,,55.945,4.350314288132274,1779324240000
FULL_CLOSE_TRAIL,2026-05-21T00:54:00Z,,3.4831516400312217,56.397,10.150733338975305,1779324840000
FIRST,2026-05-21T00:56:00Z,163.8231892981296,,56.33,2.9082760393774114,1779324960000
DCA,2026-05-21T01:02:00Z,163.33750719955356,,56.163,2.9082760393774114,1779325320000
FULL_CLOSE_TRAIL,2026-05-21T01:10:00Z,,2.480759461588957,56.673,5.816552078754823,1779325800000
FIRST,2026-05-21T01:12:00Z,164.16756663978728,,56.905,2.884940983038174,1779325920000
DCA,2026-05-21T01:16:00Z,163.691551377586,,56.74,2.884940983038174,1779326160000
DCA,2026-05-21T01:32:00Z,242.9235705357464,,56.136,4.327411474557261,1779327120000
DCA,2026-05-21T01:32:00Z,445.35987931553507,,56.136,7.933587703354978,1779327120000
FULL_CLOSE_TRAIL,2026-05-21T01:46:00Z,,7.885264941889032,56.793,18.030881143988587,1779327960000
FIRST,2026-05-21T01:48:00Z,165.2659953984352,,56.62,2.9188625114524056,1779328080000
DCA,2026-05-21T01:54:00Z,164.48957797038886,,56.354,2.9188625114524056,1779328440000
DCA,2026-05-21T02:02:00Z,245.8893562585178,,56.161,4.378293767178608,1779328920000
DCA,2026-05-21T02:04:00Z,448.9108382425899,,55.926,8.026871906494115,1779329040000
FULL_CLOSE_TRAIL,2026-05-21T03:24:00Z,,5.948641798339982,56.488,18.242890696577533,1779333840000
FIRST,2026-05-21T03:26:00Z,166.05337327196656,,56.522,2.9378538139479593,1779333960000
FULL_CLOSE_TRAIL,2026-05-21T03:56:00Z,,0.8637290213007119,56.816,2.9378538139479593,1779335760000
FIRST,2026-05-21T03:58:00Z,166.16493227732946,,56.835,2.923637411407222,1779335880000
DCA,2026-05-21T04:00:00Z,165.3258483402556,,56.548,2.923637411407222,1779336000000
DCA,2026-05-21T04:04:00Z,247.74757242394227,,56.493,4.385456117110833,1779336240000
DCA,2026-05-21T04:40:00Z,451.671281869596,,56.178,8.04000288136986,1779338400000
FULL_CLOSE_TRAIL,2026-05-21T06:26:00Z,,5.501554698915566,56.719,18.272733821295134,1779344760000
FIRST,2026-05-21T06:28:00Z,166.87979536319423,,56.643,2.9461680236427137,1779344880000
DCA,2026-05-21T06:32:00Z,166.39956997534046,,56.48,2.9461680236427137,1779345120000
DCA,2026-05-21T06:42:00Z,248.8038895966272,,56.3,4.419252035464071,1779345720000
FULL_CLOSE_TRAIL,2026-05-21T07:06:00Z,,3.0993687608721547,56.75,10.311588082749498,1779347160000
FIRST,2026-05-21T07:08:00Z,167.28231309464329,,57.049,2.9322567108037525,1779347280000
FULL_CLOSE_TRAIL,2026-05-21T07:26:00Z,,1.213954278272758,57.463,2.9322567108037525,1779348360000
FIRST,2026-05-21T07:28:00Z,167.4496834927295,,57.432,2.9156164419266175,1779348480000
FULL_CLOSE_TRAIL,2026-05-21T07:44:00Z,,1.1487528781190826,57.826,2.9156164419266175,1779349440000
FIRST,2026-05-21T07:46:00Z,167.60660010363947,,58.047,2.8874291540241437,1779349560000
FULL_CLOSE_TRAIL,2026-05-21T08:00:00Z,,1.2271573904602733,58.472,2.8874291540241437,1779350400000
FIRST,2026-05-21T08:02:00Z,167.77603005750527,,58.596,2.8632676301710913,1779350520000
DCA,2026-05-21T08:14:00Z,167.2005132638409,,58.395,2.8632676301710913,1779351240000
FULL_CLOSE_TRAIL,2026-05-21T08:46:00Z,,1.9727913971879025,58.84,5.726535260342183,1779353160000
FIRST,2026-05-21T08:48:00Z,168.03792261081213,,58.58,2.868520358668695,1779353280000
DCA,2026-05-21T08:52:00Z,167.02820344456077,,58.228,2.868520358668695,1779353520000
DCA,2026-05-21T08:52:00Z,250.54230516684115,,58.228,4.302780538003042,1779353520000
FULL_CLOSE_TRAIL,2026-05-21T09:20:00Z,,4.441903775398476,58.771,10.039821255340431,1779355200000
FIRST,2026-05-21T09:22:00Z,168.6545745135783,,58.878,2.8644752626376286,1779355320000
DCA,2026-05-21T09:32:00Z,168.19912294681893,,58.719,2.8644752626376286,1779355920000
DCA,2026-05-21T09:44:00Z,250.87217573943482,,58.387,4.2967128939564425,1779356640000
DCA,2026-05-21T09:52:00Z,458.3568607945131,,58.187,7.8773069722534785,1779357120000
FULL_CLOSE_TRAIL,2026-05-21T13:24:00Z,,8.366416123348925,58.898,17.902970391485177,1779369840000
FIRST,2026-05-21T13:26:00Z,169.82515854258511,,59.08,2.8744948974709734,1779369960000
DCA,2026-05-21T13:36:00Z,169.14677774678196,,58.844,2.8744948974709734,1779370560000
DCA,2026-05-21T13:38:00Z,252.59049012546683,,58.582,4.31174234620646,1779370680000
FULL_CLOSE_TRAIL,2026-05-21T13:52:00Z,,4.576195876773765,59.254,10.060732141148407,1779371520000
FIRST,2026-05-21T13:54:00Z,170.4623337989724,,59.452,2.867226229546061,1779371640000
DCA,2026-05-21T13:56:00Z,169.77993395634044,,59.214,2.867226229546061,1779371760000
FULL_CLOSE_TRAIL,2026-05-21T14:02:00Z,,3.142479947582493,59.881,5.734452459092122,1779372120000
FIRST,2026-05-21T14:04:00Z,170.91044042934888,,59.72,2.8618626997546697,1779372240000
DCA,2026-05-21T14:06:00Z,168.77835271803164,,58.975,2.8618626997546697,1779372360000
DCA,2026-05-21T14:06:00Z,253.16752907704745,,58.975,4.292794049632004,1779372360000
FULL_CLOSE_TRAIL,2026-05-21T14:20:00Z,,4.42873252787037,59.63,10.016519449141343,1779373200000
FIRST,2026-05-21T14:22:00Z,171.52382632364998,,59.473,2.8840621176609553,1779373320000
FULL_CLOSE_TRAIL,2026-05-21T14:30:00Z,,5.208616184495698,61.279,2.8840621176609553,1779373800000
FIRST,2026-05-21T14:32:00Z,172.32934441166276,,61.599,2.797599707976798,1779373920000
FULL_CLOSE_TRAIL,2026-05-21T14:34:00Z,,1.035111891951428,61.969,2.797599707976798,1779374040000
FIRST,2026-05-21T14:36:00Z,172.46730681031775,,61.572,2.8010671540686958,1779374160000
DCA,2026-05-21T14:38:00Z,171.73622828310582,,61.311,2.8010671540686958,1779374280000
DCA,2026-05-21T14:40:00Z,255.44051804814066,,60.796,4.201600731103044,1779374400000
DCA,2026-05-21T14:40:00Z,468.3076164215912,,60.796,7.7029346736889135,1779374400000
FULL_CLOSE_TRAIL,2026-05-21T15:02:00Z,,13.57537196219391,61.778,17.50666971292935,1779375720000
FIRST,2026-05-21T15:04:00Z,174.4674080273817,,61.776,2.824193991637233,1779375840000
FULL_CLOSE_TRAIL,2026-05-21T15:16:00Z,,1.5815486353168369,62.336,2.824193991637233,1779376560000
FIRST,2026-05-21T15:18:00Z,174.69241449985722,,62.174,2.809734205614199,1779376680000
DCA,2026-05-21T15:20:00Z,173.70619779368664,,61.823,2.809734205614199,1779376800000
DCA,2026-05-21T15:34:00Z,258.9071729776288,,61.431,4.214601308421299,1779377640000
DCA,2026-05-21T15:34:00Z,474.66315045898614,,61.431,7.726769065439048,1779377640000
